use AgencijaDogadjaji
set identity_insert Drzava off
insert into Drzava (DrzavaID, Naziv) values (1, 'Germany');
insert into Drzava (DrzavaID, Naziv) values (2, 'Austria');
insert into Drzava (DrzavaID, Naziv) values (3, 'France');
insert into Drzava (DrzavaID, Naziv) values (4, 'Italy');
insert into Drzava (DrzavaID, Naziv) values (5, 'Sweden');
insert into Drzava (DrzavaID, Naziv) values (6, 'Poland');
insert into Drzava (DrzavaID, Naziv) values (7, 'Norwegian');
insert into Drzava (DrzavaID, Naziv) values (8, 'Spain');
insert into Drzava (DrzavaID, Naziv) values (9, 'Portugal');
insert into Drzava (DrzavaID, Naziv) values (10, 'Croatia');
set identity_insert Grad off
insert into Grad (GradID, Naziv, DrzavaID) values (1, 'Huibu', 5);
insert into Grad (GradID, Naziv, DrzavaID) values (2, 'Berģi', 3);
insert into Grad (GradID, Naziv, DrzavaID) values (3, 'Saint-Marcellin', 5);
insert into Grad (GradID, Naziv, DrzavaID) values (4, 'Shanyang', 9);
insert into Grad (GradID, Naziv, DrzavaID) values (5, 'Dafang', 2);
insert into Grad (GradID, Naziv, DrzavaID) values (6, 'Wa', 5);
insert into Grad (GradID, Naziv, DrzavaID) values (7, 'Girang', 2);
insert into Grad (GradID, Naziv, DrzavaID) values (8, 'Taiping', 9);
insert into Grad (GradID, Naziv, DrzavaID) values (9, 'Port Saint Lucie', 10);
insert into Grad (GradID, Naziv, DrzavaID) values (10, 'Ketara', 6);
insert into Grad (GradID, Naziv, DrzavaID) values (11, 'Soure', 2);
insert into Grad (GradID, Naziv, DrzavaID) values (12, 'Guandiping', 4);
insert into Grad (GradID, Naziv, DrzavaID) values (13, 'Tebluru', 10);
insert into Grad (GradID, Naziv, DrzavaID) values (14, 'Turt', 3);
insert into Grad (GradID, Naziv, DrzavaID) values (15, 'Ticrapo', 7);
insert into Grad (GradID, Naziv, DrzavaID) values (16, 'Labuhankananga', 9);
insert into Grad (GradID, Naziv, DrzavaID) values (17, 'El Cafetal', 7);
insert into Grad (GradID, Naziv, DrzavaID) values (18, 'Weru', 6);
insert into Grad (GradID, Naziv, DrzavaID) values (19, 'Balakasap', 10);
insert into Grad (GradID, Naziv, DrzavaID) values (20, 'Lanxi', 6);
select * from Grad
insert into Klijenti (KlijentID, Email, BrojTelefona, BrojRacuna, GradID) values (1, 'smussotti0@ameblo.jp', '532-914-3462', 110722, 20);
insert into Klijenti (KlijentID, Email, BrojTelefona, BrojRacuna, GradID) values (2, 'cmyrtle1@home.pl', '927-108-9739', 122058, 20);
insert into Klijenti (KlijentID, Email, BrojTelefona, BrojRacuna, GradID) values (3, 'bkynoch2@freewebs.com', '701-442-6379', 103700, 14);
insert into Klijenti (KlijentID, Email, BrojTelefona, BrojRacuna, GradID) values (4, 'mrodear3@xrea.com', '296-311-9985', 109300, 12);
insert into Klijenti (KlijentID, Email, BrojTelefona, BrojRacuna, GradID) values (5, 'dminall4@alexa.com', '270-930-0788', 118228, 9);
insert into Klijenti (KlijentID, Email, BrojTelefona, BrojRacuna, GradID) values (6, 'lashburner5@marketwatch.com', '885-461-6001', 109892, 5);
insert into Klijenti (KlijentID, Email, BrojTelefona, BrojRacuna, GradID) values (7, 'jlafontaine6@samsung.com', '684-250-3295', 104918, 20);
insert into Klijenti (KlijentID, Email, BrojTelefona, BrojRacuna, GradID) values (8, 'hdrohane7@topsy.com', '334-226-5491', 121232, 10);
insert into Klijenti (KlijentID, Email, BrojTelefona, BrojRacuna, GradID) values (9, 'hgrisard8@nasa.gov', '654-398-6800', 114142, 13);
insert into Klijenti (KlijentID, Email, BrojTelefona, BrojRacuna, GradID) values (10, 'kstreight9@booking.com', '438-172-0826', 107387, 3);
insert into Klijenti (KlijentID, Email, BrojTelefona, BrojRacuna, GradID) values (11, 'aklesela@booking.com', '565-452-2153', 116668, 12);
insert into Klijenti (KlijentID, Email, BrojTelefona, BrojRacuna, GradID) values (12, 'fleavyb@w3.org', '613-899-1895', 121613, 20);
insert into Klijenti (KlijentID, Email, BrojTelefona, BrojRacuna, GradID) values (13, 'lelphinstonc@home.pl', '695-177-2845', 115785, 5);
insert into Klijenti (KlijentID, Email, BrojTelefona, BrojRacuna, GradID) values (14, 'abyattd@youtu.be', '747-622-9261', 104283, 14);
insert into Klijenti (KlijentID, Email, BrojTelefona, BrojRacuna, GradID) values (15, 'nhandese@godaddy.com', '940-894-1578', 119590, 1);
insert into Klijenti (KlijentID, Email, BrojTelefona, BrojRacuna, GradID) values (16, 'mbesterf@sohu.com', '815-814-4172', 103770, 3);
insert into Klijenti (KlijentID, Email, BrojTelefona, BrojRacuna, GradID) values (17, 'mgiorgeschig@jalbum.net', '113-599-4118', 101949, 19);
insert into Klijenti (KlijentID, Email, BrojTelefona, BrojRacuna, GradID) values (18, 'bnuschkeh@cbsnews.com', '631-142-8715', 115711, 6);
insert into Klijenti (KlijentID, Email, BrojTelefona, BrojRacuna, GradID) values (19, 'rstrangwardi@vinaora.com', '555-730-1734', 118900, 18);
insert into Klijenti (KlijentID, Email, BrojTelefona, BrojRacuna, GradID) values (20, 'sclayworthj@cargocollective.com', '521-234-0998', 103987, 19);
insert into Klijenti (KlijentID, Email, BrojTelefona, BrojRacuna, GradID) values (21, 'gdodridgek@fda.gov', '729-639-3341', 104978, 7);
insert into Klijenti (KlijentID, Email, BrojTelefona, BrojRacuna, GradID) values (22, 'rchasonl@vistaprint.com', '107-370-1491', 116008, 12);
insert into Klijenti (KlijentID, Email, BrojTelefona, BrojRacuna, GradID) values (23, 'fhadcroftm@google.com.hk', '405-349-2891', 123330, 18);
insert into Klijenti (KlijentID, Email, BrojTelefona, BrojRacuna, GradID) values (24, 'lfudgern@ehow.com', '915-989-8081', 120472, 15);
insert into Klijenti (KlijentID, Email, BrojTelefona, BrojRacuna, GradID) values (25, 'dlampetto@gmpg.org', '672-954-5973', 115182, 1);
insert into Klijenti (KlijentID, Email, BrojTelefona, BrojRacuna, GradID) values (26, 'knicholsonp@tripod.com', '758-606-2666', 123076, 13);
insert into Klijenti (KlijentID, Email, BrojTelefona, BrojRacuna, GradID) values (27, 'nmaugerq@cisco.com', '991-370-4636', 104487, 6);
insert into Klijenti (KlijentID, Email, BrojTelefona, BrojRacuna, GradID) values (28, 'mduganr@smugmug.com', '402-869-5592', 100237, 10);
insert into Klijenti (KlijentID, Email, BrojTelefona, BrojRacuna, GradID) values (29, 'thollyars@pbs.org', '935-386-9419', 109475, 13);
insert into Klijenti (KlijentID, Email, BrojTelefona, BrojRacuna, GradID) values (30, 'gnuemannt@timesonline.co.uk', '568-349-7782', 111992, 16);
insert into Klijenti (KlijentID, Email, BrojTelefona, BrojRacuna, GradID) values (31, 'gbrownsallu@mail.ru', '728-406-8539', 106384, 16);
insert into Klijenti (KlijentID, Email, BrojTelefona, BrojRacuna, GradID) values (32, 'bloughranv@123-reg.co.uk', '670-281-9312', 121231, 1);
insert into Klijenti (KlijentID, Email, BrojTelefona, BrojRacuna, GradID) values (33, 'dtaffleyw@technorati.com', '735-713-7495', 114412, 7);
insert into Klijenti (KlijentID, Email, BrojTelefona, BrojRacuna, GradID) values (34, 'sbeechamx@dailymotion.com', '715-144-0197', 110561, 6);
insert into Klijenti (KlijentID, Email, BrojTelefona, BrojRacuna, GradID) values (35, 'eshepherdy@state.tx.us', '180-140-8513', 100268, 7);
insert into Klijenti (KlijentID, Email, BrojTelefona, BrojRacuna, GradID) values (36, 'rcumberledgez@i2i.jp', '242-167-3255', 103480, 2);
insert into Klijenti (KlijentID, Email, BrojTelefona, BrojRacuna, GradID) values (37, 'cdoveston10@privacy.gov.au', '990-135-6606', 100791, 17);
insert into Klijenti (KlijentID, Email, BrojTelefona, BrojRacuna, GradID) values (38, 'caskew11@oracle.com', '296-565-7529', 116879, 13);
insert into Klijenti (KlijentID, Email, BrojTelefona, BrojRacuna, GradID) values (39, 'rsutherel12@ca.gov', '867-394-7879', 114114, 20);
insert into Klijenti (KlijentID, Email, BrojTelefona, BrojRacuna, GradID) values (40, 'marrell13@wired.com', '463-307-8736', 119844, 11);
insert into Klijenti (KlijentID, Email, BrojTelefona, BrojRacuna, GradID) values (41, 'uasbury14@google.co.jp', '364-422-8758', 112297, 1);
insert into Klijenti (KlijentID, Email, BrojTelefona, BrojRacuna, GradID) values (42, 'gkoppke15@1und1.de', '174-401-8496', 122731, 15);
insert into Klijenti (KlijentID, Email, BrojTelefona, BrojRacuna, GradID) values (43, 'dcardero16@unicef.org', '299-769-6536', 121696, 7);
insert into Klijenti (KlijentID, Email, BrojTelefona, BrojRacuna, GradID) values (44, 'icraighall17@scientificamerican.com', '962-567-7148', 101972, 16);
insert into Klijenti (KlijentID, Email, BrojTelefona, BrojRacuna, GradID) values (45, 'aneilly18@ed.gov', '841-578-7732', 114812, 14);
insert into Klijenti (KlijentID, Email, BrojTelefona, BrojRacuna, GradID) values (46, 'dlahive19@chron.com', '929-486-3425', 113245, 1);
insert into Klijenti (KlijentID, Email, BrojTelefona, BrojRacuna, GradID) values (47, 'csinnocke1a@fda.gov', '484-265-5472', 113407, 16);
insert into Klijenti (KlijentID, Email, BrojTelefona, BrojRacuna, GradID) values (48, 'olanbertoni1b@nytimes.com', '413-853-0407', 108675, 9);
insert into Klijenti (KlijentID, Email, BrojTelefona, BrojRacuna, GradID) values (49, 'cblood1c@ucla.edu', '541-659-2429', 104788, 10);
insert into Klijenti (KlijentID, Email, BrojTelefona, BrojRacuna, GradID) values (50, 'ekirk1d@nydailynews.com', '185-343-5209', 114364, 10);
insert into Klijenti (KlijentID, Email, BrojTelefona, BrojRacuna, GradID) values (51, 'eoxby1e@timesonline.co.uk', '542-719-3157', 115671, 15);
insert into Klijenti (KlijentID, Email, BrojTelefona, BrojRacuna, GradID) values (52, 'rkippins1f@sitemeter.com', '925-623-7052', 110016, 12);
insert into Klijenti (KlijentID, Email, BrojTelefona, BrojRacuna, GradID) values (53, 'atrebble1g@wsj.com', '840-788-9338', 114347, 20);
insert into Klijenti (KlijentID, Email, BrojTelefona, BrojRacuna, GradID) values (54, 'bgapp1h@ehow.com', '813-304-5448', 114137, 16);
insert into Klijenti (KlijentID, Email, BrojTelefona, BrojRacuna, GradID) values (55, 'astriker1i@bloglines.com', '591-970-5504', 119748, 10);
insert into Klijenti (KlijentID, Email, BrojTelefona, BrojRacuna, GradID) values (56, 'nbrosel1j@altervista.org', '254-270-9169', 107821, 16);
insert into Klijenti (KlijentID, Email, BrojTelefona, BrojRacuna, GradID) values (57, 'aladbrooke1k@imgur.com', '153-493-7480', 116131, 15);
insert into Klijenti (KlijentID, Email, BrojTelefona, BrojRacuna, GradID) values (58, 'agoor1l@e-recht24.de', '931-277-1529', 112007, 12);
insert into Klijenti (KlijentID, Email, BrojTelefona, BrojRacuna, GradID) values (59, 'cfrankowski1m@dagondesign.com', '777-218-5785', 119442, 19);
insert into Klijenti (KlijentID, Email, BrojTelefona, BrojRacuna, GradID) values (60, 'wkestian1n@irs.gov', '923-995-7028', 103952, 19);
insert into Klijenti (KlijentID, Email, BrojTelefona, BrojRacuna, GradID) values (61, 'mstreat1o@trellian.com', '119-117-6291', 119201, 15);
insert into Klijenti (KlijentID, Email, BrojTelefona, BrojRacuna, GradID) values (62, 'ddayly1p@home.pl', '696-343-4832', 103029, 6);
insert into Klijenti (KlijentID, Email, BrojTelefona, BrojRacuna, GradID) values (63, 'smountain1q@studiopress.com', '103-181-1940', 104186, 2);
insert into Klijenti (KlijentID, Email, BrojTelefona, BrojRacuna, GradID) values (64, 'cribeiro1r@phpbb.com', '319-694-1767', 115155, 7);
insert into Klijenti (KlijentID, Email, BrojTelefona, BrojRacuna, GradID) values (65, 'gharlowe1s@gnu.org', '834-121-6006', 109926, 8);
insert into Klijenti (KlijentID, Email, BrojTelefona, BrojRacuna, GradID) values (66, 'cpaal1t@meetup.com', '205-435-9204', 106701, 3);
insert into Klijenti (KlijentID, Email, BrojTelefona, BrojRacuna, GradID) values (67, 'bcullabine1u@sitemeter.com', '474-537-9522', 109423, 20);
insert into Klijenti (KlijentID, Email, BrojTelefona, BrojRacuna, GradID) values (68, 'obromhead1v@loc.gov', '996-151-4860', 114865, 19);
insert into Klijenti (KlijentID, Email, BrojTelefona, BrojRacuna, GradID) values (69, 'mjoanaud1w@sohu.com', '635-273-2614', 117340, 7);
insert into Klijenti (KlijentID, Email, BrojTelefona, BrojRacuna, GradID) values (70, 'hkyttor1x@nih.gov', '210-664-1000', 115185, 20);
insert into Klijenti (KlijentID, Email, BrojTelefona, BrojRacuna, GradID) values (71, 'rmyton1y@washingtonpost.com', '591-462-7597', 104553, 6);
insert into Klijenti (KlijentID, Email, BrojTelefona, BrojRacuna, GradID) values (72, 'cminster1z@forbes.com', '322-727-6335', 107837, 11);
insert into Klijenti (KlijentID, Email, BrojTelefona, BrojRacuna, GradID) values (73, 'lmcbrearty20@opera.com', '505-725-9431', 120328, 14);
insert into Klijenti (KlijentID, Email, BrojTelefona, BrojRacuna, GradID) values (74, 'ocrannage21@wunderground.com', '183-886-6466', 117380, 18);
insert into Klijenti (KlijentID, Email, BrojTelefona, BrojRacuna, GradID) values (75, 'udimanche22@bluehost.com', '139-786-7877', 106715, 10);
insert into Klijenti (KlijentID, Email, BrojTelefona, BrojRacuna, GradID) values (76, 'lduff23@businessinsider.com', '674-584-4136', 103234, 5);
insert into Klijenti (KlijentID, Email, BrojTelefona, BrojRacuna, GradID) values (77, 'oeveling24@hhs.gov', '401-345-4781', 118617, 1);
insert into Klijenti (KlijentID, Email, BrojTelefona, BrojRacuna, GradID) values (78, 'chacksby25@naver.com', '451-650-1094', 110287, 3);
insert into Klijenti (KlijentID, Email, BrojTelefona, BrojRacuna, GradID) values (79, 'nsmitton26@globo.com', '496-209-6940', 100076, 7);
insert into Klijenti (KlijentID, Email, BrojTelefona, BrojRacuna, GradID) values (80, 'kwillstrop27@geocities.com', '891-684-6293', 114125, 20);
insert into Klijenti (KlijentID, Email, BrojTelefona, BrojRacuna, GradID) values (81, 'ccabera28@merriam-webster.com', '308-560-3201', 101692, 1);
insert into Klijenti (KlijentID, Email, BrojTelefona, BrojRacuna, GradID) values (82, 'ggamet29@symantec.com', '219-311-3069', 113131, 13);
insert into Klijenti (KlijentID, Email, BrojTelefona, BrojRacuna, GradID) values (83, 'tmeere2a@toplist.cz', '297-296-5356', 117961, 1);
insert into Klijenti (KlijentID, Email, BrojTelefona, BrojRacuna, GradID) values (84, 'eawcock2b@acquirethisname.com', '802-333-0444', 100863, 17);
insert into Klijenti (KlijentID, Email, BrojTelefona, BrojRacuna, GradID) values (85, 'adimelow2c@wp.com', '451-557-4703', 107951, 7);
insert into Klijenti (KlijentID, Email, BrojTelefona, BrojRacuna, GradID) values (86, 'kceschi2d@economist.com', '963-354-9481', 111106, 11);
insert into Klijenti (KlijentID, Email, BrojTelefona, BrojRacuna, GradID) values (87, 'tbeevis2e@fc2.com', '581-619-1678', 119143, 14);
insert into Klijenti (KlijentID, Email, BrojTelefona, BrojRacuna, GradID) values (88, 'lelsbury2f@about.me', '514-161-1338', 102919, 3);
insert into Klijenti (KlijentID, Email, BrojTelefona, BrojRacuna, GradID) values (89, 'jthornewell2g@intel.com', '155-159-0491', 114671, 12);
insert into Klijenti (KlijentID, Email, BrojTelefona, BrojRacuna, GradID) values (90, 'ncoulthard2h@deliciousdays.com', '657-678-9476', 113972, 15);
insert into Klijenti (KlijentID, Email, BrojTelefona, BrojRacuna, GradID) values (91, 'esell2i@yelp.com', '903-867-1680', 111633, 13);
insert into Klijenti (KlijentID, Email, BrojTelefona, BrojRacuna, GradID) values (92, 'amuckeen2j@pcworld.com', '368-140-3390', 121817, 8);
insert into Klijenti (KlijentID, Email, BrojTelefona, BrojRacuna, GradID) values (93, 'kmarvell2k@amazon.co.uk', '139-165-6207', 114491, 4);
insert into Klijenti (KlijentID, Email, BrojTelefona, BrojRacuna, GradID) values (94, 'mdunbobin2l@tinypic.com', '326-661-5930', 114052, 17);
insert into Klijenti (KlijentID, Email, BrojTelefona, BrojRacuna, GradID) values (95, 'yyezafovich2m@yale.edu', '468-224-4992', 121844, 17);
insert into Klijenti (KlijentID, Email, BrojTelefona, BrojRacuna, GradID) values (96, 'hhanlin2n@multiply.com', '456-485-0090', 107476, 6);
insert into Klijenti (KlijentID, Email, BrojTelefona, BrojRacuna, GradID) values (97, 'ifergie2o@weibo.com', '976-163-3241', 122181, 4);
insert into Klijenti (KlijentID, Email, BrojTelefona, BrojRacuna, GradID) values (98, 'aslite2p@senate.gov', '270-454-6100', 101380, 5);
insert into Klijenti (KlijentID, Email, BrojTelefona, BrojRacuna, GradID) values (99, 'dsaltsberg2q@woothemes.com', '412-756-0522', 111868, 5);
insert into Klijenti (KlijentID, Email, BrojTelefona, BrojRacuna, GradID) values (100, 'twinch2r@toplist.cz', '151-224-1930', 120027, 13);
insert into Klijenti (KlijentID, Email, BrojTelefona, BrojRacuna, GradID) values (101, 'bruecastle2s@bandcamp.com', '779-654-4219', 108061, 12);
insert into Klijenti (KlijentID, Email, BrojTelefona, BrojRacuna, GradID) values (102, 'hnormand2t@howstuffworks.com', '361-539-0304', 114700, 11);
insert into Klijenti (KlijentID, Email, BrojTelefona, BrojRacuna, GradID) values (103, 'bburker2u@blogspot.com', '272-692-2075', 106741, 15);
insert into Klijenti (KlijentID, Email, BrojTelefona, BrojRacuna, GradID) values (104, 'rpopplewell2v@yellowpages.com', '887-692-6026', 121033, 5);
insert into Klijenti (KlijentID, Email, BrojTelefona, BrojRacuna, GradID) values (105, 'fgarrish2w@reddit.com', '717-385-9144', 118239, 12);
insert into Klijenti (KlijentID, Email, BrojTelefona, BrojRacuna, GradID) values (106, 'hmathias2x@goodreads.com', '655-256-5075', 115284, 19);
insert into Klijenti (KlijentID, Email, BrojTelefona, BrojRacuna, GradID) values (107, 'whardi2y@hc360.com', '959-707-1673', 112455, 2);
insert into Klijenti (KlijentID, Email, BrojTelefona, BrojRacuna, GradID) values (108, 'itreece2z@ft.com', '437-255-2086', 110099, 7);
insert into Klijenti (KlijentID, Email, BrojTelefona, BrojRacuna, GradID) values (109, 'asesons30@yahoo.co.jp', '354-119-3935', 123309, 11);
insert into Klijenti (KlijentID, Email, BrojTelefona, BrojRacuna, GradID) values (110, 'halabone31@fotki.com', '556-756-6535', 113992, 18);
insert into Klijenti (KlijentID, Email, BrojTelefona, BrojRacuna, GradID) values (111, 'rscartifield32@networkadvertising.org', '272-886-6094', 112536, 15);
insert into Klijenti (KlijentID, Email, BrojTelefona, BrojRacuna, GradID) values (112, 'aivoshin33@pen.io', '627-429-3950', 117205, 2);
insert into Klijenti (KlijentID, Email, BrojTelefona, BrojRacuna, GradID) values (113, 'mhesbrook34@yolasite.com', '332-191-9262', 120115, 1);
insert into Klijenti (KlijentID, Email, BrojTelefona, BrojRacuna, GradID) values (114, 'cspeer35@ucla.edu', '534-265-6696', 118061, 20);
insert into Klijenti (KlijentID, Email, BrojTelefona, BrojRacuna, GradID) values (115, 'eguilford36@vistaprint.com', '771-755-7617', 116702, 1);
insert into Klijenti (KlijentID, Email, BrojTelefona, BrojRacuna, GradID) values (116, 'hjeyness37@aol.com', '506-607-4414', 106372, 14);
insert into Klijenti (KlijentID, Email, BrojTelefona, BrojRacuna, GradID) values (117, 'ehaveline38@cdbaby.com', '648-459-4944', 100783, 9);
insert into Klijenti (KlijentID, Email, BrojTelefona, BrojRacuna, GradID) values (118, 'plauritsen39@elpais.com', '309-637-2849', 117537, 12);
insert into Klijenti (KlijentID, Email, BrojTelefona, BrojRacuna, GradID) values (119, 'momar3a@hubpages.com', '612-331-9011', 112390, 18);
insert into Klijenti (KlijentID, Email, BrojTelefona, BrojRacuna, GradID) values (120, 'fdibiasi3b@oakley.com', '816-823-0882', 105184, 8);
insert into Klijenti (KlijentID, Email, BrojTelefona, BrojRacuna, GradID) values (121, 'vstowers3c@squarespace.com', '624-965-6656', 115153, 20);
insert into Klijenti (KlijentID, Email, BrojTelefona, BrojRacuna, GradID) values (122, 'hpresswell3d@cisco.com', '461-692-9602', 121345, 14);
insert into Klijenti (KlijentID, Email, BrojTelefona, BrojRacuna, GradID) values (123, 'cjackman3e@imgur.com', '760-324-6246', 121518, 8);
insert into Klijenti (KlijentID, Email, BrojTelefona, BrojRacuna, GradID) values (124, 'gbaumadier3f@nymag.com', '140-799-5304', 103711, 18);
insert into Klijenti (KlijentID, Email, BrojTelefona, BrojRacuna, GradID) values (125, 'jhoulridge3g@youtu.be', '849-802-4285', 116703, 5);
insert into Klijenti (KlijentID, Email, BrojTelefona, BrojRacuna, GradID) values (126, 'amcmurty3h@g.co', '218-709-8060', 108502, 9);
insert into Klijenti (KlijentID, Email, BrojTelefona, BrojRacuna, GradID) values (127, 'mespada3i@skyrock.com', '733-487-6662', 115320, 19);
insert into Klijenti (KlijentID, Email, BrojTelefona, BrojRacuna, GradID) values (128, 'klivesey3j@ezinearticles.com', '562-697-7806', 102195, 20);
insert into Klijenti (KlijentID, Email, BrojTelefona, BrojRacuna, GradID) values (129, 'hkirrage3k@google.nl', '185-302-6788', 101221, 10);
insert into Klijenti (KlijentID, Email, BrojTelefona, BrojRacuna, GradID) values (130, 'hluty3l@wufoo.com', '833-328-0176', 114822, 6);
insert into Klijenti (KlijentID, Email, BrojTelefona, BrojRacuna, GradID) values (131, 'msaiens3m@harvard.edu', '970-153-6916', 105642, 17);
insert into Klijenti (KlijentID, Email, BrojTelefona, BrojRacuna, GradID) values (132, 'uyurenin3n@chicagotribune.com', '729-778-7313', 116295, 13);
insert into Klijenti (KlijentID, Email, BrojTelefona, BrojRacuna, GradID) values (133, 'mloidl3o@youtu.be', '521-612-9119', 122398, 3);
insert into Klijenti (KlijentID, Email, BrojTelefona, BrojRacuna, GradID) values (134, 'cmatresse3p@shinystat.com', '453-117-1453', 111166, 5);
insert into Klijenti (KlijentID, Email, BrojTelefona, BrojRacuna, GradID) values (135, 'cbutcher3q@51.la', '972-449-0065', 101658, 11);
insert into Klijenti (KlijentID, Email, BrojTelefona, BrojRacuna, GradID) values (136, 'jfeaveer3r@ustream.tv', '352-956-3110', 109361, 11);
insert into Klijenti (KlijentID, Email, BrojTelefona, BrojRacuna, GradID) values (137, 'bgunson3s@a8.net', '710-598-9454', 114891, 17);
insert into Klijenti (KlijentID, Email, BrojTelefona, BrojRacuna, GradID) values (138, 'afraschetti3t@hao123.com', '598-437-7868', 112453, 20);
insert into Klijenti (KlijentID, Email, BrojTelefona, BrojRacuna, GradID) values (139, 'tcummings3u@state.gov', '235-523-2062', 102989, 14);
insert into Klijenti (KlijentID, Email, BrojTelefona, BrojRacuna, GradID) values (140, 'tneligan3v@usgs.gov', '690-368-1786', 115433, 12);
insert into Klijenti (KlijentID, Email, BrojTelefona, BrojRacuna, GradID) values (141, 'pmcgeachy3w@wired.com', '675-330-8893', 118340, 7);
insert into Klijenti (KlijentID, Email, BrojTelefona, BrojRacuna, GradID) values (142, 'xmclardie3x@ustream.tv', '750-298-1104', 102547, 17);
insert into Klijenti (KlijentID, Email, BrojTelefona, BrojRacuna, GradID) values (143, 'obolus3y@ycombinator.com', '514-629-6436', 110057, 14);
insert into Klijenti (KlijentID, Email, BrojTelefona, BrojRacuna, GradID) values (144, 'abowers3z@sbwire.com', '366-314-7215', 103268, 4);
insert into Klijenti (KlijentID, Email, BrojTelefona, BrojRacuna, GradID) values (145, 'slayzell40@unesco.org', '271-762-3887', 116836, 16);
insert into Klijenti (KlijentID, Email, BrojTelefona, BrojRacuna, GradID) values (146, 'vmumberson41@alibaba.com', '889-404-8109', 115737, 10);
insert into Klijenti (KlijentID, Email, BrojTelefona, BrojRacuna, GradID) values (147, 'imcneil42@patch.com', '169-815-8018', 100149, 2);
insert into Klijenti (KlijentID, Email, BrojTelefona, BrojRacuna, GradID) values (148, 'vmcdyer43@hexun.com', '688-304-9254', 102936, 19);
insert into Klijenti (KlijentID, Email, BrojTelefona, BrojRacuna, GradID) values (149, 'kmacnockater44@baidu.com', '704-641-1660', 113745, 8);
insert into Klijenti (KlijentID, Email, BrojTelefona, BrojRacuna, GradID) values (150, 'ebelfield45@godaddy.com', '640-301-6991', 118374, 13);
insert into Klijenti (KlijentID, Email, BrojTelefona, BrojRacuna, GradID) values (151, 'gharwin46@imageshack.us', '806-853-7819', 104118, 1);
insert into Klijenti (KlijentID, Email, BrojTelefona, BrojRacuna, GradID) values (152, 'tkristoffersson47@youtube.com', '894-426-3566', 117838, 7);
insert into Klijenti (KlijentID, Email, BrojTelefona, BrojRacuna, GradID) values (153, 'ehanrahan48@clickbank.net', '831-745-4128', 115312, 9);
insert into Klijenti (KlijentID, Email, BrojTelefona, BrojRacuna, GradID) values (154, 'tkenner49@seattletimes.com', '511-821-6007', 109294, 13);
insert into Klijenti (KlijentID, Email, BrojTelefona, BrojRacuna, GradID) values (155, 'sthews4a@abc.net.au', '691-196-0932', 118824, 4);
insert into Klijenti (KlijentID, Email, BrojTelefona, BrojRacuna, GradID) values (156, 'hkimberley4b@timesonline.co.uk', '846-773-2474', 118888, 6);
insert into Klijenti (KlijentID, Email, BrojTelefona, BrojRacuna, GradID) values (157, 'fedson4c@mozilla.com', '823-895-9878', 118612, 14);
insert into Klijenti (KlijentID, Email, BrojTelefona, BrojRacuna, GradID) values (158, 'kclowney4d@t-online.de', '486-900-8935', 115137, 17);
insert into Klijenti (KlijentID, Email, BrojTelefona, BrojRacuna, GradID) values (159, 'tnourse4e@europa.eu', '103-300-1709', 100845, 12);
insert into Klijenti (KlijentID, Email, BrojTelefona, BrojRacuna, GradID) values (160, 'adrane4f@ezinearticles.com', '247-823-2703', 115442, 3);
insert into Klijenti (KlijentID, Email, BrojTelefona, BrojRacuna, GradID) values (161, 'sslane4g@umich.edu', '971-548-0124', 110771, 11);
insert into Klijenti (KlijentID, Email, BrojTelefona, BrojRacuna, GradID) values (162, 'astoner4h@liveinternet.ru', '735-241-5270', 118607, 15);
insert into Klijenti (KlijentID, Email, BrojTelefona, BrojRacuna, GradID) values (163, 'wblazejewski4i@weebly.com', '594-731-5820', 105658, 7);
insert into Klijenti (KlijentID, Email, BrojTelefona, BrojRacuna, GradID) values (164, 'apeto4j@uiuc.edu', '195-436-7102', 122011, 18);
insert into Klijenti (KlijentID, Email, BrojTelefona, BrojRacuna, GradID) values (165, 'rsarath4k@admin.ch', '176-131-3604', 118811, 2);
insert into Klijenti (KlijentID, Email, BrojTelefona, BrojRacuna, GradID) values (166, 'gcleghorn4l@vinaora.com', '825-982-7691', 103957, 12);
insert into Klijenti (KlijentID, Email, BrojTelefona, BrojRacuna, GradID) values (167, 'kbernat4m@jimdo.com', '471-448-0992', 121674, 3);
insert into Klijenti (KlijentID, Email, BrojTelefona, BrojRacuna, GradID) values (168, 'mmachan4n@liveinternet.ru', '677-729-9693', 112986, 19);
insert into Klijenti (KlijentID, Email, BrojTelefona, BrojRacuna, GradID) values (169, 'mgomersall4o@ebay.com', '139-727-4847', 116628, 14);
insert into Klijenti (KlijentID, Email, BrojTelefona, BrojRacuna, GradID) values (170, 'dlitchmore4p@surveymonkey.com', '713-249-7813', 118564, 13);
insert into Klijenti (KlijentID, Email, BrojTelefona, BrojRacuna, GradID) values (171, 'gjanik4q@slate.com', '318-566-5211', 117156, 17);
insert into Klijenti (KlijentID, Email, BrojTelefona, BrojRacuna, GradID) values (172, 'gsandilands4r@about.me', '234-403-1123', 111562, 17);
insert into Klijenti (KlijentID, Email, BrojTelefona, BrojRacuna, GradID) values (173, 'atomet4s@skype.com', '458-793-9171', 105136, 5);
insert into Klijenti (KlijentID, Email, BrojTelefona, BrojRacuna, GradID) values (174, 'jelfes4t@google.pl', '756-989-6922', 113205, 16);
insert into Klijenti (KlijentID, Email, BrojTelefona, BrojRacuna, GradID) values (175, 'bjinkinson4u@hud.gov', '780-464-3305', 120887, 3);
insert into Klijenti (KlijentID, Email, BrojTelefona, BrojRacuna, GradID) values (176, 'ieinchcombe4v@paypal.com', '734-737-7245', 113875, 9);
insert into Klijenti (KlijentID, Email, BrojTelefona, BrojRacuna, GradID) values (177, 'jjedrzej4w@un.org', '711-362-6691', 109226, 20);
insert into Klijenti (KlijentID, Email, BrojTelefona, BrojRacuna, GradID) values (178, 'gstammirs4x@sfgate.com', '327-425-3412', 109285, 4);
insert into Klijenti (KlijentID, Email, BrojTelefona, BrojRacuna, GradID) values (179, 'jbatrop4y@virginia.edu', '699-411-6484', 116640, 7);
insert into Klijenti (KlijentID, Email, BrojTelefona, BrojRacuna, GradID) values (180, 'rmolyneux4z@delicious.com', '634-131-0817', 120471, 3);
insert into Klijenti (KlijentID, Email, BrojTelefona, BrojRacuna, GradID) values (181, 'mmonkeman50@usda.gov', '943-634-8729', 108136, 9);
insert into Klijenti (KlijentID, Email, BrojTelefona, BrojRacuna, GradID) values (182, 'bthomerson51@elegantthemes.com', '462-840-6496', 108954, 19);
insert into Klijenti (KlijentID, Email, BrojTelefona, BrojRacuna, GradID) values (183, 'hstainfield52@cisco.com', '439-415-8041', 110357, 6);
insert into Klijenti (KlijentID, Email, BrojTelefona, BrojRacuna, GradID) values (184, 'agrishakin53@sitemeter.com', '929-227-1201', 117264, 1);
insert into Klijenti (KlijentID, Email, BrojTelefona, BrojRacuna, GradID) values (185, 'wbrunel54@usa.gov', '646-624-3375', 120827, 8);
insert into Klijenti (KlijentID, Email, BrojTelefona, BrojRacuna, GradID) values (186, 'nlage55@sitemeter.com', '552-762-7718', 113578, 6);
insert into Klijenti (KlijentID, Email, BrojTelefona, BrojRacuna, GradID) values (187, 'frenowden56@taobao.com', '532-760-0247', 109334, 18);
insert into Klijenti (KlijentID, Email, BrojTelefona, BrojRacuna, GradID) values (188, 'lthunnercliffe57@domainmarket.com', '234-742-5865', 105722, 19);
insert into Klijenti (KlijentID, Email, BrojTelefona, BrojRacuna, GradID) values (189, 'cdarcey58@time.com', '386-940-8113', 122575, 13);
insert into Klijenti (KlijentID, Email, BrojTelefona, BrojRacuna, GradID) values (190, 'smafham59@tamu.edu', '173-631-8990', 116177, 19);
insert into Klijenti (KlijentID, Email, BrojTelefona, BrojRacuna, GradID) values (191, 'rmoggan5a@wufoo.com', '714-492-0450', 119091, 12);
insert into Klijenti (KlijentID, Email, BrojTelefona, BrojRacuna, GradID) values (192, 'lcreasy5b@deviantart.com', '157-660-0631', 110037, 18);
insert into Klijenti (KlijentID, Email, BrojTelefona, BrojRacuna, GradID) values (193, 'fkippin5c@smugmug.com', '403-127-9177', 108047, 4);
insert into Klijenti (KlijentID, Email, BrojTelefona, BrojRacuna, GradID) values (194, 'jtunn5d@oracle.com', '670-900-5772', 107431, 16);
insert into Klijenti (KlijentID, Email, BrojTelefona, BrojRacuna, GradID) values (195, 'hchristescu5e@paginegialle.it', '756-188-9610', 101155, 8);
insert into Klijenti (KlijentID, Email, BrojTelefona, BrojRacuna, GradID) values (196, 'aminor5f@jiathis.com', '480-776-8474', 119508, 11);
insert into Klijenti (KlijentID, Email, BrojTelefona, BrojRacuna, GradID) values (197, 'cswaisland5g@ucoz.ru', '353-328-8796', 101877, 15);
insert into Klijenti (KlijentID, Email, BrojTelefona, BrojRacuna, GradID) values (198, 'bklass5h@loc.gov', '423-630-1605', 110270, 18);
insert into Klijenti (KlijentID, Email, BrojTelefona, BrojRacuna, GradID) values (199, 'acowdroy5i@wp.com', '860-506-1309', 121119, 17);
insert into Klijenti (KlijentID, Email, BrojTelefona, BrojRacuna, GradID) values (200, 'ssnell5j@facebook.com', '584-689-2986', 104162, 4);
insert into Klijenti (KlijentID, Email, BrojTelefona, BrojRacuna, GradID) values (201, 'ssextone5k@amazon.co.jp', '845-773-3218', 108613, 15);
insert into Klijenti (KlijentID, Email, BrojTelefona, BrojRacuna, GradID) values (202, 'acuardall5l@chron.com', '264-463-6948', 110114, 20);
insert into Klijenti (KlijentID, Email, BrojTelefona, BrojRacuna, GradID) values (203, 'mtonner5m@google.pl', '190-360-4557', 112299, 8);
insert into Klijenti (KlijentID, Email, BrojTelefona, BrojRacuna, GradID) values (204, 'uscandwright5n@github.io', '770-812-1233', 115271, 13);
insert into Klijenti (KlijentID, Email, BrojTelefona, BrojRacuna, GradID) values (205, 'mmchardy5o@phoca.cz', '451-254-8162', 116784, 1);
insert into Klijenti (KlijentID, Email, BrojTelefona, BrojRacuna, GradID) values (206, 'ecargo5p@fc2.com', '986-690-8505', 114880, 17);
insert into Klijenti (KlijentID, Email, BrojTelefona, BrojRacuna, GradID) values (207, 'tstrethill5q@pbs.org', '813-589-6120', 114522, 6);
insert into Klijenti (KlijentID, Email, BrojTelefona, BrojRacuna, GradID) values (208, 'cbaude5r@weibo.com', '858-287-7629', 113367, 14);
insert into Klijenti (KlijentID, Email, BrojTelefona, BrojRacuna, GradID) values (209, 'bloyley5s@umn.edu', '293-527-3001', 119489, 5);
insert into Klijenti (KlijentID, Email, BrojTelefona, BrojRacuna, GradID) values (210, 'mduhamel5t@ebay.com', '675-418-2387', 118163, 7);
insert into Klijenti (KlijentID, Email, BrojTelefona, BrojRacuna, GradID) values (211, 'rphilipeau5u@webeden.co.uk', '652-636-8639', 116198, 16);
insert into Klijenti (KlijentID, Email, BrojTelefona, BrojRacuna, GradID) values (212, 'pwoolard5v@blogtalkradio.com', '521-738-2372', 107603, 11);
insert into Klijenti (KlijentID, Email, BrojTelefona, BrojRacuna, GradID) values (213, 'dplayfoot5w@yale.edu', '324-734-1387', 100209, 5);
insert into Klijenti (KlijentID, Email, BrojTelefona, BrojRacuna, GradID) values (214, 'abelf5x@wikimedia.org', '240-469-6189', 121866, 7);
insert into Klijenti (KlijentID, Email, BrojTelefona, BrojRacuna, GradID) values (215, 'msheridan5y@tripadvisor.com', '860-500-0853', 121071, 2);
insert into Klijenti (KlijentID, Email, BrojTelefona, BrojRacuna, GradID) values (216, 'gwaghorn5z@omniture.com', '687-666-1408', 108396, 13);
insert into Klijenti (KlijentID, Email, BrojTelefona, BrojRacuna, GradID) values (217, 'amelrose60@studiopress.com', '144-442-4484', 120041, 5);
insert into Klijenti (KlijentID, Email, BrojTelefona, BrojRacuna, GradID) values (218, 'daggas61@mail.ru', '862-612-7344', 100608, 6);
insert into Klijenti (KlijentID, Email, BrojTelefona, BrojRacuna, GradID) values (219, 'hdouthwaite62@soup.io', '956-484-7313', 114076, 8);
insert into Klijenti (KlijentID, Email, BrojTelefona, BrojRacuna, GradID) values (220, 'amcgraw63@alexa.com', '234-518-7290', 109832, 15);
insert into Klijenti (KlijentID, Email, BrojTelefona, BrojRacuna, GradID) values (221, 'aboothman64@toplist.cz', '701-754-0211', 110533, 17);
insert into Klijenti (KlijentID, Email, BrojTelefona, BrojRacuna, GradID) values (222, 'nharberer65@europa.eu', '551-824-1664', 105251, 6);
insert into Klijenti (KlijentID, Email, BrojTelefona, BrojRacuna, GradID) values (223, 'jhawket66@zdnet.com', '165-334-8342', 110110, 15);
insert into Klijenti (KlijentID, Email, BrojTelefona, BrojRacuna, GradID) values (224, 'kbachman67@wordpress.com', '610-221-4712', 112360, 14);
insert into Klijenti (KlijentID, Email, BrojTelefona, BrojRacuna, GradID) values (225, 'gpenberthy68@nba.com', '138-626-3796', 121691, 1);
insert into Klijenti (KlijentID, Email, BrojTelefona, BrojRacuna, GradID) values (226, 'cblacklock69@dmoz.org', '845-309-1054', 102031, 20);
insert into Klijenti (KlijentID, Email, BrojTelefona, BrojRacuna, GradID) values (227, 'vtamsett6a@flavors.me', '364-400-2311', 113134, 1);
insert into Klijenti (KlijentID, Email, BrojTelefona, BrojRacuna, GradID) values (228, 'tkeelinge6b@rambler.ru', '398-777-3876', 104840, 11);
insert into Klijenti (KlijentID, Email, BrojTelefona, BrojRacuna, GradID) values (229, 'dbatty6c@mashable.com', '536-829-7452', 118306, 13);
insert into Klijenti (KlijentID, Email, BrojTelefona, BrojRacuna, GradID) values (230, 'tcosti6d@xinhuanet.com', '433-678-5504', 111253, 14);
insert into Klijenti (KlijentID, Email, BrojTelefona, BrojRacuna, GradID) values (231, 'steresa6e@etsy.com', '980-536-9505', 109208, 7);
insert into Klijenti (KlijentID, Email, BrojTelefona, BrojRacuna, GradID) values (232, 'yharder6f@unesco.org', '774-790-0183', 115507, 20);
insert into Klijenti (KlijentID, Email, BrojTelefona, BrojRacuna, GradID) values (233, 'hgibby6g@vistaprint.com', '930-998-2235', 118323, 8);
insert into Klijenti (KlijentID, Email, BrojTelefona, BrojRacuna, GradID) values (234, 'ccroot6h@time.com', '428-189-8315', 106735, 16);
insert into Klijenti (KlijentID, Email, BrojTelefona, BrojRacuna, GradID) values (235, 'fbaggally6i@foxnews.com', '738-957-6215', 114635, 10);
insert into Klijenti (KlijentID, Email, BrojTelefona, BrojRacuna, GradID) values (236, 'ifarrants6j@buzzfeed.com', '707-748-1467', 108032, 13);
insert into Klijenti (KlijentID, Email, BrojTelefona, BrojRacuna, GradID) values (237, 'scropper6k@t.co', '950-317-2618', 119555, 15);
insert into Klijenti (KlijentID, Email, BrojTelefona, BrojRacuna, GradID) values (238, 'mritson6l@cdbaby.com', '872-683-8508', 116635, 9);
insert into Klijenti (KlijentID, Email, BrojTelefona, BrojRacuna, GradID) values (239, 'rjellings6m@un.org', '280-291-0488', 111110, 19);
insert into Klijenti (KlijentID, Email, BrojTelefona, BrojRacuna, GradID) values (240, 'kwanka6n@rakuten.co.jp', '244-217-0636', 101779, 11);
insert into Klijenti (KlijentID, Email, BrojTelefona, BrojRacuna, GradID) values (241, 'mhannent6o@nih.gov', '460-510-3931', 111148, 18);
insert into Klijenti (KlijentID, Email, BrojTelefona, BrojRacuna, GradID) values (242, 'dhunnable6p@jiathis.com', '413-930-7587', 114235, 6);
insert into Klijenti (KlijentID, Email, BrojTelefona, BrojRacuna, GradID) values (243, 'gbettesworth6q@mapy.cz', '727-399-2885', 122480, 14);
insert into Klijenti (KlijentID, Email, BrojTelefona, BrojRacuna, GradID) values (244, 'mlevey6r@barnesandnoble.com', '475-641-7809', 113803, 9);
insert into Klijenti (KlijentID, Email, BrojTelefona, BrojRacuna, GradID) values (245, 'cchown6s@nasa.gov', '134-627-5489', 111932, 16);
insert into Klijenti (KlijentID, Email, BrojTelefona, BrojRacuna, GradID) values (246, 'mhugues6t@tripod.com', '616-614-8881', 100492, 12);
insert into Klijenti (KlijentID, Email, BrojTelefona, BrojRacuna, GradID) values (247, 'utordiffe6u@infoseek.co.jp', '108-878-4566', 111224, 11);
insert into Klijenti (KlijentID, Email, BrojTelefona, BrojRacuna, GradID) values (248, 'zitzhayek6v@examiner.com', '648-212-4542', 120414, 7);
insert into Klijenti (KlijentID, Email, BrojTelefona, BrojRacuna, GradID) values (249, 'fkarpeev6w@nymag.com', '238-207-7042', 114645, 4);
insert into Klijenti (KlijentID, Email, BrojTelefona, BrojRacuna, GradID) values (250, 'gskelhorn6x@facebook.com', '760-363-3049', 106142, 16);
insert into Klijenti (KlijentID, Email, BrojTelefona, BrojRacuna, GradID) values (251, 'rapplegarth6y@geocities.com', '978-272-1829', 103911, 6);
insert into Klijenti (KlijentID, Email, BrojTelefona, BrojRacuna, GradID) values (252, 'jjermey6z@com.com', '720-120-4804', 109384, 6);
insert into Klijenti (KlijentID, Email, BrojTelefona, BrojRacuna, GradID) values (253, 'aderobertis70@hao123.com', '542-263-9293', 108075, 17);
insert into Klijenti (KlijentID, Email, BrojTelefona, BrojRacuna, GradID) values (254, 'bhaimes71@mapquest.com', '844-576-3389', 101920, 16);
insert into Klijenti (KlijentID, Email, BrojTelefona, BrojRacuna, GradID) values (255, 'mcreany72@plala.or.jp', '892-649-7535', 111567, 7);
insert into Klijenti (KlijentID, Email, BrojTelefona, BrojRacuna, GradID) values (256, 'aculkin73@netvibes.com', '496-444-9413', 102558, 4);
insert into Klijenti (KlijentID, Email, BrojTelefona, BrojRacuna, GradID) values (257, 'ibilton74@ted.com', '520-401-7846', 122242, 18);
insert into Klijenti (KlijentID, Email, BrojTelefona, BrojRacuna, GradID) values (258, 'sgreenstock75@angelfire.com', '699-542-5440', 109956, 9);
insert into Klijenti (KlijentID, Email, BrojTelefona, BrojRacuna, GradID) values (259, 'jlightbourne76@meetup.com', '649-692-9704', 100347, 20);
insert into Klijenti (KlijentID, Email, BrojTelefona, BrojRacuna, GradID) values (260, 'jshipcott77@telegraph.co.uk', '510-355-0368', 114172, 13);
insert into Klijenti (KlijentID, Email, BrojTelefona, BrojRacuna, GradID) values (261, 'gyarrell78@nps.gov', '301-974-3837', 104073, 2);
insert into Klijenti (KlijentID, Email, BrojTelefona, BrojRacuna, GradID) values (262, 'ckettle79@icq.com', '124-943-4752', 114672, 8);
insert into Klijenti (KlijentID, Email, BrojTelefona, BrojRacuna, GradID) values (263, 'kcrockett7a@oaic.gov.au', '944-352-4580', 120814, 18);
insert into Klijenti (KlijentID, Email, BrojTelefona, BrojRacuna, GradID) values (264, 'bambrosoli7b@behance.net', '350-891-7792', 114143, 14);
insert into Klijenti (KlijentID, Email, BrojTelefona, BrojRacuna, GradID) values (265, 'gbyars7c@ning.com', '182-470-9768', 121196, 11);
insert into Klijenti (KlijentID, Email, BrojTelefona, BrojRacuna, GradID) values (266, 'ebwye7d@unblog.fr', '589-985-3503', 122751, 6);
insert into Klijenti (KlijentID, Email, BrojTelefona, BrojRacuna, GradID) values (267, 'bbehninck7e@hc360.com', '518-628-3659', 101352, 3);
insert into Klijenti (KlijentID, Email, BrojTelefona, BrojRacuna, GradID) values (268, 'hsofe7f@springer.com', '175-972-5401', 104585, 2);
insert into Klijenti (KlijentID, Email, BrojTelefona, BrojRacuna, GradID) values (269, 'chamlett7g@wiley.com', '628-910-5654', 118352, 18);
insert into Klijenti (KlijentID, Email, BrojTelefona, BrojRacuna, GradID) values (270, 'bsherbrook7h@usda.gov', '849-471-6435', 103059, 8);
insert into Klijenti (KlijentID, Email, BrojTelefona, BrojRacuna, GradID) values (271, 'jbernholt7i@example.com', '901-477-9113', 114580, 8);
insert into Klijenti (KlijentID, Email, BrojTelefona, BrojRacuna, GradID) values (272, 'csimonard7j@noaa.gov', '410-628-9549', 115572, 12);
insert into Klijenti (KlijentID, Email, BrojTelefona, BrojRacuna, GradID) values (273, 'esenescall7k@mozilla.com', '821-461-1005', 115259, 6);
insert into Klijenti (KlijentID, Email, BrojTelefona, BrojRacuna, GradID) values (274, 'achinnick7l@altervista.org', '947-731-5506', 108389, 13);
insert into Klijenti (KlijentID, Email, BrojTelefona, BrojRacuna, GradID) values (275, 'btidy7m@ifeng.com', '594-312-3288', 116031, 16);
insert into Klijenti (KlijentID, Email, BrojTelefona, BrojRacuna, GradID) values (276, 'lchinnock7n@printfriendly.com', '173-749-1480', 108204, 2);
insert into Klijenti (KlijentID, Email, BrojTelefona, BrojRacuna, GradID) values (277, 'pkorpal7o@msn.com', '271-622-6540', 120913, 16);
insert into Klijenti (KlijentID, Email, BrojTelefona, BrojRacuna, GradID) values (278, 'djaffra7p@phoca.cz', '996-703-7417', 121124, 5);
insert into Klijenti (KlijentID, Email, BrojTelefona, BrojRacuna, GradID) values (279, 'dquincey7q@pinterest.com', '270-352-5834', 120445, 9);
insert into Klijenti (KlijentID, Email, BrojTelefona, BrojRacuna, GradID) values (280, 'cwalkley7r@reuters.com', '130-130-3303', 109347, 5);
insert into Klijenti (KlijentID, Email, BrojTelefona, BrojRacuna, GradID) values (281, 'lallender7s@pen.io', '353-288-9607', 116938, 9);
insert into Klijenti (KlijentID, Email, BrojTelefona, BrojRacuna, GradID) values (282, 'pbotterell7t@issuu.com', '327-797-4913', 105844, 14);
insert into Klijenti (KlijentID, Email, BrojTelefona, BrojRacuna, GradID) values (283, 'bparkisson7u@eepurl.com', '580-864-6638', 118799, 20);
insert into Klijenti (KlijentID, Email, BrojTelefona, BrojRacuna, GradID) values (284, 'agetsham7v@weebly.com', '739-523-5273', 110038, 4);
insert into Klijenti (KlijentID, Email, BrojTelefona, BrojRacuna, GradID) values (285, 'elauridsen7w@ning.com', '260-132-4292', 102799, 2);
insert into Klijenti (KlijentID, Email, BrojTelefona, BrojRacuna, GradID) values (286, 'jdanat7x@washingtonpost.com', '763-929-0148', 100377, 15);
insert into Klijenti (KlijentID, Email, BrojTelefona, BrojRacuna, GradID) values (287, 'tshorbrook7y@cdbaby.com', '101-164-5614', 109716, 5);
insert into Klijenti (KlijentID, Email, BrojTelefona, BrojRacuna, GradID) values (288, 'pkirvin7z@acquirethisname.com', '573-973-5076', 102565, 16);
insert into Klijenti (KlijentID, Email, BrojTelefona, BrojRacuna, GradID) values (289, 'eshemelt80@smugmug.com', '279-857-0950', 100080, 16);
insert into Klijenti (KlijentID, Email, BrojTelefona, BrojRacuna, GradID) values (290, 'kgoldenofireland81@purevolume.com', '292-165-5160', 110891, 4);
insert into Klijenti (KlijentID, Email, BrojTelefona, BrojRacuna, GradID) values (291, 'mandrysek82@amazon.co.uk', '974-866-2468', 111557, 5);
insert into Klijenti (KlijentID, Email, BrojTelefona, BrojRacuna, GradID) values (292, 'mberg83@prweb.com', '790-943-3531', 108705, 8);
insert into Klijenti (KlijentID, Email, BrojTelefona, BrojRacuna, GradID) values (293, 'bdessent84@webmd.com', '331-725-7998', 104608, 13);
insert into Klijenti (KlijentID, Email, BrojTelefona, BrojRacuna, GradID) values (294, 'mswyre85@census.gov', '555-746-5080', 112706, 14);
insert into Klijenti (KlijentID, Email, BrojTelefona, BrojRacuna, GradID) values (295, 'tsavidge86@istockphoto.com', '274-709-7827', 113975, 16);
insert into Klijenti (KlijentID, Email, BrojTelefona, BrojRacuna, GradID) values (296, 'amurrish87@wordpress.org', '235-914-9488', 105979, 20);
insert into Klijenti (KlijentID, Email, BrojTelefona, BrojRacuna, GradID) values (297, 'redwinson88@linkedin.com', '113-936-4886', 122290, 5);
insert into Klijenti (KlijentID, Email, BrojTelefona, BrojRacuna, GradID) values (298, 'fream89@typepad.com', '156-218-9287', 111577, 14);
insert into Klijenti (KlijentID, Email, BrojTelefona, BrojRacuna, GradID) values (299, 'nwyld8a@arstechnica.com', '664-552-5729', 103848, 2);
insert into Klijenti (KlijentID, Email, BrojTelefona, BrojRacuna, GradID) values (300, 'vpresland8b@thetimes.co.uk', '757-956-5403', 108423, 12);

insert into KlijentPravnoLice (KlijentPravnoLiceID, NazivFirme) values (1, 'Quigley, Zieme and Wintheiser');
insert into KlijentPravnoLice (KlijentPravnoLiceID, NazivFirme) values (2, 'Reichert and Sons');
insert into KlijentPravnoLice (KlijentPravnoLiceID, NazivFirme) values (3, 'Lehner-Bechtelar');
insert into KlijentPravnoLice (KlijentPravnoLiceID, NazivFirme) values (4, 'Kulas LLC');
insert into KlijentPravnoLice (KlijentPravnoLiceID, NazivFirme) values (5, 'Eichmann-Schultz');
insert into KlijentPravnoLice (KlijentPravnoLiceID, NazivFirme) values (6, 'Wunsch-Morissette');
insert into KlijentPravnoLice (KlijentPravnoLiceID, NazivFirme) values (7, 'Miller and Sons');
insert into KlijentPravnoLice (KlijentPravnoLiceID, NazivFirme) values (8, 'Gutkowski-Konopelski');
insert into KlijentPravnoLice (KlijentPravnoLiceID, NazivFirme) values (9, 'Larson, Wehner and Koelpin');
insert into KlijentPravnoLice (KlijentPravnoLiceID, NazivFirme) values (10, 'Abshire Group');
insert into KlijentPravnoLice (KlijentPravnoLiceID, NazivFirme) values (11, 'Nitzsche-Crist');
insert into KlijentPravnoLice (KlijentPravnoLiceID, NazivFirme) values (12, 'Stiedemann Group');
insert into KlijentPravnoLice (KlijentPravnoLiceID, NazivFirme) values (13, 'Hansen-McCullough');
insert into KlijentPravnoLice (KlijentPravnoLiceID, NazivFirme) values (14, 'Hammes LLC');
insert into KlijentPravnoLice (KlijentPravnoLiceID, NazivFirme) values (15, 'Langworth LLC');
insert into KlijentPravnoLice (KlijentPravnoLiceID, NazivFirme) values (16, 'Torp Group');
insert into KlijentPravnoLice (KlijentPravnoLiceID, NazivFirme) values (17, 'Gerlach, Koelpin and Conroy');
insert into KlijentPravnoLice (KlijentPravnoLiceID, NazivFirme) values (18, 'Morar and Sons');
insert into KlijentPravnoLice (KlijentPravnoLiceID, NazivFirme) values (19, 'Gerlach and Sons');
insert into KlijentPravnoLice (KlijentPravnoLiceID, NazivFirme) values (20, 'Blanda and Sons');
insert into KlijentPravnoLice (KlijentPravnoLiceID, NazivFirme) values (21, 'Harvey, Dach and Feest');
insert into KlijentPravnoLice (KlijentPravnoLiceID, NazivFirme) values (22, 'Mosciski-Bauch');
insert into KlijentPravnoLice (KlijentPravnoLiceID, NazivFirme) values (23, 'Ledner Inc');
insert into KlijentPravnoLice (KlijentPravnoLiceID, NazivFirme) values (24, 'Wolff-Lockman');
insert into KlijentPravnoLice (KlijentPravnoLiceID, NazivFirme) values (25, 'Lakin-Buckridge');
insert into KlijentPravnoLice (KlijentPravnoLiceID, NazivFirme) values (26, 'Block, Wintheiser and Reichert');
insert into KlijentPravnoLice (KlijentPravnoLiceID, NazivFirme) values (27, 'Walter Inc');
insert into KlijentPravnoLice (KlijentPravnoLiceID, NazivFirme) values (28, 'Mitchell, Tremblay and Dach');
insert into KlijentPravnoLice (KlijentPravnoLiceID, NazivFirme) values (29, 'Prohaska Group');
insert into KlijentPravnoLice (KlijentPravnoLiceID, NazivFirme) values (30, 'Huels-Stanton');
insert into KlijentPravnoLice (KlijentPravnoLiceID, NazivFirme) values (31, 'Raynor, Nienow and Goldner');
insert into KlijentPravnoLice (KlijentPravnoLiceID, NazivFirme) values (32, 'Jenkins-Mayer');
insert into KlijentPravnoLice (KlijentPravnoLiceID, NazivFirme) values (33, 'Kessler-Gerlach');
insert into KlijentPravnoLice (KlijentPravnoLiceID, NazivFirme) values (34, 'Bauch, Gislason and Feil');
insert into KlijentPravnoLice (KlijentPravnoLiceID, NazivFirme) values (35, 'Lakin-Gibson');
insert into KlijentPravnoLice (KlijentPravnoLiceID, NazivFirme) values (36, 'Boehm and Sons');
insert into KlijentPravnoLice (KlijentPravnoLiceID, NazivFirme) values (37, 'Kertzmann-Hahn');
insert into KlijentPravnoLice (KlijentPravnoLiceID, NazivFirme) values (38, 'Bashirian, Miller and Goldner');
insert into KlijentPravnoLice (KlijentPravnoLiceID, NazivFirme) values (39, 'Swift, Wilkinson and Armstrong');
insert into KlijentPravnoLice (KlijentPravnoLiceID, NazivFirme) values (40, 'Schaden Inc');
insert into KlijentPravnoLice (KlijentPravnoLiceID, NazivFirme) values (41, 'Farrell, Kuvalis and Gutmann');
insert into KlijentPravnoLice (KlijentPravnoLiceID, NazivFirme) values (42, 'Tromp, Graham and Schneider');
insert into KlijentPravnoLice (KlijentPravnoLiceID, NazivFirme) values (43, 'Dickens LLC');
insert into KlijentPravnoLice (KlijentPravnoLiceID, NazivFirme) values (44, 'Hagenes LLC');
insert into KlijentPravnoLice (KlijentPravnoLiceID, NazivFirme) values (45, 'Douglas Inc');
insert into KlijentPravnoLice (KlijentPravnoLiceID, NazivFirme) values (46, 'Lynch and Sons');
insert into KlijentPravnoLice (KlijentPravnoLiceID, NazivFirme) values (47, 'Roberts and Sons');
insert into KlijentPravnoLice (KlijentPravnoLiceID, NazivFirme) values (48, 'Ward Group');
insert into KlijentPravnoLice (KlijentPravnoLiceID, NazivFirme) values (49, 'Waelchi-Corkery');
insert into KlijentPravnoLice (KlijentPravnoLiceID, NazivFirme) values (50, 'Tillman-Klein');
insert into KlijentPravnoLice (KlijentPravnoLiceID, NazivFirme) values (51, 'Glover, Deckow and Haley');
insert into KlijentPravnoLice (KlijentPravnoLiceID, NazivFirme) values (52, 'Aufderhar, Funk and Blick');
insert into KlijentPravnoLice (KlijentPravnoLiceID, NazivFirme) values (53, 'Grady Group');
insert into KlijentPravnoLice (KlijentPravnoLiceID, NazivFirme) values (54, 'King Inc');
insert into KlijentPravnoLice (KlijentPravnoLiceID, NazivFirme) values (55, 'Moore Inc');
insert into KlijentPravnoLice (KlijentPravnoLiceID, NazivFirme) values (56, 'West LLC');
insert into KlijentPravnoLice (KlijentPravnoLiceID, NazivFirme) values (57, 'Leannon, Schroeder and Veum');
insert into KlijentPravnoLice (KlijentPravnoLiceID, NazivFirme) values (58, 'Stehr, Boyle and Grant');
insert into KlijentPravnoLice (KlijentPravnoLiceID, NazivFirme) values (59, 'Denesik and Sons');
insert into KlijentPravnoLice (KlijentPravnoLiceID, NazivFirme) values (60, 'Quitzon, Kirlin and Hartmann');
insert into KlijentPravnoLice (KlijentPravnoLiceID, NazivFirme) values (61, 'Schoen, Walsh and Oberbrunner');
insert into KlijentPravnoLice (KlijentPravnoLiceID, NazivFirme) values (62, 'Schumm, Spencer and Kerluke');
insert into KlijentPravnoLice (KlijentPravnoLiceID, NazivFirme) values (63, 'Hoppe, Bartell and Lebsack');
insert into KlijentPravnoLice (KlijentPravnoLiceID, NazivFirme) values (64, 'Gutmann and Sons');
insert into KlijentPravnoLice (KlijentPravnoLiceID, NazivFirme) values (65, 'Yundt-Beahan');
insert into KlijentPravnoLice (KlijentPravnoLiceID, NazivFirme) values (66, 'Ruecker-Prosacco');
insert into KlijentPravnoLice (KlijentPravnoLiceID, NazivFirme) values (67, 'Hettinger-Harber');
insert into KlijentPravnoLice (KlijentPravnoLiceID, NazivFirme) values (68, 'Renner-Mills');
insert into KlijentPravnoLice (KlijentPravnoLiceID, NazivFirme) values (69, 'Weber-Brakus');
insert into KlijentPravnoLice (KlijentPravnoLiceID, NazivFirme) values (70, 'Simonis-O''Hara');
insert into KlijentPravnoLice (KlijentPravnoLiceID, NazivFirme) values (71, 'Spinka-Pouros');
insert into KlijentPravnoLice (KlijentPravnoLiceID, NazivFirme) values (72, 'Beahan, Rolfson and Heller');
insert into KlijentPravnoLice (KlijentPravnoLiceID, NazivFirme) values (73, 'Bailey-Stehr');
insert into KlijentPravnoLice (KlijentPravnoLiceID, NazivFirme) values (74, 'Erdman, Hirthe and Howe');
insert into KlijentPravnoLice (KlijentPravnoLiceID, NazivFirme) values (75, 'Cartwright-Lehner');
insert into KlijentPravnoLice (KlijentPravnoLiceID, NazivFirme) values (76, 'Padberg LLC');
insert into KlijentPravnoLice (KlijentPravnoLiceID, NazivFirme) values (77, 'Altenwerth LLC');
insert into KlijentPravnoLice (KlijentPravnoLiceID, NazivFirme) values (78, 'Rosenbaum LLC');
insert into KlijentPravnoLice (KlijentPravnoLiceID, NazivFirme) values (79, 'Lakin, Cassin and Abbott');
insert into KlijentPravnoLice (KlijentPravnoLiceID, NazivFirme) values (80, 'Baumbach, Hintz and Quitzon');
insert into KlijentPravnoLice (KlijentPravnoLiceID, NazivFirme) values (81, 'Mann, Wolff and Hayes');
insert into KlijentPravnoLice (KlijentPravnoLiceID, NazivFirme) values (82, 'Nikolaus Inc');
insert into KlijentPravnoLice (KlijentPravnoLiceID, NazivFirme) values (83, 'Schaden, Gutkowski and Olson');
insert into KlijentPravnoLice (KlijentPravnoLiceID, NazivFirme) values (84, 'Konopelski-Spencer');
insert into KlijentPravnoLice (KlijentPravnoLiceID, NazivFirme) values (85, 'Crist, Dicki and Strosin');
insert into KlijentPravnoLice (KlijentPravnoLiceID, NazivFirme) values (86, 'Kshlerin, Hermiston and Marvin');
insert into KlijentPravnoLice (KlijentPravnoLiceID, NazivFirme) values (87, 'Fritsch-Lang');
insert into KlijentPravnoLice (KlijentPravnoLiceID, NazivFirme) values (88, 'Medhurst, Lindgren and Kassulke');
insert into KlijentPravnoLice (KlijentPravnoLiceID, NazivFirme) values (89, 'Pfannerstill-Kutch');
insert into KlijentPravnoLice (KlijentPravnoLiceID, NazivFirme) values (90, 'Johns and Sons');
insert into KlijentPravnoLice (KlijentPravnoLiceID, NazivFirme) values (91, 'Dooley Inc');
insert into KlijentPravnoLice (KlijentPravnoLiceID, NazivFirme) values (92, 'Kuhn, Douglas and Towne');
insert into KlijentPravnoLice (KlijentPravnoLiceID, NazivFirme) values (93, 'Conroy Group');
insert into KlijentPravnoLice (KlijentPravnoLiceID, NazivFirme) values (94, 'Sauer-Kunde');
insert into KlijentPravnoLice (KlijentPravnoLiceID, NazivFirme) values (95, 'Brown Group');
insert into KlijentPravnoLice (KlijentPravnoLiceID, NazivFirme) values (96, 'Jerde-Crona');
insert into KlijentPravnoLice (KlijentPravnoLiceID, NazivFirme) values (97, 'Emard-Kirlin');
insert into KlijentPravnoLice (KlijentPravnoLiceID, NazivFirme) values (98, 'Lueilwitz, Pacocha and Miller');
insert into KlijentPravnoLice (KlijentPravnoLiceID, NazivFirme) values (99, 'Rippin, Jakubowski and Waelchi');
insert into KlijentPravnoLice (KlijentPravnoLiceID, NazivFirme) values (100, 'Marquardt, Dicki and Crona');
insert into KlijentPravnoLice (KlijentPravnoLiceID, NazivFirme) values (101, 'Murray Group');
insert into KlijentPravnoLice (KlijentPravnoLiceID, NazivFirme) values (102, 'Fisher-Padberg');
insert into KlijentPravnoLice (KlijentPravnoLiceID, NazivFirme) values (103, 'Jast, Bogan and Harris');
insert into KlijentPravnoLice (KlijentPravnoLiceID, NazivFirme) values (104, 'Senger-Goyette');
insert into KlijentPravnoLice (KlijentPravnoLiceID, NazivFirme) values (105, 'Schamberger and Sons');
insert into KlijentPravnoLice (KlijentPravnoLiceID, NazivFirme) values (106, 'Krajcik Inc');
insert into KlijentPravnoLice (KlijentPravnoLiceID, NazivFirme) values (107, 'Lebsack, Jones and Hills');
insert into KlijentPravnoLice (KlijentPravnoLiceID, NazivFirme) values (108, 'Will LLC');
insert into KlijentPravnoLice (KlijentPravnoLiceID, NazivFirme) values (109, 'MacGyver-Watsica');
insert into KlijentPravnoLice (KlijentPravnoLiceID, NazivFirme) values (110, 'Boyle-Simonis');
insert into KlijentPravnoLice (KlijentPravnoLiceID, NazivFirme) values (111, 'Dach-Bernhard');
insert into KlijentPravnoLice (KlijentPravnoLiceID, NazivFirme) values (112, 'McDermott-Greenfelder');
insert into KlijentPravnoLice (KlijentPravnoLiceID, NazivFirme) values (113, 'Bauch, Kertzmann and Jast');
insert into KlijentPravnoLice (KlijentPravnoLiceID, NazivFirme) values (114, 'Schaden Group');
insert into KlijentPravnoLice (KlijentPravnoLiceID, NazivFirme) values (115, 'Larkin, Williamson and Crooks');
insert into KlijentPravnoLice (KlijentPravnoLiceID, NazivFirme) values (116, 'Ziemann-Hammes');
insert into KlijentPravnoLice (KlijentPravnoLiceID, NazivFirme) values (117, 'Rempel and Sons');
insert into KlijentPravnoLice (KlijentPravnoLiceID, NazivFirme) values (118, 'Wilkinson-Rodriguez');
insert into KlijentPravnoLice (KlijentPravnoLiceID, NazivFirme) values (119, 'Nicolas, Schinner and Walter');
insert into KlijentPravnoLice (KlijentPravnoLiceID, NazivFirme) values (120, 'Murphy-Little');
insert into KlijentPravnoLice (KlijentPravnoLiceID, NazivFirme) values (121, 'Schaden LLC');
insert into KlijentPravnoLice (KlijentPravnoLiceID, NazivFirme) values (122, 'Muller-Hintz');
insert into KlijentPravnoLice (KlijentPravnoLiceID, NazivFirme) values (123, 'Krajcik, Deckow and Brakus');
insert into KlijentPravnoLice (KlijentPravnoLiceID, NazivFirme) values (124, 'Raynor Group');
insert into KlijentPravnoLice (KlijentPravnoLiceID, NazivFirme) values (125, 'Monahan, Stroman and Cummings');
insert into KlijentPravnoLice (KlijentPravnoLiceID, NazivFirme) values (126, 'Reichel, Anderson and Green');
insert into KlijentPravnoLice (KlijentPravnoLiceID, NazivFirme) values (127, 'Kessler-Williamson');
insert into KlijentPravnoLice (KlijentPravnoLiceID, NazivFirme) values (128, 'Monahan Group');
insert into KlijentPravnoLice (KlijentPravnoLiceID, NazivFirme) values (129, 'Boyle-Fritsch');
insert into KlijentPravnoLice (KlijentPravnoLiceID, NazivFirme) values (130, 'Considine LLC');
insert into KlijentPravnoLice (KlijentPravnoLiceID, NazivFirme) values (131, 'Ondricka-Herman');
insert into KlijentPravnoLice (KlijentPravnoLiceID, NazivFirme) values (132, 'Reinger and Sons');
insert into KlijentPravnoLice (KlijentPravnoLiceID, NazivFirme) values (133, 'Dicki Inc');
insert into KlijentPravnoLice (KlijentPravnoLiceID, NazivFirme) values (134, 'Spinka and Sons');
insert into KlijentPravnoLice (KlijentPravnoLiceID, NazivFirme) values (135, 'Hauck LLC');
insert into KlijentPravnoLice (KlijentPravnoLiceID, NazivFirme) values (136, 'Gutmann-Macejkovic');
insert into KlijentPravnoLice (KlijentPravnoLiceID, NazivFirme) values (137, 'Buckridge Group');
insert into KlijentPravnoLice (KlijentPravnoLiceID, NazivFirme) values (138, 'Bartell Inc');
insert into KlijentPravnoLice (KlijentPravnoLiceID, NazivFirme) values (139, 'Tillman, Wintheiser and Schneider');
insert into KlijentPravnoLice (KlijentPravnoLiceID, NazivFirme) values (140, 'Rempel Inc');
insert into KlijentPravnoLice (KlijentPravnoLiceID, NazivFirme) values (141, 'Lind-Brakus');
insert into KlijentPravnoLice (KlijentPravnoLiceID, NazivFirme) values (142, 'Jacobs-Morissette');
insert into KlijentPravnoLice (KlijentPravnoLiceID, NazivFirme) values (143, 'Zboncak, Sporer and Ondricka');
insert into KlijentPravnoLice (KlijentPravnoLiceID, NazivFirme) values (144, 'Rolfson Inc');
insert into KlijentPravnoLice (KlijentPravnoLiceID, NazivFirme) values (145, 'Luettgen-Wiegand');
insert into KlijentPravnoLice (KlijentPravnoLiceID, NazivFirme) values (146, 'Powlowski, Spencer and Quitzon');
insert into KlijentPravnoLice (KlijentPravnoLiceID, NazivFirme) values (147, 'Heaney Inc');
insert into KlijentPravnoLice (KlijentPravnoLiceID, NazivFirme) values (148, 'Smitham, Kirlin and Lehner');
insert into KlijentPravnoLice (KlijentPravnoLiceID, NazivFirme) values (149, 'Klein-Herzog');
insert into KlijentPravnoLice (KlijentPravnoLiceID, NazivFirme) values (150, 'Cole-Schaefer');

insert into KlijentFizickoLice (KlijentFizickoLiceID, Ime, Prezime, Spol, JMBG) values (151, 'Binni', 'Bicksteth', 'Female', 9520796515569);
insert into KlijentFizickoLice (KlijentFizickoLiceID, Ime, Prezime, Spol, JMBG) values (152, 'Caroline', 'Pauncefort', 'Female', 6665246910464);
insert into KlijentFizickoLice (KlijentFizickoLiceID, Ime, Prezime, Spol, JMBG) values (153, 'Thomasin', 'Naylor', 'Female', 4198500607365);
insert into KlijentFizickoLice (KlijentFizickoLiceID, Ime, Prezime, Spol, JMBG) values (154, 'Hallsy', 'Granham', 'Male', 3787275806663);
insert into KlijentFizickoLice (KlijentFizickoLiceID, Ime, Prezime, Spol, JMBG) values (155, 'Austina', 'Berlin', 'Female', 9848872941663);
insert into KlijentFizickoLice (KlijentFizickoLiceID, Ime, Prezime, Spol, JMBG) values (156, 'Marlo', 'Jimpson', 'Male', 7959479794281);
insert into KlijentFizickoLice (KlijentFizickoLiceID, Ime, Prezime, Spol, JMBG) values (157, 'Cary', 'Burstowe', 'Female', 3417289500027);
insert into KlijentFizickoLice (KlijentFizickoLiceID, Ime, Prezime, Spol, JMBG) values (158, 'Cahra', 'Meagher', 'Female', 505443802841);
insert into KlijentFizickoLice (KlijentFizickoLiceID, Ime, Prezime, Spol, JMBG) values (159, 'Berti', 'Foulstone', 'Female', 2455845065828);
insert into KlijentFizickoLice (KlijentFizickoLiceID, Ime, Prezime, Spol, JMBG) values (160, 'Cissiee', 'Tomaskov', 'Female', 5474550058904);
insert into KlijentFizickoLice (KlijentFizickoLiceID, Ime, Prezime, Spol, JMBG) values (161, 'Erl', 'Selley', 'Male', 6407942395566);
insert into KlijentFizickoLice (KlijentFizickoLiceID, Ime, Prezime, Spol, JMBG) values (162, 'Elmer', 'Loseke', 'Male', 1888320040971);
insert into KlijentFizickoLice (KlijentFizickoLiceID, Ime, Prezime, Spol, JMBG) values (163, 'Ellis', 'Oldnall', 'Male', 6959536876258);
insert into KlijentFizickoLice (KlijentFizickoLiceID, Ime, Prezime, Spol, JMBG) values (164, 'Land', 'McIlmorie', 'Male', 1988680708421);
insert into KlijentFizickoLice (KlijentFizickoLiceID, Ime, Prezime, Spol, JMBG) values (165, 'Baudoin', 'Costen', 'Male', 9084732981540);
insert into KlijentFizickoLice (KlijentFizickoLiceID, Ime, Prezime, Spol, JMBG) values (166, 'Teodoro', 'Maccrie', 'Male', 6451199017484);
insert into KlijentFizickoLice (KlijentFizickoLiceID, Ime, Prezime, Spol, JMBG) values (167, 'Ranee', 'Stannislawski', 'Female', 7376049425931);
insert into KlijentFizickoLice (KlijentFizickoLiceID, Ime, Prezime, Spol, JMBG) values (168, 'Jonas', 'Brayne', 'Male', 5423445431625);
insert into KlijentFizickoLice (KlijentFizickoLiceID, Ime, Prezime, Spol, JMBG) values (169, 'Sayre', 'Bertelet', 'Male', 5454495503441);
insert into KlijentFizickoLice (KlijentFizickoLiceID, Ime, Prezime, Spol, JMBG) values (170, 'Sondra', 'Zavattiero', 'Female', 5630796253520);
insert into KlijentFizickoLice (KlijentFizickoLiceID, Ime, Prezime, Spol, JMBG) values (171, 'Dirk', 'Whieldon', 'Male', 5095258262130);
insert into KlijentFizickoLice (KlijentFizickoLiceID, Ime, Prezime, Spol, JMBG) values (172, 'Claudelle', 'Aliman', 'Female', 2092995675446);
insert into KlijentFizickoLice (KlijentFizickoLiceID, Ime, Prezime, Spol, JMBG) values (173, 'Paulita', 'Bransgrove', 'Female', 6706272204432);
insert into KlijentFizickoLice (KlijentFizickoLiceID, Ime, Prezime, Spol, JMBG) values (174, 'Mab', 'Longstaff', 'Female', 7341863893089);
insert into KlijentFizickoLice (KlijentFizickoLiceID, Ime, Prezime, Spol, JMBG) values (175, 'Rodrigo', 'Jewkes', 'Male', 6329279818007);
insert into KlijentFizickoLice (KlijentFizickoLiceID, Ime, Prezime, Spol, JMBG) values (176, 'Trumann', 'Vallantine', 'Male', 7362628779560);
insert into KlijentFizickoLice (KlijentFizickoLiceID, Ime, Prezime, Spol, JMBG) values (177, 'Hetty', 'Shead', 'Female', 5449565230283);
insert into KlijentFizickoLice (KlijentFizickoLiceID, Ime, Prezime, Spol, JMBG) values (178, 'Enrichetta', 'Gillatt', 'Female', 5008417109225);
insert into KlijentFizickoLice (KlijentFizickoLiceID, Ime, Prezime, Spol, JMBG) values (179, 'Adolphe', 'Woollends', 'Male', 1560809266201);
insert into KlijentFizickoLice (KlijentFizickoLiceID, Ime, Prezime, Spol, JMBG) values (180, 'Juieta', 'Malpass', 'Female', 9710374765907);
insert into KlijentFizickoLice (KlijentFizickoLiceID, Ime, Prezime, Spol, JMBG) values (181, 'Alexandros', 'Clacey', 'Male', 9106134675640);
insert into KlijentFizickoLice (KlijentFizickoLiceID, Ime, Prezime, Spol, JMBG) values (182, 'Estella', 'Punton', 'Female', 2430792988648);
insert into KlijentFizickoLice (KlijentFizickoLiceID, Ime, Prezime, Spol, JMBG) values (183, 'Kris', 'Besantie', 'Male', 118233842661);
insert into KlijentFizickoLice (KlijentFizickoLiceID, Ime, Prezime, Spol, JMBG) values (184, 'Alex', 'Castelli', 'Female', 6257787282412);
insert into KlijentFizickoLice (KlijentFizickoLiceID, Ime, Prezime, Spol, JMBG) values (185, 'Pamela', 'Danneil', 'Female', 8015771495947);
insert into KlijentFizickoLice (KlijentFizickoLiceID, Ime, Prezime, Spol, JMBG) values (186, 'Iorgo', 'McGinny', 'Male', 8470474120826);
insert into KlijentFizickoLice (KlijentFizickoLiceID, Ime, Prezime, Spol, JMBG) values (187, 'Carmela', 'Desforges', 'Female', 3310837328853);
insert into KlijentFizickoLice (KlijentFizickoLiceID, Ime, Prezime, Spol, JMBG) values (188, 'Nigel', 'Menloe', 'Male', 8477976744441);
insert into KlijentFizickoLice (KlijentFizickoLiceID, Ime, Prezime, Spol, JMBG) values (189, 'Linnet', 'Sandes', 'Female', 9171960842519);
insert into KlijentFizickoLice (KlijentFizickoLiceID, Ime, Prezime, Spol, JMBG) values (190, 'Freida', 'Holdworth', 'Female', 9833620267394);
insert into KlijentFizickoLice (KlijentFizickoLiceID, Ime, Prezime, Spol, JMBG) values (191, 'Astra', 'Brabant', 'Female', 4143272470208);
insert into KlijentFizickoLice (KlijentFizickoLiceID, Ime, Prezime, Spol, JMBG) values (192, 'Domenic', 'Sainthill', 'Male', 1759989730859);
insert into KlijentFizickoLice (KlijentFizickoLiceID, Ime, Prezime, Spol, JMBG) values (193, 'Peggi', 'Scargle', 'Female', 268572188933);
insert into KlijentFizickoLice (KlijentFizickoLiceID, Ime, Prezime, Spol, JMBG) values (194, 'Errick', 'Barrott', 'Male', 6809346423807);
insert into KlijentFizickoLice (KlijentFizickoLiceID, Ime, Prezime, Spol, JMBG) values (195, 'Ward', 'Rulten', 'Male', 9311463275270);
insert into KlijentFizickoLice (KlijentFizickoLiceID, Ime, Prezime, Spol, JMBG) values (196, 'Agnola', 'Halfhyde', 'Female', 914011198620);
insert into KlijentFizickoLice (KlijentFizickoLiceID, Ime, Prezime, Spol, JMBG) values (197, 'De witt', 'Curley', 'Male', 8451182470593);
insert into KlijentFizickoLice (KlijentFizickoLiceID, Ime, Prezime, Spol, JMBG) values (198, 'Hilary', 'Gillet', 'Female', 9198046707045);
insert into KlijentFizickoLice (KlijentFizickoLiceID, Ime, Prezime, Spol, JMBG) values (199, 'Melony', 'Rosenstein', 'Female', 691757878072);
insert into KlijentFizickoLice (KlijentFizickoLiceID, Ime, Prezime, Spol, JMBG) values (200, 'Franny', 'Petracci', 'Female', 5219308490584);
insert into KlijentFizickoLice (KlijentFizickoLiceID, Ime, Prezime, Spol, JMBG) values (201, 'Jody', 'Howerd', 'Female', 7698202609028);
insert into KlijentFizickoLice (KlijentFizickoLiceID, Ime, Prezime, Spol, JMBG) values (202, 'Devlin', 'Young', 'Male', 2697860407768);
insert into KlijentFizickoLice (KlijentFizickoLiceID, Ime, Prezime, Spol, JMBG) values (203, 'Dilly', 'Bannister', 'Male', 5253032435765);
insert into KlijentFizickoLice (KlijentFizickoLiceID, Ime, Prezime, Spol, JMBG) values (204, 'Ali', 'Scawton', 'Female', 9708175896704);
insert into KlijentFizickoLice (KlijentFizickoLiceID, Ime, Prezime, Spol, JMBG) values (205, 'Derek', 'Dyne', 'Male', 9608558677684);
insert into KlijentFizickoLice (KlijentFizickoLiceID, Ime, Prezime, Spol, JMBG) values (206, 'Rici', 'Trulocke', 'Female', 3294836850656);
insert into KlijentFizickoLice (KlijentFizickoLiceID, Ime, Prezime, Spol, JMBG) values (207, 'Angus', 'Braund', 'Male', 9929990798596);
insert into KlijentFizickoLice (KlijentFizickoLiceID, Ime, Prezime, Spol, JMBG) values (208, 'Nealy', 'Forst', 'Male', 1042627115102);
insert into KlijentFizickoLice (KlijentFizickoLiceID, Ime, Prezime, Spol, JMBG) values (209, 'Albertine', 'Wickey', 'Female', 1799861329884);
insert into KlijentFizickoLice (KlijentFizickoLiceID, Ime, Prezime, Spol, JMBG) values (210, 'Johannah', 'Sisey', 'Female', 425429846242);
insert into KlijentFizickoLice (KlijentFizickoLiceID, Ime, Prezime, Spol, JMBG) values (211, 'Amerigo', 'Merricks', 'Male', 6369471900325);
insert into KlijentFizickoLice (KlijentFizickoLiceID, Ime, Prezime, Spol, JMBG) values (212, 'Giacobo', 'Capnor', 'Male', 2897267643454);
insert into KlijentFizickoLice (KlijentFizickoLiceID, Ime, Prezime, Spol, JMBG) values (213, 'Giovanni', 'Jandera', 'Male', 287341477497);
insert into KlijentFizickoLice (KlijentFizickoLiceID, Ime, Prezime, Spol, JMBG) values (214, 'Aurel', 'Lowen', 'Female', 2307257222807);
insert into KlijentFizickoLice (KlijentFizickoLiceID, Ime, Prezime, Spol, JMBG) values (215, 'Marissa', 'Armsby', 'Female', 1493661440239);
insert into KlijentFizickoLice (KlijentFizickoLiceID, Ime, Prezime, Spol, JMBG) values (216, 'Ave', 'Skellon', 'Male', 4865769294477);
insert into KlijentFizickoLice (KlijentFizickoLiceID, Ime, Prezime, Spol, JMBG) values (217, 'Bryce', 'Marryatt', 'Male', 4446760851247);
insert into KlijentFizickoLice (KlijentFizickoLiceID, Ime, Prezime, Spol, JMBG) values (218, 'Broddy', 'Rubinfajn', 'Male', 9766133762116);
insert into KlijentFizickoLice (KlijentFizickoLiceID, Ime, Prezime, Spol, JMBG) values (219, 'Scot', 'Womersley', 'Male', 9778897458591);
insert into KlijentFizickoLice (KlijentFizickoLiceID, Ime, Prezime, Spol, JMBG) values (220, 'Shirlee', 'Tailby', 'Female', 4490144162550);
insert into KlijentFizickoLice (KlijentFizickoLiceID, Ime, Prezime, Spol, JMBG) values (221, 'Miner', 'Meyrick', 'Male', 8613605888654);
insert into KlijentFizickoLice (KlijentFizickoLiceID, Ime, Prezime, Spol, JMBG) values (222, 'Arney', 'Roomes', 'Male', 272187551211);
insert into KlijentFizickoLice (KlijentFizickoLiceID, Ime, Prezime, Spol, JMBG) values (223, 'Esra', 'Kinworthy', 'Male', 1773891182954);
insert into KlijentFizickoLice (KlijentFizickoLiceID, Ime, Prezime, Spol, JMBG) values (224, 'Amory', 'Gebb', 'Male', 4287452462096);
insert into KlijentFizickoLice (KlijentFizickoLiceID, Ime, Prezime, Spol, JMBG) values (225, 'Violante', 'Dempster', 'Female', 5786658915678);
insert into KlijentFizickoLice (KlijentFizickoLiceID, Ime, Prezime, Spol, JMBG) values (226, 'Emmett', 'Capper', 'Male', 3026162573377);
insert into KlijentFizickoLice (KlijentFizickoLiceID, Ime, Prezime, Spol, JMBG) values (227, 'Bram', 'Stansby', 'Male', 2003088914099);
insert into KlijentFizickoLice (KlijentFizickoLiceID, Ime, Prezime, Spol, JMBG) values (228, 'Serene', 'Dockrey', 'Female', 9745583152618);
insert into KlijentFizickoLice (KlijentFizickoLiceID, Ime, Prezime, Spol, JMBG) values (229, 'Keelia', 'Applin', 'Female', 2021605151902);
insert into KlijentFizickoLice (KlijentFizickoLiceID, Ime, Prezime, Spol, JMBG) values (230, 'Haze', 'Chawner', 'Male', 3126133364789);
insert into KlijentFizickoLice (KlijentFizickoLiceID, Ime, Prezime, Spol, JMBG) values (231, 'Jarid', 'Coopland', 'Male', 7261793120710);
insert into KlijentFizickoLice (KlijentFizickoLiceID, Ime, Prezime, Spol, JMBG) values (232, 'Sammie', 'Teager', 'Male', 4782060019647);
insert into KlijentFizickoLice (KlijentFizickoLiceID, Ime, Prezime, Spol, JMBG) values (233, 'Ulises', 'Coulbeck', 'Male', 2371165933495);
insert into KlijentFizickoLice (KlijentFizickoLiceID, Ime, Prezime, Spol, JMBG) values (234, 'Bertrand', 'Purkis', 'Male', 8882916229321);
insert into KlijentFizickoLice (KlijentFizickoLiceID, Ime, Prezime, Spol, JMBG) values (235, 'Micky', 'Iacopetti', 'Female', 5280894726675);
insert into KlijentFizickoLice (KlijentFizickoLiceID, Ime, Prezime, Spol, JMBG) values (236, 'Merrill', 'Leaves', 'Female', 3916186873631);
insert into KlijentFizickoLice (KlijentFizickoLiceID, Ime, Prezime, Spol, JMBG) values (237, 'Claudia', 'Benois', 'Female', 6368421643676);
insert into KlijentFizickoLice (KlijentFizickoLiceID, Ime, Prezime, Spol, JMBG) values (238, 'Carmina', 'Swayne', 'Female', 9790451482289);
insert into KlijentFizickoLice (KlijentFizickoLiceID, Ime, Prezime, Spol, JMBG) values (239, 'Randene', 'Eales', 'Female', 1191263308777);
insert into KlijentFizickoLice (KlijentFizickoLiceID, Ime, Prezime, Spol, JMBG) values (240, 'Granger', 'Gercken', 'Male', 4879873006571);
insert into KlijentFizickoLice (KlijentFizickoLiceID, Ime, Prezime, Spol, JMBG) values (241, 'Hewitt', 'Vreiberg', 'Male', 7910236567608);
insert into KlijentFizickoLice (KlijentFizickoLiceID, Ime, Prezime, Spol, JMBG) values (242, 'Shanta', 'Grove', 'Female', 1018579021871);
insert into KlijentFizickoLice (KlijentFizickoLiceID, Ime, Prezime, Spol, JMBG) values (243, 'Ericha', 'Loney', 'Female', 1180657237042);
insert into KlijentFizickoLice (KlijentFizickoLiceID, Ime, Prezime, Spol, JMBG) values (244, 'Huey', 'Shotter', 'Male', 7231913728456);
insert into KlijentFizickoLice (KlijentFizickoLiceID, Ime, Prezime, Spol, JMBG) values (245, 'Spike', 'Fortoun', 'Male', 3248868455273);
insert into KlijentFizickoLice (KlijentFizickoLiceID, Ime, Prezime, Spol, JMBG) values (246, 'Jory', 'Jackalin', 'Male', 1462346456474);
insert into KlijentFizickoLice (KlijentFizickoLiceID, Ime, Prezime, Spol, JMBG) values (247, 'Hebert', 'Abbot', 'Male', 2117425223355);
insert into KlijentFizickoLice (KlijentFizickoLiceID, Ime, Prezime, Spol, JMBG) values (248, 'Albertine', 'Matuszinski', 'Female', 1519285314425);
insert into KlijentFizickoLice (KlijentFizickoLiceID, Ime, Prezime, Spol, JMBG) values (249, 'Derril', 'Saylor', 'Male', 449784480170);
insert into KlijentFizickoLice (KlijentFizickoLiceID, Ime, Prezime, Spol, JMBG) values (250, 'Augustine', 'Elsmore', 'Female', 6175215943782);
insert into KlijentFizickoLice (KlijentFizickoLiceID, Ime, Prezime, Spol, JMBG) values (251, 'Johannah', 'Carley', 'Female', 9940350719139);
insert into KlijentFizickoLice (KlijentFizickoLiceID, Ime, Prezime, Spol, JMBG) values (252, 'Garik', 'Kornacki', 'Male', 5801743291331);
insert into KlijentFizickoLice (KlijentFizickoLiceID, Ime, Prezime, Spol, JMBG) values (253, 'Adam', 'Doers', 'Male', 4200748429569);
insert into KlijentFizickoLice (KlijentFizickoLiceID, Ime, Prezime, Spol, JMBG) values (254, 'Payton', 'Lattey', 'Male', 4502983046217);
insert into KlijentFizickoLice (KlijentFizickoLiceID, Ime, Prezime, Spol, JMBG) values (255, 'Melisandra', 'Lodewick', 'Female', 6872009064080);
insert into KlijentFizickoLice (KlijentFizickoLiceID, Ime, Prezime, Spol, JMBG) values (256, 'Carolin', 'Roughey', 'Female', 1688819027731);
insert into KlijentFizickoLice (KlijentFizickoLiceID, Ime, Prezime, Spol, JMBG) values (257, 'Tove', 'Firminger', 'Female', 6157058603508);
insert into KlijentFizickoLice (KlijentFizickoLiceID, Ime, Prezime, Spol, JMBG) values (258, 'Shelby', 'Bearn', 'Male', 6053836263306);
insert into KlijentFizickoLice (KlijentFizickoLiceID, Ime, Prezime, Spol, JMBG) values (259, 'Rubin', 'Leak', 'Male', 6905901662299);
insert into KlijentFizickoLice (KlijentFizickoLiceID, Ime, Prezime, Spol, JMBG) values (260, 'Lem', 'Libbe', 'Male', 1770894550720);
insert into KlijentFizickoLice (KlijentFizickoLiceID, Ime, Prezime, Spol, JMBG) values (261, 'Gaile', 'Brissard', 'Male', 2846951220412);
insert into KlijentFizickoLice (KlijentFizickoLiceID, Ime, Prezime, Spol, JMBG) values (262, 'Merla', 'Epp', 'Female', 7330924011184);
insert into KlijentFizickoLice (KlijentFizickoLiceID, Ime, Prezime, Spol, JMBG) values (263, 'Tyne', 'Robbings', 'Female', 6966827973291);
insert into KlijentFizickoLice (KlijentFizickoLiceID, Ime, Prezime, Spol, JMBG) values (264, 'Sigrid', 'MacSween', 'Female', 2414218153807);
insert into KlijentFizickoLice (KlijentFizickoLiceID, Ime, Prezime, Spol, JMBG) values (265, 'Erhard', 'Sperling', 'Male', 7157915078688);
insert into KlijentFizickoLice (KlijentFizickoLiceID, Ime, Prezime, Spol, JMBG) values (266, 'Penny', 'Thorwarth', 'Male', 9058022069466);
insert into KlijentFizickoLice (KlijentFizickoLiceID, Ime, Prezime, Spol, JMBG) values (267, 'Deana', 'Newark', 'Female', 4418273002555);
insert into KlijentFizickoLice (KlijentFizickoLiceID, Ime, Prezime, Spol, JMBG) values (268, 'Abbie', 'Bohea', 'Female', 3529738951503);
insert into KlijentFizickoLice (KlijentFizickoLiceID, Ime, Prezime, Spol, JMBG) values (269, 'Care', 'Newcome', 'Male', 2066460388874);
insert into KlijentFizickoLice (KlijentFizickoLiceID, Ime, Prezime, Spol, JMBG) values (270, 'Flin', 'O''Scanlon', 'Male', 2419236144752);
insert into KlijentFizickoLice (KlijentFizickoLiceID, Ime, Prezime, Spol, JMBG) values (271, 'Jocelyne', 'Huddlestone', 'Female', 1746276981937);
insert into KlijentFizickoLice (KlijentFizickoLiceID, Ime, Prezime, Spol, JMBG) values (272, 'Michel', 'Joule', 'Female', 6506593479743);
insert into KlijentFizickoLice (KlijentFizickoLiceID, Ime, Prezime, Spol, JMBG) values (273, 'Slade', 'Laidlaw', 'Male', 4724333690625);
insert into KlijentFizickoLice (KlijentFizickoLiceID, Ime, Prezime, Spol, JMBG) values (274, 'Ruthie', 'Coot', 'Female', 7948722675877);
insert into KlijentFizickoLice (KlijentFizickoLiceID, Ime, Prezime, Spol, JMBG) values (275, 'Zak', 'Brayfield', 'Male', 515880432900);
insert into KlijentFizickoLice (KlijentFizickoLiceID, Ime, Prezime, Spol, JMBG) values (276, 'Randal', 'Askaw', 'Male', 2074737981894);
insert into KlijentFizickoLice (KlijentFizickoLiceID, Ime, Prezime, Spol, JMBG) values (277, 'Calhoun', 'Beseke', 'Male', 7332744383586);
insert into KlijentFizickoLice (KlijentFizickoLiceID, Ime, Prezime, Spol, JMBG) values (278, 'Patrizius', 'Oiller', 'Male', 1410583009972);
insert into KlijentFizickoLice (KlijentFizickoLiceID, Ime, Prezime, Spol, JMBG) values (279, 'Dov', 'McDaid', 'Male', 4252263188610);
insert into KlijentFizickoLice (KlijentFizickoLiceID, Ime, Prezime, Spol, JMBG) values (280, 'Parnell', 'Fegan', 'Male', 1541020271525);
insert into KlijentFizickoLice (KlijentFizickoLiceID, Ime, Prezime, Spol, JMBG) values (281, 'Elsey', 'Rosenstengel', 'Female', 5526142273379);
insert into KlijentFizickoLice (KlijentFizickoLiceID, Ime, Prezime, Spol, JMBG) values (282, 'Nanine', 'MacPherson', 'Female', 6790149972745);
insert into KlijentFizickoLice (KlijentFizickoLiceID, Ime, Prezime, Spol, JMBG) values (283, 'Stillman', 'Diable', 'Male', 1781890104057);
insert into KlijentFizickoLice (KlijentFizickoLiceID, Ime, Prezime, Spol, JMBG) values (284, 'Yuma', 'Denley', 'Male', 282432577333);
insert into KlijentFizickoLice (KlijentFizickoLiceID, Ime, Prezime, Spol, JMBG) values (285, 'Wendall', 'Donohoe', 'Male', 7281112614411);
insert into KlijentFizickoLice (KlijentFizickoLiceID, Ime, Prezime, Spol, JMBG) values (286, 'Tabby', 'Butts', 'Male', 7390487672277);
insert into KlijentFizickoLice (KlijentFizickoLiceID, Ime, Prezime, Spol, JMBG) values (287, 'Dave', 'Heathcott', 'Male', 2914935518420);
insert into KlijentFizickoLice (KlijentFizickoLiceID, Ime, Prezime, Spol, JMBG) values (288, 'Lilyan', 'Scrane', 'Female', 1375165215116);
insert into KlijentFizickoLice (KlijentFizickoLiceID, Ime, Prezime, Spol, JMBG) values (289, 'Isac', 'Tutin', 'Male', 7898812510728);
insert into KlijentFizickoLice (KlijentFizickoLiceID, Ime, Prezime, Spol, JMBG) values (290, 'Carey', 'Dutton', 'Female', 2502838156436);
insert into KlijentFizickoLice (KlijentFizickoLiceID, Ime, Prezime, Spol, JMBG) values (291, 'Gare', 'Paton', 'Male', 372106273770);
insert into KlijentFizickoLice (KlijentFizickoLiceID, Ime, Prezime, Spol, JMBG) values (292, 'Renelle', 'Heading', 'Female', 9810264739445);
insert into KlijentFizickoLice (KlijentFizickoLiceID, Ime, Prezime, Spol, JMBG) values (293, 'Bobbye', 'Von Welldun', 'Female', 2127035313744);
insert into KlijentFizickoLice (KlijentFizickoLiceID, Ime, Prezime, Spol, JMBG) values (294, 'Bryon', 'Bails', 'Male', 237059990528);
insert into KlijentFizickoLice (KlijentFizickoLiceID, Ime, Prezime, Spol, JMBG) values (295, 'Kacy', 'Mattersey', 'Female', 8970226890229);
insert into KlijentFizickoLice (KlijentFizickoLiceID, Ime, Prezime, Spol, JMBG) values (296, 'Alfons', 'Smeed', 'Male', 8729344906780);
insert into KlijentFizickoLice (KlijentFizickoLiceID, Ime, Prezime, Spol, JMBG) values (297, 'Caron', 'Boylin', 'Female', 9521429252493);
insert into KlijentFizickoLice (KlijentFizickoLiceID, Ime, Prezime, Spol, JMBG) values (298, 'Kiri', 'Bendig', 'Female', 9122647409336);
insert into KlijentFizickoLice (KlijentFizickoLiceID, Ime, Prezime, Spol, JMBG) values (299, 'Anastassia', 'Volke', 'Female', 1578402392462);
insert into KlijentFizickoLice (KlijentFizickoLiceID, Ime, Prezime, Spol, JMBG) values (300, 'Lemuel', 'Tenman', 'Male', 7680320202939);

insert into Dogadjaji (DogadjajID, Vrsta, Naziv, BrojGostiju, Datum, KlijentID, GradID) values (1, 'Khaki', 'Cardify', 60, '08/02/2011', 73, 15);
insert into Dogadjaji (DogadjajID, Vrsta, Naziv, BrojGostiju, Datum, KlijentID, GradID) values (2, 'Pink', 'Gembucket', 364, '30/04/2015', 83, 10);
insert into Dogadjaji (DogadjajID, Vrsta, Naziv, BrojGostiju, Datum, KlijentID, GradID) values (3, 'Teal', 'Latlux', 231, '20/03/2015', 283, 15);
insert into Dogadjaji (DogadjajID, Vrsta, Naziv, BrojGostiju, Datum, KlijentID, GradID) values (4, 'Maroon', 'Cardify', 424, '16/07/2016', 85, 15);
insert into Dogadjaji (DogadjajID, Vrsta, Naziv, BrojGostiju, Datum, KlijentID, GradID) values (5, 'Red', 'Span', 340, '14/08/2017', 56, 1);
insert into Dogadjaji (DogadjajID, Vrsta, Naziv, BrojGostiju, Datum, KlijentID, GradID) values (6, 'Turquoise', 'Mat Lam Tam', 74, '27/02/2017', 175, 20);
insert into Dogadjaji (DogadjajID, Vrsta, Naziv, BrojGostiju, Datum, KlijentID, GradID) values (7, 'Teal', 'Matsoft', 375, '23/02/2012', 214, 9);
insert into Dogadjaji (DogadjajID, Vrsta, Naziv, BrojGostiju, Datum, KlijentID, GradID) values (8, 'Purple', 'Zamit', 351, '12/01/2013', 251, 13);
insert into Dogadjaji (DogadjajID, Vrsta, Naziv, BrojGostiju, Datum, KlijentID, GradID) values (9, 'Maroon', 'Overhold', 465, '15/12/2010', 241, 13);
insert into Dogadjaji (DogadjajID, Vrsta, Naziv, BrojGostiju, Datum, KlijentID, GradID) values (10, 'Pink', 'Keylex', 180, '28/09/2010', 288, 9);
insert into Dogadjaji (DogadjajID, Vrsta, Naziv, BrojGostiju, Datum, KlijentID, GradID) values (11, 'Mauv', 'Quo Lux', 254, '29/12/2011', 69, 13);
insert into Dogadjaji (DogadjajID, Vrsta, Naziv, BrojGostiju, Datum, KlijentID, GradID) values (12, 'Turquoise', 'Stim', 166, '20/03/2018', 182, 17);
insert into Dogadjaji (DogadjajID, Vrsta, Naziv, BrojGostiju, Datum, KlijentID, GradID) values (13, 'Turquoise', 'Job', 275, '17/04/2018', 290, 17);
insert into Dogadjaji (DogadjajID, Vrsta, Naziv, BrojGostiju, Datum, KlijentID, GradID) values (14, 'Puce', 'Asoka', 83, '06/05/2017', 169, 6);
insert into Dogadjaji (DogadjajID, Vrsta, Naziv, BrojGostiju, Datum, KlijentID, GradID) values (15, 'Turquoise', 'Bitwolf', 240, '03/10/2012', 152, 2);
insert into Dogadjaji (DogadjajID, Vrsta, Naziv, BrojGostiju, Datum, KlijentID, GradID) values (16, 'Teal', 'Bigtax', 351, '03/11/2016', 51, 12);
insert into Dogadjaji (DogadjajID, Vrsta, Naziv, BrojGostiju, Datum, KlijentID, GradID) values (17, 'Orange', 'Flexidy', 490, '04/11/2012', 283, 12);
insert into Dogadjaji (DogadjajID, Vrsta, Naziv, BrojGostiju, Datum, KlijentID, GradID) values (18, 'Goldenrod', 'Biodex', 93, '01/09/2009', 182, 13);
insert into Dogadjaji (DogadjajID, Vrsta, Naziv, BrojGostiju, Datum, KlijentID, GradID) values (19, 'Aquamarine', 'Lotstring', 256, '21/01/2015', 64, 14);
insert into Dogadjaji (DogadjajID, Vrsta, Naziv, BrojGostiju, Datum, KlijentID, GradID) values (20, 'Fuscia', 'Cardify', 164, '05/06/2015', 228, 7);
insert into Dogadjaji (DogadjajID, Vrsta, Naziv, BrojGostiju, Datum, KlijentID, GradID) values (21, 'Khaki', 'Home Ing', 337, '26/03/2010', 204, 12);
insert into Dogadjaji (DogadjajID, Vrsta, Naziv, BrojGostiju, Datum, KlijentID, GradID) values (22, 'Turquoise', 'Sonair', 119, '11/09/2018', 180, 3);
insert into Dogadjaji (DogadjajID, Vrsta, Naziv, BrojGostiju, Datum, KlijentID, GradID) values (23, 'Orange', 'Bigtax', 294, '11/09/2016', 45, 18);
insert into Dogadjaji (DogadjajID, Vrsta, Naziv, BrojGostiju, Datum, KlijentID, GradID) values (24, 'Maroon', 'Quo Lux', 350, '05/10/2018', 175, 3);
insert into Dogadjaji (DogadjajID, Vrsta, Naziv, BrojGostiju, Datum, KlijentID, GradID) values (25, 'Maroon', 'Domainer', 50, '08/06/2012', 91, 4);
insert into Dogadjaji (DogadjajID, Vrsta, Naziv, BrojGostiju, Datum, KlijentID, GradID) values (26, 'Goldenrod', 'Y-Solowarm', 437, '22/02/2010', 298, 16);
insert into Dogadjaji (DogadjajID, Vrsta, Naziv, BrojGostiju, Datum, KlijentID, GradID) values (27, 'Red', 'Bytecard', 406, '28/10/2009', 202, 15);
insert into Dogadjaji (DogadjajID, Vrsta, Naziv, BrojGostiju, Datum, KlijentID, GradID) values (28, 'Aquamarine', 'Veribet', 253, '17/03/2014', 230, 5);
insert into Dogadjaji (DogadjajID, Vrsta, Naziv, BrojGostiju, Datum, KlijentID, GradID) values (29, 'Khaki', 'Konklux', 113, '08/05/2011', 224, 15);
insert into Dogadjaji (DogadjajID, Vrsta, Naziv, BrojGostiju, Datum, KlijentID, GradID) values (30, 'Crimson', 'Toughjoyfax', 281, '24/07/2017', 268, 14);
insert into Dogadjaji (DogadjajID, Vrsta, Naziv, BrojGostiju, Datum, KlijentID, GradID) values (31, 'Violet', 'Otcom', 471, '15/11/2009', 250, 1);
insert into Dogadjaji (DogadjajID, Vrsta, Naziv, BrojGostiju, Datum, KlijentID, GradID) values (32, 'Green', 'Bigtax', 178, '20/02/2011', 159, 5);
insert into Dogadjaji (DogadjajID, Vrsta, Naziv, BrojGostiju, Datum, KlijentID, GradID) values (33, 'Khaki', 'Flexidy', 477, '13/06/2012', 96, 20);
insert into Dogadjaji (DogadjajID, Vrsta, Naziv, BrojGostiju, Datum, KlijentID, GradID) values (34, 'Aquamarine', 'Regrant', 71, '21/10/2011', 261, 13);
insert into Dogadjaji (DogadjajID, Vrsta, Naziv, BrojGostiju, Datum, KlijentID, GradID) values (35, 'Turquoise', 'Treeflex', 111, '07/10/2014', 270, 15);
insert into Dogadjaji (DogadjajID, Vrsta, Naziv, BrojGostiju, Datum, KlijentID, GradID) values (36, 'Turquoise', 'Opela', 101, '30/05/2018', 171, 15);
insert into Dogadjaji (DogadjajID, Vrsta, Naziv, BrojGostiju, Datum, KlijentID, GradID) values (37, 'Red', 'Lotlux', 457, '25/05/2011', 32, 5);
insert into Dogadjaji (DogadjajID, Vrsta, Naziv, BrojGostiju, Datum, KlijentID, GradID) values (38, 'Goldenrod', 'Viva', 86, '09/08/2015', 140, 16);
insert into Dogadjaji (DogadjajID, Vrsta, Naziv, BrojGostiju, Datum, KlijentID, GradID) values (39, 'Fuscia', 'Bitchip', 272, '10/01/2013', 30, 8);
insert into Dogadjaji (DogadjajID, Vrsta, Naziv, BrojGostiju, Datum, KlijentID, GradID) values (40, 'Blue', 'Ronstring', 490, '15/10/2014', 126, 14);
insert into Dogadjaji (DogadjajID, Vrsta, Naziv, BrojGostiju, Datum, KlijentID, GradID) values (41, 'Fuscia', 'Rank', 249, '18/07/2013', 294, 5);
insert into Dogadjaji (DogadjajID, Vrsta, Naziv, BrojGostiju, Datum, KlijentID, GradID) values (42, 'Pink', 'Alpha', 193, '03/07/2017', 94, 8);
insert into Dogadjaji (DogadjajID, Vrsta, Naziv, BrojGostiju, Datum, KlijentID, GradID) values (43, 'Violet', 'Bigtax', 474, '18/08/2017', 203, 1);
insert into Dogadjaji (DogadjajID, Vrsta, Naziv, BrojGostiju, Datum, KlijentID, GradID) values (44, 'Aquamarine', 'Matsoft', 205, '22/09/2010', 285, 9);
insert into Dogadjaji (DogadjajID, Vrsta, Naziv, BrojGostiju, Datum, KlijentID, GradID) values (45, 'Maroon', 'Lotlux', 254, '23/02/2011', 40, 20);
insert into Dogadjaji (DogadjajID, Vrsta, Naziv, BrojGostiju, Datum, KlijentID, GradID) values (46, 'Khaki', 'Lotstring', 132, '26/05/2015', 193, 3);
insert into Dogadjaji (DogadjajID, Vrsta, Naziv, BrojGostiju, Datum, KlijentID, GradID) values (47, 'Indigo', 'Prodder', 477, '14/12/2014', 141, 2);
insert into Dogadjaji (DogadjajID, Vrsta, Naziv, BrojGostiju, Datum, KlijentID, GradID) values (48, 'Purple', 'Biodex', 202, '29/01/2010', 230, 1);
insert into Dogadjaji (DogadjajID, Vrsta, Naziv, BrojGostiju, Datum, KlijentID, GradID) values (49, 'Green', 'Bigtax', 372, '01/05/2015', 132, 16);
insert into Dogadjaji (DogadjajID, Vrsta, Naziv, BrojGostiju, Datum, KlijentID, GradID) values (50, 'Fuscia', 'Span', 278, '22/11/2012', 256, 18);
insert into Dogadjaji (DogadjajID, Vrsta, Naziv, BrojGostiju, Datum, KlijentID, GradID) values (51, 'Turquoise', 'Trippledex', 282, '24/08/2017', 117, 1);
insert into Dogadjaji (DogadjajID, Vrsta, Naziv, BrojGostiju, Datum, KlijentID, GradID) values (52, 'Indigo', 'Alphazap', 363, '07/09/2018', 86, 3);
insert into Dogadjaji (DogadjajID, Vrsta, Naziv, BrojGostiju, Datum, KlijentID, GradID) values (53, 'Turquoise', 'Subin', 176, '23/02/2011', 249, 17);
insert into Dogadjaji (DogadjajID, Vrsta, Naziv, BrojGostiju, Datum, KlijentID, GradID) values (54, 'Blue', 'Vagram', 257, '10/04/2014', 280, 12);
insert into Dogadjaji (DogadjajID, Vrsta, Naziv, BrojGostiju, Datum, KlijentID, GradID) values (55, 'Violet', 'Rank', 392, '31/01/2009', 250, 7);
insert into Dogadjaji (DogadjajID, Vrsta, Naziv, BrojGostiju, Datum, KlijentID, GradID) values (56, 'Red', 'Sub-Ex', 493, '21/06/2018', 276, 9);
insert into Dogadjaji (DogadjajID, Vrsta, Naziv, BrojGostiju, Datum, KlijentID, GradID) values (57, 'Teal', 'Tresom', 419, '17/06/2017', 57, 5);
insert into Dogadjaji (DogadjajID, Vrsta, Naziv, BrojGostiju, Datum, KlijentID, GradID) values (58, 'Orange', 'Keylex', 386, '15/01/2017', 251, 9);
insert into Dogadjaji (DogadjajID, Vrsta, Naziv, BrojGostiju, Datum, KlijentID, GradID) values (59, 'Green', 'Transcof', 219, '15/01/2009', 260, 1);
insert into Dogadjaji (DogadjajID, Vrsta, Naziv, BrojGostiju, Datum, KlijentID, GradID) values (60, 'Blue', 'Ronstring', 172, '10/04/2012', 253, 7);
insert into Dogadjaji (DogadjajID, Vrsta, Naziv, BrojGostiju, Datum, KlijentID, GradID) values (61, 'Violet', 'Rank', 319, '28/05/2016', 133, 5);
insert into Dogadjaji (DogadjajID, Vrsta, Naziv, BrojGostiju, Datum, KlijentID, GradID) values (62, 'Goldenrod', 'Hatity', 374, '15/08/2017', 76, 13);
insert into Dogadjaji (DogadjajID, Vrsta, Naziv, BrojGostiju, Datum, KlijentID, GradID) values (63, 'Orange', 'Redhold', 332, '11/12/2013', 193, 3);
insert into Dogadjaji (DogadjajID, Vrsta, Naziv, BrojGostiju, Datum, KlijentID, GradID) values (64, 'Fuscia', 'Otcom', 207, '19/11/2009', 59, 7);
insert into Dogadjaji (DogadjajID, Vrsta, Naziv, BrojGostiju, Datum, KlijentID, GradID) values (65, 'Goldenrod', 'Fintone', 58, '20/09/2011', 300, 4);
insert into Dogadjaji (DogadjajID, Vrsta, Naziv, BrojGostiju, Datum, KlijentID, GradID) values (66, 'Goldenrod', 'Solarbreeze', 405, '12/09/2009', 205, 1);
insert into Dogadjaji (DogadjajID, Vrsta, Naziv, BrojGostiju, Datum, KlijentID, GradID) values (67, 'Teal', 'Overhold', 361, '24/10/2016', 27, 1);
insert into Dogadjaji (DogadjajID, Vrsta, Naziv, BrojGostiju, Datum, KlijentID, GradID) values (68, 'Indigo', 'Y-find', 137, '17/07/2017', 7, 6);
insert into Dogadjaji (DogadjajID, Vrsta, Naziv, BrojGostiju, Datum, KlijentID, GradID) values (69, 'Orange', 'Veribet', 225, '26/03/2014', 276, 9);
insert into Dogadjaji (DogadjajID, Vrsta, Naziv, BrojGostiju, Datum, KlijentID, GradID) values (70, 'Violet', 'Zoolab', 473, '25/07/2017', 182, 14);
insert into Dogadjaji (DogadjajID, Vrsta, Naziv, BrojGostiju, Datum, KlijentID, GradID) values (71, 'Green', 'Trippledex', 341, '12/06/2015', 196, 16);
insert into Dogadjaji (DogadjajID, Vrsta, Naziv, BrojGostiju, Datum, KlijentID, GradID) values (72, 'Pink', 'Cardguard', 146, '27/11/2011', 74, 10);
insert into Dogadjaji (DogadjajID, Vrsta, Naziv, BrojGostiju, Datum, KlijentID, GradID) values (73, 'Goldenrod', 'Fintone', 279, '29/11/2016', 209, 14);
insert into Dogadjaji (DogadjajID, Vrsta, Naziv, BrojGostiju, Datum, KlijentID, GradID) values (74, 'Orange', 'Subin', 391, '30/11/2017', 229, 1);
insert into Dogadjaji (DogadjajID, Vrsta, Naziv, BrojGostiju, Datum, KlijentID, GradID) values (75, 'Crimson', 'Konklux', 159, '23/02/2016', 121, 3);
insert into Dogadjaji (DogadjajID, Vrsta, Naziv, BrojGostiju, Datum, KlijentID, GradID) values (76, 'Aquamarine', 'Bamity', 98, '08/03/2009', 275, 11);
insert into Dogadjaji (DogadjajID, Vrsta, Naziv, BrojGostiju, Datum, KlijentID, GradID) values (77, 'Red', 'Toughjoyfax', 179, '20/01/2018', 16, 20);
insert into Dogadjaji (DogadjajID, Vrsta, Naziv, BrojGostiju, Datum, KlijentID, GradID) values (78, 'Orange', 'Voyatouch', 452, '14/10/2011', 94, 7);
insert into Dogadjaji (DogadjajID, Vrsta, Naziv, BrojGostiju, Datum, KlijentID, GradID) values (79, 'Mauv', 'Transcof', 441, '20/04/2010', 261, 20);
insert into Dogadjaji (DogadjajID, Vrsta, Naziv, BrojGostiju, Datum, KlijentID, GradID) values (80, 'Green', 'Temp', 421, '28/04/2009', 269, 13);
insert into Dogadjaji (DogadjajID, Vrsta, Naziv, BrojGostiju, Datum, KlijentID, GradID) values (81, 'Fuscia', 'Veribet', 254, '10/06/2013', 134, 19);
insert into Dogadjaji (DogadjajID, Vrsta, Naziv, BrojGostiju, Datum, KlijentID, GradID) values (82, 'Khaki', 'Toughjoyfax', 198, '28/02/2009', 298, 18);
insert into Dogadjaji (DogadjajID, Vrsta, Naziv, BrojGostiju, Datum, KlijentID, GradID) values (83, 'Mauv', 'Lotstring', 281, '01/02/2011', 109, 13);
insert into Dogadjaji (DogadjajID, Vrsta, Naziv, BrojGostiju, Datum, KlijentID, GradID) values (84, 'Puce', 'Tresom', 97, '07/03/2018', 66, 5);
insert into Dogadjaji (DogadjajID, Vrsta, Naziv, BrojGostiju, Datum, KlijentID, GradID) values (85, 'Crimson', 'Y-find', 259, '28/11/2010', 194, 17);
insert into Dogadjaji (DogadjajID, Vrsta, Naziv, BrojGostiju, Datum, KlijentID, GradID) values (86, 'Orange', 'Trippledex', 104, '15/11/2018', 108, 20);
insert into Dogadjaji (DogadjajID, Vrsta, Naziv, BrojGostiju, Datum, KlijentID, GradID) values (87, 'Aquamarine', 'Sonair', 229, '17/07/2013', 32, 8);
insert into Dogadjaji (DogadjajID, Vrsta, Naziv, BrojGostiju, Datum, KlijentID, GradID) values (88, 'Purple', 'Hatity', 478, '06/09/2017', 48, 20);
insert into Dogadjaji (DogadjajID, Vrsta, Naziv, BrojGostiju, Datum, KlijentID, GradID) values (89, 'Khaki', 'Fixflex', 127, '26/12/2014', 216, 18);
insert into Dogadjaji (DogadjajID, Vrsta, Naziv, BrojGostiju, Datum, KlijentID, GradID) values (90, 'Goldenrod', 'Biodex', 267, '20/04/2018', 279, 9);
insert into Dogadjaji (DogadjajID, Vrsta, Naziv, BrojGostiju, Datum, KlijentID, GradID) values (91, 'Maroon', 'Greenlam', 460, '20/12/2014', 137, 6);
insert into Dogadjaji (DogadjajID, Vrsta, Naziv, BrojGostiju, Datum, KlijentID, GradID) values (92, 'Violet', 'Regrant', 466, '01/01/2016', 54, 5);
insert into Dogadjaji (DogadjajID, Vrsta, Naziv, BrojGostiju, Datum, KlijentID, GradID) values (93, 'Puce', 'Redhold', 105, '01/04/2014', 132, 1);
insert into Dogadjaji (DogadjajID, Vrsta, Naziv, BrojGostiju, Datum, KlijentID, GradID) values (94, 'Purple', 'Ventosanzap', 281, '19/07/2017', 31, 14);
insert into Dogadjaji (DogadjajID, Vrsta, Naziv, BrojGostiju, Datum, KlijentID, GradID) values (95, 'Teal', 'Temp', 113, '01/09/2018', 245, 16);
insert into Dogadjaji (DogadjajID, Vrsta, Naziv, BrojGostiju, Datum, KlijentID, GradID) values (96, 'Pink', 'Vagram', 428, '13/09/2015', 190, 11);
insert into Dogadjaji (DogadjajID, Vrsta, Naziv, BrojGostiju, Datum, KlijentID, GradID) values (97, 'Puce', 'Flowdesk', 52, '26/11/2015', 274, 12);
insert into Dogadjaji (DogadjajID, Vrsta, Naziv, BrojGostiju, Datum, KlijentID, GradID) values (98, 'Aquamarine', 'Tempsoft', 346, '10/08/2013', 116, 20);
insert into Dogadjaji (DogadjajID, Vrsta, Naziv, BrojGostiju, Datum, KlijentID, GradID) values (99, 'Puce', 'Bigtax', 351, '22/12/2012', 164, 2);
insert into Dogadjaji (DogadjajID, Vrsta, Naziv, BrojGostiju, Datum, KlijentID, GradID) values (100, 'Green', 'Cardguard', 101, '06/08/2013', 264, 7);
insert into Dogadjaji (DogadjajID, Vrsta, Naziv, BrojGostiju, Datum, KlijentID, GradID) values (101, 'Pink', 'Biodex', 457, '15/03/2016', 69, 9);
insert into Dogadjaji (DogadjajID, Vrsta, Naziv, BrojGostiju, Datum, KlijentID, GradID) values (102, 'Puce', 'Vagram', 167, '26/01/2010', 219, 6);
insert into Dogadjaji (DogadjajID, Vrsta, Naziv, BrojGostiju, Datum, KlijentID, GradID) values (103, 'Indigo', 'Viva', 127, '28/06/2015', 92, 1);
insert into Dogadjaji (DogadjajID, Vrsta, Naziv, BrojGostiju, Datum, KlijentID, GradID) values (104, 'Turquoise', 'Zamit', 349, '06/08/2013', 150, 20);
insert into Dogadjaji (DogadjajID, Vrsta, Naziv, BrojGostiju, Datum, KlijentID, GradID) values (105, 'Pink', 'Alpha', 303, '28/02/2012', 169, 20);
insert into Dogadjaji (DogadjajID, Vrsta, Naziv, BrojGostiju, Datum, KlijentID, GradID) values (106, 'Pink', 'Zathin', 465, '28/07/2013', 3, 14);
insert into Dogadjaji (DogadjajID, Vrsta, Naziv, BrojGostiju, Datum, KlijentID, GradID) values (107, 'Aquamarine', 'Gembucket', 412, '29/05/2018', 184, 1);
insert into Dogadjaji (DogadjajID, Vrsta, Naziv, BrojGostiju, Datum, KlijentID, GradID) values (108, 'Turquoise', 'Ventosanzap', 190, '20/10/2012', 155, 9);
insert into Dogadjaji (DogadjajID, Vrsta, Naziv, BrojGostiju, Datum, KlijentID, GradID) values (109, 'Fuscia', 'Alpha', 468, '22/01/2015', 87, 12);
insert into Dogadjaji (DogadjajID, Vrsta, Naziv, BrojGostiju, Datum, KlijentID, GradID) values (110, 'Khaki', 'Bigtax', 129, '11/01/2017', 83, 14);
insert into Dogadjaji (DogadjajID, Vrsta, Naziv, BrojGostiju, Datum, KlijentID, GradID) values (111, 'Goldenrod', 'Alphazap', 139, '30/01/2017', 292, 9);
insert into Dogadjaji (DogadjajID, Vrsta, Naziv, BrojGostiju, Datum, KlijentID, GradID) values (112, 'Turquoise', 'Alpha', 405, '09/05/2013', 225, 11);
insert into Dogadjaji (DogadjajID, Vrsta, Naziv, BrojGostiju, Datum, KlijentID, GradID) values (113, 'Teal', 'Andalax', 234, '25/12/2012', 108, 17);
insert into Dogadjaji (DogadjajID, Vrsta, Naziv, BrojGostiju, Datum, KlijentID, GradID) values (114, 'Purple', 'Konklux', 243, '28/02/2018', 163, 13);
insert into Dogadjaji (DogadjajID, Vrsta, Naziv, BrojGostiju, Datum, KlijentID, GradID) values (115, 'Khaki', 'Flexidy', 67, '07/07/2014', 169, 11);
insert into Dogadjaji (DogadjajID, Vrsta, Naziv, BrojGostiju, Datum, KlijentID, GradID) values (116, 'Crimson', 'Otcom', 259, '06/09/2014', 280, 19);
insert into Dogadjaji (DogadjajID, Vrsta, Naziv, BrojGostiju, Datum, KlijentID, GradID) values (117, 'Blue', 'Subin', 339, '11/09/2011', 218, 17);
insert into Dogadjaji (DogadjajID, Vrsta, Naziv, BrojGostiju, Datum, KlijentID, GradID) values (118, 'Crimson', 'Home Ing', 91, '11/03/2013', 285, 14);
insert into Dogadjaji (DogadjajID, Vrsta, Naziv, BrojGostiju, Datum, KlijentID, GradID) values (119, 'Pink', 'Bitwolf', 251, '09/11/2018', 220, 14);
insert into Dogadjaji (DogadjajID, Vrsta, Naziv, BrojGostiju, Datum, KlijentID, GradID) values (120, 'Indigo', 'Tres-Zap', 318, '15/09/2009', 278, 1);
insert into Dogadjaji (DogadjajID, Vrsta, Naziv, BrojGostiju, Datum, KlijentID, GradID) values (121, 'Fuscia', 'Ronstring', 268, '16/11/2017', 98, 11);
insert into Dogadjaji (DogadjajID, Vrsta, Naziv, BrojGostiju, Datum, KlijentID, GradID) values (122, 'Blue', 'Greenlam', 163, '14/12/2010', 139, 13);
insert into Dogadjaji (DogadjajID, Vrsta, Naziv, BrojGostiju, Datum, KlijentID, GradID) values (123, 'Maroon', 'Quo Lux', 82, '14/08/2015', 147, 15);
insert into Dogadjaji (DogadjajID, Vrsta, Naziv, BrojGostiju, Datum, KlijentID, GradID) values (124, 'Yellow', 'Bigtax', 107, '20/09/2015', 188, 10);
insert into Dogadjaji (DogadjajID, Vrsta, Naziv, BrojGostiju, Datum, KlijentID, GradID) values (125, 'Aquamarine', 'Sonsing', 192, '23/06/2017', 259, 9);
insert into Dogadjaji (DogadjajID, Vrsta, Naziv, BrojGostiju, Datum, KlijentID, GradID) values (126, 'Goldenrod', 'Flexidy', 311, '08/11/2009', 28, 3);
insert into Dogadjaji (DogadjajID, Vrsta, Naziv, BrojGostiju, Datum, KlijentID, GradID) values (127, 'Aquamarine', 'Sub-Ex', 370, '12/01/2013', 43, 5);
insert into Dogadjaji (DogadjajID, Vrsta, Naziv, BrojGostiju, Datum, KlijentID, GradID) values (128, 'Fuscia', 'Tres-Zap', 310, '21/04/2011', 152, 4);
insert into Dogadjaji (DogadjajID, Vrsta, Naziv, BrojGostiju, Datum, KlijentID, GradID) values (129, 'Green', 'Treeflex', 152, '30/01/2017', 5, 1);
insert into Dogadjaji (DogadjajID, Vrsta, Naziv, BrojGostiju, Datum, KlijentID, GradID) values (130, 'Mauv', 'Quo Lux', 223, '22/04/2015', 92, 16);
insert into Dogadjaji (DogadjajID, Vrsta, Naziv, BrojGostiju, Datum, KlijentID, GradID) values (131, 'Aquamarine', 'Vagram', 499, '04/09/2011', 115, 16);
insert into Dogadjaji (DogadjajID, Vrsta, Naziv, BrojGostiju, Datum, KlijentID, GradID) values (132, 'Turquoise', 'Domainer', 98, '18/09/2018', 176, 2);
insert into Dogadjaji (DogadjajID, Vrsta, Naziv, BrojGostiju, Datum, KlijentID, GradID) values (133, 'Violet', 'Stim', 420, '14/05/2017', 111, 11);
insert into Dogadjaji (DogadjajID, Vrsta, Naziv, BrojGostiju, Datum, KlijentID, GradID) values (134, 'Violet', 'Alpha', 267, '17/01/2017', 237, 7);
insert into Dogadjaji (DogadjajID, Vrsta, Naziv, BrojGostiju, Datum, KlijentID, GradID) values (135, 'Violet', 'Y-Solowarm', 497, '16/09/2017', 113, 15);
insert into Dogadjaji (DogadjajID, Vrsta, Naziv, BrojGostiju, Datum, KlijentID, GradID) values (136, 'Crimson', 'Y-find', 350, '19/09/2017', 25, 20);
insert into Dogadjaji (DogadjajID, Vrsta, Naziv, BrojGostiju, Datum, KlijentID, GradID) values (137, 'Red', 'Keylex', 344, '19/05/2016', 29, 10);
insert into Dogadjaji (DogadjajID, Vrsta, Naziv, BrojGostiju, Datum, KlijentID, GradID) values (138, 'Mauv', 'Solarbreeze', 297, '22/11/2015', 199, 9);
insert into Dogadjaji (DogadjajID, Vrsta, Naziv, BrojGostiju, Datum, KlijentID, GradID) values (139, 'Mauv', 'Bamity', 199, '03/08/2011', 140, 10);
insert into Dogadjaji (DogadjajID, Vrsta, Naziv, BrojGostiju, Datum, KlijentID, GradID) values (140, 'Purple', 'Temp', 410, '31/03/2014', 299, 2);
insert into Dogadjaji (DogadjajID, Vrsta, Naziv, BrojGostiju, Datum, KlijentID, GradID) values (141, 'Red', 'Aerified', 167, '14/10/2016', 146, 2);
insert into Dogadjaji (DogadjajID, Vrsta, Naziv, BrojGostiju, Datum, KlijentID, GradID) values (142, 'Pink', 'Gembucket', 353, '30/12/2015', 59, 14);
insert into Dogadjaji (DogadjajID, Vrsta, Naziv, BrojGostiju, Datum, KlijentID, GradID) values (143, 'Goldenrod', 'Konklux', 165, '09/09/2009', 106, 17);
insert into Dogadjaji (DogadjajID, Vrsta, Naziv, BrojGostiju, Datum, KlijentID, GradID) values (144, 'Fuscia', 'Asoka', 247, '23/01/2018', 199, 7);
insert into Dogadjaji (DogadjajID, Vrsta, Naziv, BrojGostiju, Datum, KlijentID, GradID) values (145, 'Goldenrod', 'Vagram', 174, '14/04/2009', 14, 1);
insert into Dogadjaji (DogadjajID, Vrsta, Naziv, BrojGostiju, Datum, KlijentID, GradID) values (146, 'Purple', 'Toughjoyfax', 241, '25/05/2013', 283, 13);
insert into Dogadjaji (DogadjajID, Vrsta, Naziv, BrojGostiju, Datum, KlijentID, GradID) values (147, 'Aquamarine', 'Tin', 291, '03/09/2015', 109, 5);
insert into Dogadjaji (DogadjajID, Vrsta, Naziv, BrojGostiju, Datum, KlijentID, GradID) values (148, 'Mauv', 'Cardguard', 261, '31/05/2013', 141, 8);
insert into Dogadjaji (DogadjajID, Vrsta, Naziv, BrojGostiju, Datum, KlijentID, GradID) values (149, 'Orange', 'Otcom', 387, '07/01/2012', 281, 12);
insert into Dogadjaji (DogadjajID, Vrsta, Naziv, BrojGostiju, Datum, KlijentID, GradID) values (150, 'Pink', 'Trippledex', 281, '20/06/2012', 88, 12);
insert into Dogadjaji (DogadjajID, Vrsta, Naziv, BrojGostiju, Datum, KlijentID, GradID) values (151, 'Green', 'Regrant', 494, '21/01/2011', 175, 2);
insert into Dogadjaji (DogadjajID, Vrsta, Naziv, BrojGostiju, Datum, KlijentID, GradID) values (152, 'Mauv', 'Home Ing', 372, '26/03/2015', 166, 12);
insert into Dogadjaji (DogadjajID, Vrsta, Naziv, BrojGostiju, Datum, KlijentID, GradID) values (153, 'Khaki', 'Matsoft', 480, '14/06/2009', 204, 14);
insert into Dogadjaji (DogadjajID, Vrsta, Naziv, BrojGostiju, Datum, KlijentID, GradID) values (154, 'Aquamarine', 'Bigtax', 66, '09/01/2013', 34, 4);
insert into Dogadjaji (DogadjajID, Vrsta, Naziv, BrojGostiju, Datum, KlijentID, GradID) values (155, 'Mauv', 'Cardguard', 214, '29/01/2013', 200, 19);
insert into Dogadjaji (DogadjajID, Vrsta, Naziv, BrojGostiju, Datum, KlijentID, GradID) values (156, 'Mauv', 'Hatity', 92, '30/01/2011', 31, 17);
insert into Dogadjaji (DogadjajID, Vrsta, Naziv, BrojGostiju, Datum, KlijentID, GradID) values (157, 'Goldenrod', 'Transcof', 314, '27/02/2017', 298, 5);
insert into Dogadjaji (DogadjajID, Vrsta, Naziv, BrojGostiju, Datum, KlijentID, GradID) values (158, 'Goldenrod', 'Subin', 304, '09/11/2018', 87, 19);
insert into Dogadjaji (DogadjajID, Vrsta, Naziv, BrojGostiju, Datum, KlijentID, GradID) values (159, 'Yellow', 'Latlux', 400, '18/11/2009', 287, 1);
insert into Dogadjaji (DogadjajID, Vrsta, Naziv, BrojGostiju, Datum, KlijentID, GradID) values (160, 'Mauv', 'Regrant', 371, '15/06/2009', 259, 9);
insert into Dogadjaji (DogadjajID, Vrsta, Naziv, BrojGostiju, Datum, KlijentID, GradID) values (161, 'Violet', 'Hatity', 296, '16/02/2009', 232, 5);
insert into Dogadjaji (DogadjajID, Vrsta, Naziv, BrojGostiju, Datum, KlijentID, GradID) values (162, 'Violet', 'Ventosanzap', 224, '09/01/2013', 292, 2);
insert into Dogadjaji (DogadjajID, Vrsta, Naziv, BrojGostiju, Datum, KlijentID, GradID) values (163, 'Turquoise', 'Greenlam', 442, '05/09/2014', 83, 10);
insert into Dogadjaji (DogadjajID, Vrsta, Naziv, BrojGostiju, Datum, KlijentID, GradID) values (164, 'Teal', 'Y-find', 288, '07/08/2009', 105, 19);
insert into Dogadjaji (DogadjajID, Vrsta, Naziv, BrojGostiju, Datum, KlijentID, GradID) values (165, 'Fuscia', 'Temp', 471, '16/03/2018', 293, 10);
insert into Dogadjaji (DogadjajID, Vrsta, Naziv, BrojGostiju, Datum, KlijentID, GradID) values (166, 'Aquamarine', 'Stringtough', 98, '07/10/2018', 97, 15);
insert into Dogadjaji (DogadjajID, Vrsta, Naziv, BrojGostiju, Datum, KlijentID, GradID) values (167, 'Green', 'Opela', 372, '11/08/2010', 70, 16);
insert into Dogadjaji (DogadjajID, Vrsta, Naziv, BrojGostiju, Datum, KlijentID, GradID) values (168, 'Yellow', 'Voltsillam', 415, '04/10/2009', 8, 14);
insert into Dogadjaji (DogadjajID, Vrsta, Naziv, BrojGostiju, Datum, KlijentID, GradID) values (169, 'Aquamarine', 'Bamity', 399, '10/11/2010', 239, 13);
insert into Dogadjaji (DogadjajID, Vrsta, Naziv, BrojGostiju, Datum, KlijentID, GradID) values (170, 'Indigo', 'Rank', 155, '06/08/2016', 276, 10);
insert into Dogadjaji (DogadjajID, Vrsta, Naziv, BrojGostiju, Datum, KlijentID, GradID) values (171, 'Khaki', 'Andalax', 83, '14/02/2013', 18, 15);
insert into Dogadjaji (DogadjajID, Vrsta, Naziv, BrojGostiju, Datum, KlijentID, GradID) values (172, 'Yellow', 'Otcom', 463, '18/09/2011', 173, 9);
insert into Dogadjaji (DogadjajID, Vrsta, Naziv, BrojGostiju, Datum, KlijentID, GradID) values (173, 'Puce', 'Flexidy', 362, '31/03/2018', 16, 19);
insert into Dogadjaji (DogadjajID, Vrsta, Naziv, BrojGostiju, Datum, KlijentID, GradID) values (174, 'Maroon', 'Mat Lam Tam', 223, '22/05/2010', 93, 18);
insert into Dogadjaji (DogadjajID, Vrsta, Naziv, BrojGostiju, Datum, KlijentID, GradID) values (175, 'Khaki', 'Tresom', 463, '30/08/2011', 73, 20);
insert into Dogadjaji (DogadjajID, Vrsta, Naziv, BrojGostiju, Datum, KlijentID, GradID) values (176, 'Yellow', 'Mat Lam Tam', 173, '02/01/2011', 87, 17);
insert into Dogadjaji (DogadjajID, Vrsta, Naziv, BrojGostiju, Datum, KlijentID, GradID) values (177, 'Pink', 'Bytecard', 324, '20/11/2016', 33, 16);
insert into Dogadjaji (DogadjajID, Vrsta, Naziv, BrojGostiju, Datum, KlijentID, GradID) values (178, 'Purple', 'Y-find', 415, '01/06/2016', 224, 8);
insert into Dogadjaji (DogadjajID, Vrsta, Naziv, BrojGostiju, Datum, KlijentID, GradID) values (179, 'Aquamarine', 'Asoka', 184, '04/08/2016', 202, 16);
insert into Dogadjaji (DogadjajID, Vrsta, Naziv, BrojGostiju, Datum, KlijentID, GradID) values (180, 'Blue', 'Cardguard', 117, '07/09/2009', 299, 8);
insert into Dogadjaji (DogadjajID, Vrsta, Naziv, BrojGostiju, Datum, KlijentID, GradID) values (181, 'Aquamarine', 'Asoka', 333, '20/11/2012', 97, 4);
insert into Dogadjaji (DogadjajID, Vrsta, Naziv, BrojGostiju, Datum, KlijentID, GradID) values (182, 'Fuscia', 'Lotlux', 55, '19/06/2015', 62, 12);
insert into Dogadjaji (DogadjajID, Vrsta, Naziv, BrojGostiju, Datum, KlijentID, GradID) values (183, 'Khaki', 'Vagram', 162, '01/01/2009', 116, 13);
insert into Dogadjaji (DogadjajID, Vrsta, Naziv, BrojGostiju, Datum, KlijentID, GradID) values (184, 'Violet', 'Bigtax', 409, '07/12/2011', 219, 19);
insert into Dogadjaji (DogadjajID, Vrsta, Naziv, BrojGostiju, Datum, KlijentID, GradID) values (185, 'Purple', 'Fintone', 486, '18/02/2010', 186, 8);
insert into Dogadjaji (DogadjajID, Vrsta, Naziv, BrojGostiju, Datum, KlijentID, GradID) values (186, 'Orange', 'Flexidy', 424, '01/04/2016', 10, 19);
insert into Dogadjaji (DogadjajID, Vrsta, Naziv, BrojGostiju, Datum, KlijentID, GradID) values (187, 'Red', 'Alphazap', 349, '19/06/2018', 149, 2);
insert into Dogadjaji (DogadjajID, Vrsta, Naziv, BrojGostiju, Datum, KlijentID, GradID) values (188, 'Aquamarine', 'Bytecard', 472, '22/11/2014', 100, 9);
insert into Dogadjaji (DogadjajID, Vrsta, Naziv, BrojGostiju, Datum, KlijentID, GradID) values (189, 'Turquoise', 'Vagram', 93, '14/07/2011', 152, 10);
insert into Dogadjaji (DogadjajID, Vrsta, Naziv, BrojGostiju, Datum, KlijentID, GradID) values (190, 'Crimson', 'Duobam', 139, '14/09/2018', 276, 9);
insert into Dogadjaji (DogadjajID, Vrsta, Naziv, BrojGostiju, Datum, KlijentID, GradID) values (191, 'Blue', 'Quo Lux', 78, '01/11/2011', 134, 19);
insert into Dogadjaji (DogadjajID, Vrsta, Naziv, BrojGostiju, Datum, KlijentID, GradID) values (192, 'Violet', 'Rank', 231, '11/09/2011', 31, 2);
insert into Dogadjaji (DogadjajID, Vrsta, Naziv, BrojGostiju, Datum, KlijentID, GradID) values (193, 'Purple', 'Voltsillam', 179, '23/06/2015', 184, 7);
insert into Dogadjaji (DogadjajID, Vrsta, Naziv, BrojGostiju, Datum, KlijentID, GradID) values (194, 'Khaki', 'Gembucket', 229, '30/12/2010', 279, 19);
insert into Dogadjaji (DogadjajID, Vrsta, Naziv, BrojGostiju, Datum, KlijentID, GradID) values (195, 'Maroon', 'Solarbreeze', 481, '10/07/2012', 211, 1);
insert into Dogadjaji (DogadjajID, Vrsta, Naziv, BrojGostiju, Datum, KlijentID, GradID) values (196, 'Teal', 'Regrant', 441, '03/06/2009', 124, 7);
insert into Dogadjaji (DogadjajID, Vrsta, Naziv, BrojGostiju, Datum, KlijentID, GradID) values (197, 'Red', 'Namfix', 496, '11/05/2017', 251, 8);
insert into Dogadjaji (DogadjajID, Vrsta, Naziv, BrojGostiju, Datum, KlijentID, GradID) values (198, 'Mauv', 'Latlux', 161, '23/11/2010', 76, 18);
insert into Dogadjaji (DogadjajID, Vrsta, Naziv, BrojGostiju, Datum, KlijentID, GradID) values (199, 'Red', 'Domainer', 374, '05/05/2009', 156, 20);
insert into Dogadjaji (DogadjajID, Vrsta, Naziv, BrojGostiju, Datum, KlijentID, GradID) values (200, 'Khaki', 'Andalax', 139, '23/12/2009', 53, 19);
insert into Dogadjaji (DogadjajID, Vrsta, Naziv, BrojGostiju, Datum, KlijentID, GradID) values (201, 'Khaki', 'Temp', 377, '22/03/2013', 276, 17);
insert into Dogadjaji (DogadjajID, Vrsta, Naziv, BrojGostiju, Datum, KlijentID, GradID) values (202, 'Mauv', 'Cardguard', 497, '01/09/2012', 203, 6);
insert into Dogadjaji (DogadjajID, Vrsta, Naziv, BrojGostiju, Datum, KlijentID, GradID) values (203, 'Puce', 'Flowdesk', 369, '23/07/2010', 56, 14);
insert into Dogadjaji (DogadjajID, Vrsta, Naziv, BrojGostiju, Datum, KlijentID, GradID) values (204, 'Blue', 'Matsoft', 286, '18/09/2018', 273, 7);
insert into Dogadjaji (DogadjajID, Vrsta, Naziv, BrojGostiju, Datum, KlijentID, GradID) values (205, 'Turquoise', 'Latlux', 161, '16/04/2016', 223, 13);
insert into Dogadjaji (DogadjajID, Vrsta, Naziv, BrojGostiju, Datum, KlijentID, GradID) values (206, 'Blue', 'Duobam', 79, '27/07/2012', 219, 3);
insert into Dogadjaji (DogadjajID, Vrsta, Naziv, BrojGostiju, Datum, KlijentID, GradID) values (207, 'Turquoise', 'Subin', 112, '26/11/2015', 54, 7);
insert into Dogadjaji (DogadjajID, Vrsta, Naziv, BrojGostiju, Datum, KlijentID, GradID) values (208, 'Purple', 'Cookley', 359, '08/11/2017', 86, 2);
insert into Dogadjaji (DogadjajID, Vrsta, Naziv, BrojGostiju, Datum, KlijentID, GradID) values (209, 'Purple', 'Bamity', 332, '12/09/2012', 209, 1);
insert into Dogadjaji (DogadjajID, Vrsta, Naziv, BrojGostiju, Datum, KlijentID, GradID) values (210, 'Crimson', 'Stringtough', 105, '27/01/2011', 230, 18);
insert into Dogadjaji (DogadjajID, Vrsta, Naziv, BrojGostiju, Datum, KlijentID, GradID) values (211, 'Crimson', 'Otcom', 393, '23/08/2012', 141, 15);
insert into Dogadjaji (DogadjajID, Vrsta, Naziv, BrojGostiju, Datum, KlijentID, GradID) values (212, 'Khaki', 'Zoolab', 321, '21/06/2009', 32, 15);
insert into Dogadjaji (DogadjajID, Vrsta, Naziv, BrojGostiju, Datum, KlijentID, GradID) values (213, 'Teal', 'Flexidy', 220, '19/07/2010', 283, 1);
insert into Dogadjaji (DogadjajID, Vrsta, Naziv, BrojGostiju, Datum, KlijentID, GradID) values (214, 'Pink', 'Kanlam', 367, '21/10/2018', 255, 4);
insert into Dogadjaji (DogadjajID, Vrsta, Naziv, BrojGostiju, Datum, KlijentID, GradID) values (215, 'Fuscia', 'Span', 209, '28/09/2010', 223, 9);
insert into Dogadjaji (DogadjajID, Vrsta, Naziv, BrojGostiju, Datum, KlijentID, GradID) values (216, 'Blue', 'Tempsoft', 322, '20/01/2010', 139, 11);
insert into Dogadjaji (DogadjajID, Vrsta, Naziv, BrojGostiju, Datum, KlijentID, GradID) values (217, 'Khaki', 'Sub-Ex', 406, '20/01/2011', 14, 19);
insert into Dogadjaji (DogadjajID, Vrsta, Naziv, BrojGostiju, Datum, KlijentID, GradID) values (218, 'Puce', 'Transcof', 218, '15/04/2015', 275, 8);
insert into Dogadjaji (DogadjajID, Vrsta, Naziv, BrojGostiju, Datum, KlijentID, GradID) values (219, 'Blue', 'Holdlamis', 167, '10/02/2012', 108, 13);
insert into Dogadjaji (DogadjajID, Vrsta, Naziv, BrojGostiju, Datum, KlijentID, GradID) values (220, 'Mauv', 'Konklab', 344, '12/11/2018', 117, 19);
insert into Dogadjaji (DogadjajID, Vrsta, Naziv, BrojGostiju, Datum, KlijentID, GradID) values (221, 'Indigo', 'Keylex', 479, '25/03/2015', 186, 15);
insert into Dogadjaji (DogadjajID, Vrsta, Naziv, BrojGostiju, Datum, KlijentID, GradID) values (222, 'Violet', 'Treeflex', 75, '17/05/2017', 130, 6);
insert into Dogadjaji (DogadjajID, Vrsta, Naziv, BrojGostiju, Datum, KlijentID, GradID) values (223, 'Khaki', 'Redhold', 303, '30/03/2009', 185, 3);
insert into Dogadjaji (DogadjajID, Vrsta, Naziv, BrojGostiju, Datum, KlijentID, GradID) values (224, 'Goldenrod', 'Konklux', 260, '11/07/2011', 260, 8);
insert into Dogadjaji (DogadjajID, Vrsta, Naziv, BrojGostiju, Datum, KlijentID, GradID) values (225, 'Khaki', 'Job', 61, '26/08/2015', 298, 13);
insert into Dogadjaji (DogadjajID, Vrsta, Naziv, BrojGostiju, Datum, KlijentID, GradID) values (226, 'Turquoise', 'Tampflex', 175, '08/12/2014', 218, 13);
insert into Dogadjaji (DogadjajID, Vrsta, Naziv, BrojGostiju, Datum, KlijentID, GradID) values (227, 'Red', 'Voltsillam', 214, '01/11/2010', 24, 12);
insert into Dogadjaji (DogadjajID, Vrsta, Naziv, BrojGostiju, Datum, KlijentID, GradID) values (228, 'Violet', 'Sonair', 350, '26/07/2013', 81, 8);
insert into Dogadjaji (DogadjajID, Vrsta, Naziv, BrojGostiju, Datum, KlijentID, GradID) values (229, 'Aquamarine', 'Wrapsafe', 93, '06/02/2011', 27, 2);
insert into Dogadjaji (DogadjajID, Vrsta, Naziv, BrojGostiju, Datum, KlijentID, GradID) values (230, 'Khaki', 'Aerified', 430, '28/05/2012', 232, 8);
insert into Dogadjaji (DogadjajID, Vrsta, Naziv, BrojGostiju, Datum, KlijentID, GradID) values (231, 'Violet', 'Trippledex', 391, '18/04/2015', 5, 2);
insert into Dogadjaji (DogadjajID, Vrsta, Naziv, BrojGostiju, Datum, KlijentID, GradID) values (232, 'Crimson', 'Bytecard', 301, '22/12/2011', 45, 14);
insert into Dogadjaji (DogadjajID, Vrsta, Naziv, BrojGostiju, Datum, KlijentID, GradID) values (233, 'Indigo', 'Andalax', 205, '29/05/2014', 37, 7);
insert into Dogadjaji (DogadjajID, Vrsta, Naziv, BrojGostiju, Datum, KlijentID, GradID) values (234, 'Maroon', 'Alpha', 118, '21/04/2018', 41, 9);
insert into Dogadjaji (DogadjajID, Vrsta, Naziv, BrojGostiju, Datum, KlijentID, GradID) values (235, 'Teal', 'Fixflex', 387, '29/07/2012', 176, 14);
insert into Dogadjaji (DogadjajID, Vrsta, Naziv, BrojGostiju, Datum, KlijentID, GradID) values (236, 'Maroon', 'Konklux', 490, '04/10/2017', 62, 18);
insert into Dogadjaji (DogadjajID, Vrsta, Naziv, BrojGostiju, Datum, KlijentID, GradID) values (237, 'Green', 'Tempsoft', 452, '22/05/2012', 88, 7);
insert into Dogadjaji (DogadjajID, Vrsta, Naziv, BrojGostiju, Datum, KlijentID, GradID) values (238, 'Aquamarine', 'Rank', 312, '16/07/2011', 166, 2);
insert into Dogadjaji (DogadjajID, Vrsta, Naziv, BrojGostiju, Datum, KlijentID, GradID) values (239, 'Indigo', 'Voyatouch', 239, '11/02/2011', 17, 5);
insert into Dogadjaji (DogadjajID, Vrsta, Naziv, BrojGostiju, Datum, KlijentID, GradID) values (240, 'Crimson', 'Overhold', 65, '17/11/2011', 56, 4);
insert into Dogadjaji (DogadjajID, Vrsta, Naziv, BrojGostiju, Datum, KlijentID, GradID) values (241, 'Yellow', 'Sub-Ex', 254, '15/06/2017', 130, 13);
insert into Dogadjaji (DogadjajID, Vrsta, Naziv, BrojGostiju, Datum, KlijentID, GradID) values (242, 'Mauv', 'Tresom', 65, '23/06/2010', 266, 20);
insert into Dogadjaji (DogadjajID, Vrsta, Naziv, BrojGostiju, Datum, KlijentID, GradID) values (243, 'Indigo', 'Subin', 319, '26/08/2012', 6, 9);
insert into Dogadjaji (DogadjajID, Vrsta, Naziv, BrojGostiju, Datum, KlijentID, GradID) values (244, 'Maroon', 'Subin', 199, '29/12/2015', 163, 18);
insert into Dogadjaji (DogadjajID, Vrsta, Naziv, BrojGostiju, Datum, KlijentID, GradID) values (245, 'Maroon', 'Hatity', 407, '30/11/2011', 40, 10);
insert into Dogadjaji (DogadjajID, Vrsta, Naziv, BrojGostiju, Datum, KlijentID, GradID) values (246, 'Yellow', 'Zathin', 467, '03/07/2009', 280, 18);
insert into Dogadjaji (DogadjajID, Vrsta, Naziv, BrojGostiju, Datum, KlijentID, GradID) values (247, 'Yellow', 'Vagram', 387, '20/05/2017', 165, 19);
insert into Dogadjaji (DogadjajID, Vrsta, Naziv, BrojGostiju, Datum, KlijentID, GradID) values (248, 'Maroon', 'Zathin', 354, '04/07/2011', 286, 1);
insert into Dogadjaji (DogadjajID, Vrsta, Naziv, BrojGostiju, Datum, KlijentID, GradID) values (249, 'Red', 'Andalax', 423, '06/11/2016', 89, 17);
insert into Dogadjaji (DogadjajID, Vrsta, Naziv, BrojGostiju, Datum, KlijentID, GradID) values (250, 'Blue', 'Zamit', 185, '23/12/2013', 112, 3);
insert into Dogadjaji (DogadjajID, Vrsta, Naziv, BrojGostiju, Datum, KlijentID, GradID) values (251, 'Goldenrod', 'Toughjoyfax', 278, '14/09/2017', 45, 5);
insert into Dogadjaji (DogadjajID, Vrsta, Naziv, BrojGostiju, Datum, KlijentID, GradID) values (252, 'Green', 'Cardify', 380, '15/08/2013', 88, 18);
insert into Dogadjaji (DogadjajID, Vrsta, Naziv, BrojGostiju, Datum, KlijentID, GradID) values (253, 'Puce', 'Y-find', 219, '20/08/2013', 262, 17);
insert into Dogadjaji (DogadjajID, Vrsta, Naziv, BrojGostiju, Datum, KlijentID, GradID) values (254, 'Red', 'Zaam-Dox', 112, '09/05/2011', 47, 12);
insert into Dogadjaji (DogadjajID, Vrsta, Naziv, BrojGostiju, Datum, KlijentID, GradID) values (255, 'Orange', 'Flowdesk', 252, '13/09/2016', 182, 12);
insert into Dogadjaji (DogadjajID, Vrsta, Naziv, BrojGostiju, Datum, KlijentID, GradID) values (256, 'Puce', 'Lotlux', 465, '18/06/2015', 178, 16);
insert into Dogadjaji (DogadjajID, Vrsta, Naziv, BrojGostiju, Datum, KlijentID, GradID) values (257, 'Turquoise', 'Fix San', 344, '28/06/2016', 98, 18);
insert into Dogadjaji (DogadjajID, Vrsta, Naziv, BrojGostiju, Datum, KlijentID, GradID) values (258, 'Puce', 'Cardify', 140, '17/05/2012', 77, 3);
insert into Dogadjaji (DogadjajID, Vrsta, Naziv, BrojGostiju, Datum, KlijentID, GradID) values (259, 'Violet', 'Andalax', 474, '27/06/2012', 129, 3);
insert into Dogadjaji (DogadjajID, Vrsta, Naziv, BrojGostiju, Datum, KlijentID, GradID) values (260, 'Pink', 'Mat Lam Tam', 60, '27/05/2015', 46, 7);
insert into Dogadjaji (DogadjajID, Vrsta, Naziv, BrojGostiju, Datum, KlijentID, GradID) values (261, 'Puce', 'Bytecard', 443, '03/03/2010', 54, 3);
insert into Dogadjaji (DogadjajID, Vrsta, Naziv, BrojGostiju, Datum, KlijentID, GradID) values (262, 'Fuscia', 'Greenlam', 440, '17/01/2009', 26, 5);
insert into Dogadjaji (DogadjajID, Vrsta, Naziv, BrojGostiju, Datum, KlijentID, GradID) values (263, 'Aquamarine', 'Quo Lux', 450, '30/09/2014', 60, 14);
insert into Dogadjaji (DogadjajID, Vrsta, Naziv, BrojGostiju, Datum, KlijentID, GradID) values (264, 'Khaki', 'Fintone', 340, '27/11/2009', 216, 11);
insert into Dogadjaji (DogadjajID, Vrsta, Naziv, BrojGostiju, Datum, KlijentID, GradID) values (265, 'Crimson', 'Fix San', 428, '17/05/2010', 59, 6);
insert into Dogadjaji (DogadjajID, Vrsta, Naziv, BrojGostiju, Datum, KlijentID, GradID) values (266, 'Green', 'Andalax', 483, '26/09/2011', 79, 2);
insert into Dogadjaji (DogadjajID, Vrsta, Naziv, BrojGostiju, Datum, KlijentID, GradID) values (267, 'Goldenrod', 'Viva', 386, '11/02/2018', 197, 2);
insert into Dogadjaji (DogadjajID, Vrsta, Naziv, BrojGostiju, Datum, KlijentID, GradID) values (268, 'Blue', 'It', 343, '02/12/2018', 270, 14);
insert into Dogadjaji (DogadjajID, Vrsta, Naziv, BrojGostiju, Datum, KlijentID, GradID) values (269, 'Fuscia', 'Tresom', 361, '04/01/2018', 20, 18);
insert into Dogadjaji (DogadjajID, Vrsta, Naziv, BrojGostiju, Datum, KlijentID, GradID) values (270, 'Maroon', 'Sonsing', 112, '27/06/2017', 147, 15);
insert into Dogadjaji (DogadjajID, Vrsta, Naziv, BrojGostiju, Datum, KlijentID, GradID) values (271, 'Turquoise', 'Stronghold', 153, '17/02/2017', 100, 9);
insert into Dogadjaji (DogadjajID, Vrsta, Naziv, BrojGostiju, Datum, KlijentID, GradID) values (272, 'Puce', 'Wrapsafe', 105, '24/08/2010', 205, 20);
insert into Dogadjaji (DogadjajID, Vrsta, Naziv, BrojGostiju, Datum, KlijentID, GradID) values (273, 'Red', 'Tres-Zap', 331, '19/04/2018', 281, 14);
insert into Dogadjaji (DogadjajID, Vrsta, Naziv, BrojGostiju, Datum, KlijentID, GradID) values (274, 'Mauv', 'Konklab', 288, '15/07/2014', 222, 12);
insert into Dogadjaji (DogadjajID, Vrsta, Naziv, BrojGostiju, Datum, KlijentID, GradID) values (275, 'Turquoise', 'Vagram', 100, '13/05/2016', 184, 6);
insert into Dogadjaji (DogadjajID, Vrsta, Naziv, BrojGostiju, Datum, KlijentID, GradID) values (276, 'Teal', 'Bitchip', 101, '11/03/2017', 262, 20);
insert into Dogadjaji (DogadjajID, Vrsta, Naziv, BrojGostiju, Datum, KlijentID, GradID) values (277, 'Puce', 'Lotstring', 340, '01/08/2017', 18, 14);
insert into Dogadjaji (DogadjajID, Vrsta, Naziv, BrojGostiju, Datum, KlijentID, GradID) values (278, 'Crimson', 'Redhold', 310, '09/05/2013', 156, 8);
insert into Dogadjaji (DogadjajID, Vrsta, Naziv, BrojGostiju, Datum, KlijentID, GradID) values (279, 'Indigo', 'Zamit', 342, '03/12/2017', 204, 8);
insert into Dogadjaji (DogadjajID, Vrsta, Naziv, BrojGostiju, Datum, KlijentID, GradID) values (280, 'Crimson', 'Aerified', 178, '12/02/2014', 141, 5);
insert into Dogadjaji (DogadjajID, Vrsta, Naziv, BrojGostiju, Datum, KlijentID, GradID) values (281, 'Red', 'Holdlamis', 377, '16/09/2011', 182, 16);
insert into Dogadjaji (DogadjajID, Vrsta, Naziv, BrojGostiju, Datum, KlijentID, GradID) values (282, 'Yellow', 'Zathin', 93, '18/07/2009', 211, 17);
insert into Dogadjaji (DogadjajID, Vrsta, Naziv, BrojGostiju, Datum, KlijentID, GradID) values (283, 'Mauv', 'Quo Lux', 95, '16/01/2011', 160, 12);
insert into Dogadjaji (DogadjajID, Vrsta, Naziv, BrojGostiju, Datum, KlijentID, GradID) values (284, 'Blue', 'Ronstring', 425, '13/08/2014', 232, 12);
insert into Dogadjaji (DogadjajID, Vrsta, Naziv, BrojGostiju, Datum, KlijentID, GradID) values (285, 'Fuscia', 'Tresom', 134, '24/09/2010', 110, 11);
insert into Dogadjaji (DogadjajID, Vrsta, Naziv, BrojGostiju, Datum, KlijentID, GradID) values (286, 'Violet', 'Namfix', 438, '31/01/2010', 113, 2);
insert into Dogadjaji (DogadjajID, Vrsta, Naziv, BrojGostiju, Datum, KlijentID, GradID) values (287, 'Puce', 'Zoolab', 472, '11/09/2017', 238, 6);
insert into Dogadjaji (DogadjajID, Vrsta, Naziv, BrojGostiju, Datum, KlijentID, GradID) values (288, 'Fuscia', 'Stringtough', 293, '09/06/2016', 205, 2);
insert into Dogadjaji (DogadjajID, Vrsta, Naziv, BrojGostiju, Datum, KlijentID, GradID) values (289, 'Aquamarine', 'Veribet', 353, '13/08/2009', 124, 15);
insert into Dogadjaji (DogadjajID, Vrsta, Naziv, BrojGostiju, Datum, KlijentID, GradID) values (290, 'Yellow', 'Holdlamis', 311, '30/06/2011', 248, 9);
insert into Dogadjaji (DogadjajID, Vrsta, Naziv, BrojGostiju, Datum, KlijentID, GradID) values (291, 'Fuscia', 'Lotlux', 268, '20/12/2017', 181, 1);
insert into Dogadjaji (DogadjajID, Vrsta, Naziv, BrojGostiju, Datum, KlijentID, GradID) values (292, 'Pink', 'It', 306, '30/01/2010', 64, 8);
insert into Dogadjaji (DogadjajID, Vrsta, Naziv, BrojGostiju, Datum, KlijentID, GradID) values (293, 'Puce', 'Alpha', 95, '30/12/2018', 179, 14);
insert into Dogadjaji (DogadjajID, Vrsta, Naziv, BrojGostiju, Datum, KlijentID, GradID) values (294, 'Green', 'Flexidy', 144, '01/08/2014', 279, 10);
insert into Dogadjaji (DogadjajID, Vrsta, Naziv, BrojGostiju, Datum, KlijentID, GradID) values (295, 'Orange', 'Pannier', 87, '21/06/2012', 210, 18);
insert into Dogadjaji (DogadjajID, Vrsta, Naziv, BrojGostiju, Datum, KlijentID, GradID) values (296, 'Red', 'Temp', 88, '23/06/2009', 238, 18);
insert into Dogadjaji (DogadjajID, Vrsta, Naziv, BrojGostiju, Datum, KlijentID, GradID) values (297, 'Goldenrod', 'Vagram', 428, '14/03/2014', 92, 12);
insert into Dogadjaji (DogadjajID, Vrsta, Naziv, BrojGostiju, Datum, KlijentID, GradID) values (298, 'Yellow', 'Cardify', 376, '31/03/2016', 259, 1);
insert into Dogadjaji (DogadjajID, Vrsta, Naziv, BrojGostiju, Datum, KlijentID, GradID) values (299, 'Aquamarine', 'Alpha', 236, '07/11/2017', 241, 2);
insert into Dogadjaji (DogadjajID, Vrsta, Naziv, BrojGostiju, Datum, KlijentID, GradID) values (300, 'Fuscia', 'Ronstring', 380, '29/10/2017', 193, 19);
insert into Dogadjaji (DogadjajID, Vrsta, Naziv, BrojGostiju, Datum, KlijentID, GradID) values (301, 'Indigo', 'Namfix', 404, '16/02/2014', 105, 2);
insert into Dogadjaji (DogadjajID, Vrsta, Naziv, BrojGostiju, Datum, KlijentID, GradID) values (302, 'Fuscia', 'Konklab', 385, '05/01/2011', 266, 9);
insert into Dogadjaji (DogadjajID, Vrsta, Naziv, BrojGostiju, Datum, KlijentID, GradID) values (303, 'Pink', 'Temp', 295, '08/05/2015', 25, 14);
insert into Dogadjaji (DogadjajID, Vrsta, Naziv, BrojGostiju, Datum, KlijentID, GradID) values (304, 'Turquoise', 'Biodex', 198, '05/05/2018', 69, 9);
insert into Dogadjaji (DogadjajID, Vrsta, Naziv, BrojGostiju, Datum, KlijentID, GradID) values (305, 'Teal', 'Zamit', 161, '12/12/2010', 240, 7);
insert into Dogadjaji (DogadjajID, Vrsta, Naziv, BrojGostiju, Datum, KlijentID, GradID) values (306, 'Red', 'Flowdesk', 171, '04/11/2016', 298, 13);
insert into Dogadjaji (DogadjajID, Vrsta, Naziv, BrojGostiju, Datum, KlijentID, GradID) values (307, 'Turquoise', 'Wrapsafe', 213, '15/01/2010', 106, 15);
insert into Dogadjaji (DogadjajID, Vrsta, Naziv, BrojGostiju, Datum, KlijentID, GradID) values (308, 'Teal', 'Alpha', 266, '17/10/2014', 169, 19);
insert into Dogadjaji (DogadjajID, Vrsta, Naziv, BrojGostiju, Datum, KlijentID, GradID) values (309, 'Indigo', 'Bytecard', 368, '21/07/2012', 257, 8);
insert into Dogadjaji (DogadjajID, Vrsta, Naziv, BrojGostiju, Datum, KlijentID, GradID) values (310, 'Mauv', 'Temp', 485, '02/01/2012', 189, 7);
insert into Dogadjaji (DogadjajID, Vrsta, Naziv, BrojGostiju, Datum, KlijentID, GradID) values (311, 'Crimson', 'Tresom', 196, '25/03/2009', 146, 9);
insert into Dogadjaji (DogadjajID, Vrsta, Naziv, BrojGostiju, Datum, KlijentID, GradID) values (312, 'Orange', 'Hatity', 237, '20/11/2012', 119, 2);
insert into Dogadjaji (DogadjajID, Vrsta, Naziv, BrojGostiju, Datum, KlijentID, GradID) values (313, 'Orange', 'Span', 174, '11/02/2012', 12, 14);
insert into Dogadjaji (DogadjajID, Vrsta, Naziv, BrojGostiju, Datum, KlijentID, GradID) values (314, 'Teal', 'Transcof', 177, '20/10/2009', 33, 13);
insert into Dogadjaji (DogadjajID, Vrsta, Naziv, BrojGostiju, Datum, KlijentID, GradID) values (315, 'Blue', 'Flexidy', 81, '28/03/2018', 50, 6);
insert into Dogadjaji (DogadjajID, Vrsta, Naziv, BrojGostiju, Datum, KlijentID, GradID) values (316, 'Pink', 'Flowdesk', 338, '11/09/2015', 215, 7);
insert into Dogadjaji (DogadjajID, Vrsta, Naziv, BrojGostiju, Datum, KlijentID, GradID) values (317, 'Violet', 'Rank', 140, '06/03/2013', 221, 16);
insert into Dogadjaji (DogadjajID, Vrsta, Naziv, BrojGostiju, Datum, KlijentID, GradID) values (318, 'Teal', 'Biodex', 141, '19/08/2017', 238, 16);
insert into Dogadjaji (DogadjajID, Vrsta, Naziv, BrojGostiju, Datum, KlijentID, GradID) values (319, 'Mauv', 'Y-find', 446, '31/07/2013', 90, 19);
insert into Dogadjaji (DogadjajID, Vrsta, Naziv, BrojGostiju, Datum, KlijentID, GradID) values (320, 'Mauv', 'Transcof', 294, '29/07/2013', 3, 15);
insert into Dogadjaji (DogadjajID, Vrsta, Naziv, BrojGostiju, Datum, KlijentID, GradID) values (321, 'Yellow', 'Daltfresh', 331, '31/08/2011', 171, 8);
insert into Dogadjaji (DogadjajID, Vrsta, Naziv, BrojGostiju, Datum, KlijentID, GradID) values (322, 'Purple', 'Treeflex', 468, '29/11/2013', 251, 11);
insert into Dogadjaji (DogadjajID, Vrsta, Naziv, BrojGostiju, Datum, KlijentID, GradID) values (323, 'Maroon', 'Stim', 55, '20/09/2013', 156, 7);
insert into Dogadjaji (DogadjajID, Vrsta, Naziv, BrojGostiju, Datum, KlijentID, GradID) values (324, 'Crimson', 'Tres-Zap', 336, '29/10/2010', 168, 5);
insert into Dogadjaji (DogadjajID, Vrsta, Naziv, BrojGostiju, Datum, KlijentID, GradID) values (325, 'Fuscia', 'Opela', 416, '02/07/2014', 3, 16);
insert into Dogadjaji (DogadjajID, Vrsta, Naziv, BrojGostiju, Datum, KlijentID, GradID) values (326, 'Fuscia', 'Fix San', 242, '22/08/2012', 136, 6);
insert into Dogadjaji (DogadjajID, Vrsta, Naziv, BrojGostiju, Datum, KlijentID, GradID) values (327, 'Red', 'Gembucket', 431, '28/02/2015', 69, 16);
insert into Dogadjaji (DogadjajID, Vrsta, Naziv, BrojGostiju, Datum, KlijentID, GradID) values (328, 'Orange', 'Temp', 402, '18/02/2014', 183, 6);
insert into Dogadjaji (DogadjajID, Vrsta, Naziv, BrojGostiju, Datum, KlijentID, GradID) values (329, 'Maroon', 'Hatity', 308, '12/02/2013', 88, 13);
insert into Dogadjaji (DogadjajID, Vrsta, Naziv, BrojGostiju, Datum, KlijentID, GradID) values (330, 'Purple', 'Trippledex', 478, '10/05/2012', 42, 18);
insert into Dogadjaji (DogadjajID, Vrsta, Naziv, BrojGostiju, Datum, KlijentID, GradID) values (331, 'Violet', 'Stim', 474, '14/08/2017', 44, 3);
insert into Dogadjaji (DogadjajID, Vrsta, Naziv, BrojGostiju, Datum, KlijentID, GradID) values (332, 'Purple', 'Daltfresh', 137, '11/06/2012', 288, 13);
insert into Dogadjaji (DogadjajID, Vrsta, Naziv, BrojGostiju, Datum, KlijentID, GradID) values (333, 'Aquamarine', 'Fixflex', 176, '02/05/2012', 86, 15);
insert into Dogadjaji (DogadjajID, Vrsta, Naziv, BrojGostiju, Datum, KlijentID, GradID) values (334, 'Blue', 'Latlux', 422, '23/12/2014', 102, 3);
insert into Dogadjaji (DogadjajID, Vrsta, Naziv, BrojGostiju, Datum, KlijentID, GradID) values (335, 'Purple', 'Y-find', 487, '05/09/2015', 187, 10);
insert into Dogadjaji (DogadjajID, Vrsta, Naziv, BrojGostiju, Datum, KlijentID, GradID) values (336, 'Puce', 'Tin', 318, '01/09/2012', 250, 3);
insert into Dogadjaji (DogadjajID, Vrsta, Naziv, BrojGostiju, Datum, KlijentID, GradID) values (337, 'Puce', 'Zaam-Dox', 497, '19/08/2010', 224, 16);
insert into Dogadjaji (DogadjajID, Vrsta, Naziv, BrojGostiju, Datum, KlijentID, GradID) values (338, 'Crimson', 'Stim', 448, '08/01/2016', 77, 1);
insert into Dogadjaji (DogadjajID, Vrsta, Naziv, BrojGostiju, Datum, KlijentID, GradID) values (339, 'Orange', 'Aerified', 298, '25/09/2009', 229, 12);
insert into Dogadjaji (DogadjajID, Vrsta, Naziv, BrojGostiju, Datum, KlijentID, GradID) values (340, 'Maroon', 'Fix San', 468, '07/09/2016', 71, 13);
insert into Dogadjaji (DogadjajID, Vrsta, Naziv, BrojGostiju, Datum, KlijentID, GradID) values (341, 'Red', 'Flexidy', 433, '28/08/2013', 206, 16);
insert into Dogadjaji (DogadjajID, Vrsta, Naziv, BrojGostiju, Datum, KlijentID, GradID) values (342, 'Yellow', 'Gembucket', 444, '14/02/2015', 112, 11);
insert into Dogadjaji (DogadjajID, Vrsta, Naziv, BrojGostiju, Datum, KlijentID, GradID) values (343, 'Yellow', 'Tres-Zap', 218, '08/09/2018', 69, 12);
insert into Dogadjaji (DogadjajID, Vrsta, Naziv, BrojGostiju, Datum, KlijentID, GradID) values (344, 'Goldenrod', 'Lotlux', 405, '19/01/2012', 52, 4);
insert into Dogadjaji (DogadjajID, Vrsta, Naziv, BrojGostiju, Datum, KlijentID, GradID) values (345, 'Puce', 'It', 73, '12/04/2018', 20, 11);
insert into Dogadjaji (DogadjajID, Vrsta, Naziv, BrojGostiju, Datum, KlijentID, GradID) values (346, 'Goldenrod', 'Prodder', 166, '06/04/2010', 111, 6);
insert into Dogadjaji (DogadjajID, Vrsta, Naziv, BrojGostiju, Datum, KlijentID, GradID) values (347, 'Maroon', 'Lotstring', 371, '28/12/2012', 237, 15);
insert into Dogadjaji (DogadjajID, Vrsta, Naziv, BrojGostiju, Datum, KlijentID, GradID) values (348, 'Crimson', 'Y-Solowarm', 328, '25/04/2010', 91, 7);
insert into Dogadjaji (DogadjajID, Vrsta, Naziv, BrojGostiju, Datum, KlijentID, GradID) values (349, 'Goldenrod', 'Kanlam', 171, '31/07/2016', 19, 6);
insert into Dogadjaji (DogadjajID, Vrsta, Naziv, BrojGostiju, Datum, KlijentID, GradID) values (350, 'Khaki', 'Toughjoyfax', 384, '04/09/2015', 288, 14);
insert into Dogadjaji (DogadjajID, Vrsta, Naziv, BrojGostiju, Datum, KlijentID, GradID) values (351, 'Crimson', 'Flowdesk', 163, '20/12/2009', 242, 8);
insert into Dogadjaji (DogadjajID, Vrsta, Naziv, BrojGostiju, Datum, KlijentID, GradID) values (352, 'Aquamarine', 'Biodex', 175, '31/07/2015', 282, 8);
insert into Dogadjaji (DogadjajID, Vrsta, Naziv, BrojGostiju, Datum, KlijentID, GradID) values (353, 'Crimson', 'Span', 131, '01/04/2014', 58, 10);
insert into Dogadjaji (DogadjajID, Vrsta, Naziv, BrojGostiju, Datum, KlijentID, GradID) values (354, 'Green', 'Zathin', 186, '09/12/2017', 82, 18);
insert into Dogadjaji (DogadjajID, Vrsta, Naziv, BrojGostiju, Datum, KlijentID, GradID) values (355, 'Purple', 'Overhold', 201, '21/04/2015', 84, 7);
insert into Dogadjaji (DogadjajID, Vrsta, Naziv, BrojGostiju, Datum, KlijentID, GradID) values (356, 'Puce', 'Gembucket', 306, '14/12/2010', 158, 5);
insert into Dogadjaji (DogadjajID, Vrsta, Naziv, BrojGostiju, Datum, KlijentID, GradID) values (357, 'Indigo', 'Vagram', 403, '07/05/2009', 298, 11);
insert into Dogadjaji (DogadjajID, Vrsta, Naziv, BrojGostiju, Datum, KlijentID, GradID) values (358, 'Teal', 'Subin', 377, '08/05/2014', 205, 5);
insert into Dogadjaji (DogadjajID, Vrsta, Naziv, BrojGostiju, Datum, KlijentID, GradID) values (359, 'Khaki', 'Alphazap', 169, '08/04/2012', 201, 5);
insert into Dogadjaji (DogadjajID, Vrsta, Naziv, BrojGostiju, Datum, KlijentID, GradID) values (360, 'Crimson', 'Lotstring', 304, '13/05/2009', 24, 17);
insert into Dogadjaji (DogadjajID, Vrsta, Naziv, BrojGostiju, Datum, KlijentID, GradID) values (361, 'Orange', 'Greenlam', 78, '05/10/2011', 197, 1);
insert into Dogadjaji (DogadjajID, Vrsta, Naziv, BrojGostiju, Datum, KlijentID, GradID) values (362, 'Khaki', 'Tin', 317, '21/12/2017', 117, 12);
insert into Dogadjaji (DogadjajID, Vrsta, Naziv, BrojGostiju, Datum, KlijentID, GradID) values (363, 'Puce', 'Bigtax', 366, '25/02/2012', 209, 6);
insert into Dogadjaji (DogadjajID, Vrsta, Naziv, BrojGostiju, Datum, KlijentID, GradID) values (364, 'Green', 'Domainer', 99, '27/02/2017', 67, 16);
insert into Dogadjaji (DogadjajID, Vrsta, Naziv, BrojGostiju, Datum, KlijentID, GradID) values (365, 'Yellow', 'Namfix', 272, '21/01/2017', 32, 18);
insert into Dogadjaji (DogadjajID, Vrsta, Naziv, BrojGostiju, Datum, KlijentID, GradID) values (366, 'Puce', 'Bytecard', 394, '23/03/2014', 60, 11);
insert into Dogadjaji (DogadjajID, Vrsta, Naziv, BrojGostiju, Datum, KlijentID, GradID) values (367, 'Goldenrod', 'Bytecard', 104, '01/03/2017', 256, 6);
insert into Dogadjaji (DogadjajID, Vrsta, Naziv, BrojGostiju, Datum, KlijentID, GradID) values (368, 'Pink', 'Job', 420, '14/07/2010', 109, 2);
insert into Dogadjaji (DogadjajID, Vrsta, Naziv, BrojGostiju, Datum, KlijentID, GradID) values (369, 'Blue', 'Home Ing', 348, '12/10/2015', 96, 11);
insert into Dogadjaji (DogadjajID, Vrsta, Naziv, BrojGostiju, Datum, KlijentID, GradID) values (370, 'Green', 'Matsoft', 215, '27/02/2017', 282, 16);
insert into Dogadjaji (DogadjajID, Vrsta, Naziv, BrojGostiju, Datum, KlijentID, GradID) values (371, 'Violet', 'Subin', 77, '01/09/2009', 104, 20);
insert into Dogadjaji (DogadjajID, Vrsta, Naziv, BrojGostiju, Datum, KlijentID, GradID) values (372, 'Goldenrod', 'Vagram', 76, '01/10/2011', 284, 7);
insert into Dogadjaji (DogadjajID, Vrsta, Naziv, BrojGostiju, Datum, KlijentID, GradID) values (373, 'Green', 'Rank', 77, '20/05/2011', 286, 20);
insert into Dogadjaji (DogadjajID, Vrsta, Naziv, BrojGostiju, Datum, KlijentID, GradID) values (374, 'Pink', 'Bigtax', 213, '09/02/2009', 16, 15);
insert into Dogadjaji (DogadjajID, Vrsta, Naziv, BrojGostiju, Datum, KlijentID, GradID) values (375, 'Turquoise', 'Lotstring', 201, '24/06/2017', 46, 1);
insert into Dogadjaji (DogadjajID, Vrsta, Naziv, BrojGostiju, Datum, KlijentID, GradID) values (376, 'Violet', 'Bamity', 265, '20/02/2013', 126, 20);
insert into Dogadjaji (DogadjajID, Vrsta, Naziv, BrojGostiju, Datum, KlijentID, GradID) values (377, 'Orange', 'Stim', 291, '25/12/2014', 48, 11);
insert into Dogadjaji (DogadjajID, Vrsta, Naziv, BrojGostiju, Datum, KlijentID, GradID) values (378, 'Crimson', 'Prodder', 286, '16/10/2016', 70, 10);
insert into Dogadjaji (DogadjajID, Vrsta, Naziv, BrojGostiju, Datum, KlijentID, GradID) values (379, 'Crimson', 'Stronghold', 363, '04/01/2012', 110, 3);
insert into Dogadjaji (DogadjajID, Vrsta, Naziv, BrojGostiju, Datum, KlijentID, GradID) values (380, 'Crimson', 'Flexidy', 202, '16/11/2013', 127, 5);
insert into Dogadjaji (DogadjajID, Vrsta, Naziv, BrojGostiju, Datum, KlijentID, GradID) values (381, 'Orange', 'Cookley', 418, '15/09/2016', 109, 15);
insert into Dogadjaji (DogadjajID, Vrsta, Naziv, BrojGostiju, Datum, KlijentID, GradID) values (382, 'Red', 'Sonair', 66, '19/12/2012', 141, 1);
insert into Dogadjaji (DogadjajID, Vrsta, Naziv, BrojGostiju, Datum, KlijentID, GradID) values (383, 'Teal', 'Overhold', 376, '17/06/2017', 294, 9);
insert into Dogadjaji (DogadjajID, Vrsta, Naziv, BrojGostiju, Datum, KlijentID, GradID) values (384, 'Maroon', 'Solarbreeze', 457, '02/12/2014', 228, 8);
insert into Dogadjaji (DogadjajID, Vrsta, Naziv, BrojGostiju, Datum, KlijentID, GradID) values (385, 'Orange', 'Bigtax', 386, '25/10/2009', 263, 17);
insert into Dogadjaji (DogadjajID, Vrsta, Naziv, BrojGostiju, Datum, KlijentID, GradID) values (386, 'Mauv', 'Zathin', 325, '14/03/2009', 82, 3);
insert into Dogadjaji (DogadjajID, Vrsta, Naziv, BrojGostiju, Datum, KlijentID, GradID) values (387, 'Purple', 'Opela', 72, '17/04/2015', 104, 9);
insert into Dogadjaji (DogadjajID, Vrsta, Naziv, BrojGostiju, Datum, KlijentID, GradID) values (388, 'Orange', 'Zathin', 62, '13/02/2014', 216, 7);
insert into Dogadjaji (DogadjajID, Vrsta, Naziv, BrojGostiju, Datum, KlijentID, GradID) values (389, 'Puce', 'Keylex', 334, '10/08/2015', 90, 2);
insert into Dogadjaji (DogadjajID, Vrsta, Naziv, BrojGostiju, Datum, KlijentID, GradID) values (390, 'Aquamarine', 'Konklab', 378, '20/05/2009', 192, 11);
insert into Dogadjaji (DogadjajID, Vrsta, Naziv, BrojGostiju, Datum, KlijentID, GradID) values (391, 'Orange', 'Temp', 456, '19/10/2016', 56, 1);
insert into Dogadjaji (DogadjajID, Vrsta, Naziv, BrojGostiju, Datum, KlijentID, GradID) values (392, 'Pink', 'Transcof', 361, '16/07/2016', 69, 1);
insert into Dogadjaji (DogadjajID, Vrsta, Naziv, BrojGostiju, Datum, KlijentID, GradID) values (393, 'Fuscia', 'Prodder', 460, '01/02/2018', 243, 17);
insert into Dogadjaji (DogadjajID, Vrsta, Naziv, BrojGostiju, Datum, KlijentID, GradID) values (394, 'Blue', 'Tin', 438, '21/10/2011', 197, 12);
insert into Dogadjaji (DogadjajID, Vrsta, Naziv, BrojGostiju, Datum, KlijentID, GradID) values (395, 'Blue', 'Hatity', 366, '06/11/2017', 134, 15);
insert into Dogadjaji (DogadjajID, Vrsta, Naziv, BrojGostiju, Datum, KlijentID, GradID) values (396, 'Aquamarine', 'It', 481, '01/01/2010', 70, 16);
insert into Dogadjaji (DogadjajID, Vrsta, Naziv, BrojGostiju, Datum, KlijentID, GradID) values (397, 'Turquoise', 'Bitchip', 51, '31/10/2018', 70, 7);
insert into Dogadjaji (DogadjajID, Vrsta, Naziv, BrojGostiju, Datum, KlijentID, GradID) values (398, 'Red', 'Voyatouch', 135, '27/01/2015', 22, 5);
insert into Dogadjaji (DogadjajID, Vrsta, Naziv, BrojGostiju, Datum, KlijentID, GradID) values (399, 'Red', 'Redhold', 65, '02/05/2011', 292, 12);
insert into Dogadjaji (DogadjajID, Vrsta, Naziv, BrojGostiju, Datum, KlijentID, GradID) values (400, 'Maroon', 'Fixflex', 479, '12/01/2016', 198, 9);
insert into Dogadjaji (DogadjajID, Vrsta, Naziv, BrojGostiju, Datum, KlijentID, GradID) values (401, 'Maroon', 'Sonair', 464, '19/11/2015', 114, 15);
insert into Dogadjaji (DogadjajID, Vrsta, Naziv, BrojGostiju, Datum, KlijentID, GradID) values (402, 'Yellow', 'Voltsillam', 461, '15/08/2010', 35, 12);
insert into Dogadjaji (DogadjajID, Vrsta, Naziv, BrojGostiju, Datum, KlijentID, GradID) values (403, 'Goldenrod', 'It', 429, '18/10/2013', 144, 6);
insert into Dogadjaji (DogadjajID, Vrsta, Naziv, BrojGostiju, Datum, KlijentID, GradID) values (404, 'Orange', 'Kanlam', 159, '30/08/2012', 20, 9);
insert into Dogadjaji (DogadjajID, Vrsta, Naziv, BrojGostiju, Datum, KlijentID, GradID) values (405, 'Yellow', 'Temp', 112, '23/01/2014', 7, 5);
insert into Dogadjaji (DogadjajID, Vrsta, Naziv, BrojGostiju, Datum, KlijentID, GradID) values (406, 'Fuscia', 'Kanlam', 224, '23/11/2018', 250, 18);
insert into Dogadjaji (DogadjajID, Vrsta, Naziv, BrojGostiju, Datum, KlijentID, GradID) values (407, 'Blue', 'Stringtough', 333, '18/02/2017', 160, 15);
insert into Dogadjaji (DogadjajID, Vrsta, Naziv, BrojGostiju, Datum, KlijentID, GradID) values (408, 'Turquoise', 'Wrapsafe', 348, '16/09/2010', 278, 11);
insert into Dogadjaji (DogadjajID, Vrsta, Naziv, BrojGostiju, Datum, KlijentID, GradID) values (409, 'Turquoise', 'Sonair', 279, '04/12/2018', 178, 5);
insert into Dogadjaji (DogadjajID, Vrsta, Naziv, BrojGostiju, Datum, KlijentID, GradID) values (410, 'Orange', 'Alphazap', 482, '08/10/2009', 169, 3);
insert into Dogadjaji (DogadjajID, Vrsta, Naziv, BrojGostiju, Datum, KlijentID, GradID) values (411, 'Teal', 'Duobam', 251, '27/09/2013', 141, 17);
insert into Dogadjaji (DogadjajID, Vrsta, Naziv, BrojGostiju, Datum, KlijentID, GradID) values (412, 'Mauv', 'Gembucket', 305, '21/05/2018', 8, 17);
insert into Dogadjaji (DogadjajID, Vrsta, Naziv, BrojGostiju, Datum, KlijentID, GradID) values (413, 'Purple', 'Fixflex', 385, '18/08/2011', 97, 15);
insert into Dogadjaji (DogadjajID, Vrsta, Naziv, BrojGostiju, Datum, KlijentID, GradID) values (414, 'Crimson', 'Lotlux', 140, '29/04/2017', 261, 6);
insert into Dogadjaji (DogadjajID, Vrsta, Naziv, BrojGostiju, Datum, KlijentID, GradID) values (415, 'Goldenrod', 'Gembucket', 151, '04/01/2011', 25, 12);
insert into Dogadjaji (DogadjajID, Vrsta, Naziv, BrojGostiju, Datum, KlijentID, GradID) values (416, 'Orange', 'Tres-Zap', 415, '05/11/2014', 17, 16);
insert into Dogadjaji (DogadjajID, Vrsta, Naziv, BrojGostiju, Datum, KlijentID, GradID) values (417, 'Maroon', 'Tampflex', 69, '10/06/2016', 17, 20);
insert into Dogadjaji (DogadjajID, Vrsta, Naziv, BrojGostiju, Datum, KlijentID, GradID) values (418, 'Fuscia', 'Domainer', 452, '24/04/2014', 85, 16);
insert into Dogadjaji (DogadjajID, Vrsta, Naziv, BrojGostiju, Datum, KlijentID, GradID) values (419, 'Orange', 'Tin', 217, '27/11/2016', 66, 17);
insert into Dogadjaji (DogadjajID, Vrsta, Naziv, BrojGostiju, Datum, KlijentID, GradID) values (420, 'Mauv', 'Overhold', 330, '07/04/2016', 129, 10);
insert into Dogadjaji (DogadjajID, Vrsta, Naziv, BrojGostiju, Datum, KlijentID, GradID) values (421, 'Puce', 'Stim', 464, '25/12/2010', 124, 5);
insert into Dogadjaji (DogadjajID, Vrsta, Naziv, BrojGostiju, Datum, KlijentID, GradID) values (422, 'Orange', 'Veribet', 261, '22/10/2016', 117, 7);
insert into Dogadjaji (DogadjajID, Vrsta, Naziv, BrojGostiju, Datum, KlijentID, GradID) values (423, 'Violet', 'Matsoft', 335, '22/01/2011', 50, 15);
insert into Dogadjaji (DogadjajID, Vrsta, Naziv, BrojGostiju, Datum, KlijentID, GradID) values (424, 'Goldenrod', 'Mat Lam Tam', 170, '26/03/2017', 245, 4);
insert into Dogadjaji (DogadjajID, Vrsta, Naziv, BrojGostiju, Datum, KlijentID, GradID) values (425, 'Crimson', 'Prodder', 102, '21/05/2015', 213, 19);
insert into Dogadjaji (DogadjajID, Vrsta, Naziv, BrojGostiju, Datum, KlijentID, GradID) values (426, 'Mauv', 'Stim', 330, '27/03/2011', 284, 13);
insert into Dogadjaji (DogadjajID, Vrsta, Naziv, BrojGostiju, Datum, KlijentID, GradID) values (427, 'Fuscia', 'Konklux', 105, '10/02/2009', 257, 11);
insert into Dogadjaji (DogadjajID, Vrsta, Naziv, BrojGostiju, Datum, KlijentID, GradID) values (428, 'Green', 'Bigtax', 174, '05/05/2013', 134, 14);
insert into Dogadjaji (DogadjajID, Vrsta, Naziv, BrojGostiju, Datum, KlijentID, GradID) values (429, 'Mauv', 'Daltfresh', 300, '06/01/2017', 299, 1);
insert into Dogadjaji (DogadjajID, Vrsta, Naziv, BrojGostiju, Datum, KlijentID, GradID) values (430, 'Orange', 'Flowdesk', 498, '19/08/2018', 87, 2);
insert into Dogadjaji (DogadjajID, Vrsta, Naziv, BrojGostiju, Datum, KlijentID, GradID) values (431, 'Orange', 'Trippledex', 124, '14/03/2015', 52, 12);
insert into Dogadjaji (DogadjajID, Vrsta, Naziv, BrojGostiju, Datum, KlijentID, GradID) values (432, 'Orange', 'Bamity', 238, '03/12/2009', 164, 9);
insert into Dogadjaji (DogadjajID, Vrsta, Naziv, BrojGostiju, Datum, KlijentID, GradID) values (433, 'Green', 'Gembucket', 410, '10/10/2009', 95, 3);
insert into Dogadjaji (DogadjajID, Vrsta, Naziv, BrojGostiju, Datum, KlijentID, GradID) values (434, 'Fuscia', 'Alphazap', 187, '22/05/2018', 16, 18);
insert into Dogadjaji (DogadjajID, Vrsta, Naziv, BrojGostiju, Datum, KlijentID, GradID) values (435, 'Khaki', 'Ronstring', 116, '13/01/2014', 135, 15);
insert into Dogadjaji (DogadjajID, Vrsta, Naziv, BrojGostiju, Datum, KlijentID, GradID) values (436, 'Orange', 'Zoolab', 103, '05/07/2017', 103, 1);
insert into Dogadjaji (DogadjajID, Vrsta, Naziv, BrojGostiju, Datum, KlijentID, GradID) values (437, 'Aquamarine', 'Prodder', 324, '18/03/2018', 231, 1);
insert into Dogadjaji (DogadjajID, Vrsta, Naziv, BrojGostiju, Datum, KlijentID, GradID) values (438, 'Green', 'Prodder', 108, '21/03/2018', 180, 13);
insert into Dogadjaji (DogadjajID, Vrsta, Naziv, BrojGostiju, Datum, KlijentID, GradID) values (439, 'Orange', 'Overhold', 442, '18/06/2013', 32, 6);
insert into Dogadjaji (DogadjajID, Vrsta, Naziv, BrojGostiju, Datum, KlijentID, GradID) values (440, 'Indigo', 'Asoka', 100, '07/04/2017', 141, 8);
insert into Dogadjaji (DogadjajID, Vrsta, Naziv, BrojGostiju, Datum, KlijentID, GradID) values (441, 'Yellow', 'Bamity', 224, '01/02/2009', 273, 8);
insert into Dogadjaji (DogadjajID, Vrsta, Naziv, BrojGostiju, Datum, KlijentID, GradID) values (442, 'Mauv', 'Voltsillam', 283, '11/01/2016', 135, 18);
insert into Dogadjaji (DogadjajID, Vrsta, Naziv, BrojGostiju, Datum, KlijentID, GradID) values (443, 'Maroon', 'Duobam', 468, '31/05/2017', 12, 18);
insert into Dogadjaji (DogadjajID, Vrsta, Naziv, BrojGostiju, Datum, KlijentID, GradID) values (444, 'Yellow', 'Overhold', 426, '19/12/2015', 79, 14);
insert into Dogadjaji (DogadjajID, Vrsta, Naziv, BrojGostiju, Datum, KlijentID, GradID) values (445, 'Purple', 'Konklab', 199, '30/04/2018', 77, 1);
insert into Dogadjaji (DogadjajID, Vrsta, Naziv, BrojGostiju, Datum, KlijentID, GradID) values (446, 'Red', 'Voyatouch', 349, '22/08/2014', 167, 17);
insert into Dogadjaji (DogadjajID, Vrsta, Naziv, BrojGostiju, Datum, KlijentID, GradID) values (447, 'Yellow', 'Fix San', 446, '30/07/2015', 291, 18);
insert into Dogadjaji (DogadjajID, Vrsta, Naziv, BrojGostiju, Datum, KlijentID, GradID) values (448, 'Teal', 'Tampflex', 243, '18/06/2016', 232, 13);
insert into Dogadjaji (DogadjajID, Vrsta, Naziv, BrojGostiju, Datum, KlijentID, GradID) values (449, 'Puce', 'Otcom', 469, '12/04/2018', 134, 3);
insert into Dogadjaji (DogadjajID, Vrsta, Naziv, BrojGostiju, Datum, KlijentID, GradID) values (450, 'Goldenrod', 'Subin', 168, '02/04/2015', 152, 16);
insert into Dogadjaji (DogadjajID, Vrsta, Naziv, BrojGostiju, Datum, KlijentID, GradID) values (451, 'Crimson', 'Trippledex', 476, '01/01/2018', 287, 3);
insert into Dogadjaji (DogadjajID, Vrsta, Naziv, BrojGostiju, Datum, KlijentID, GradID) values (452, 'Puce', 'Temp', 226, '23/03/2009', 31, 19);
insert into Dogadjaji (DogadjajID, Vrsta, Naziv, BrojGostiju, Datum, KlijentID, GradID) values (453, 'Red', 'Gembucket', 396, '13/12/2018', 43, 18);
insert into Dogadjaji (DogadjajID, Vrsta, Naziv, BrojGostiju, Datum, KlijentID, GradID) values (454, 'Khaki', 'Cardguard', 203, '12/06/2009', 89, 2);
insert into Dogadjaji (DogadjajID, Vrsta, Naziv, BrojGostiju, Datum, KlijentID, GradID) values (455, 'Red', 'Domainer', 395, '02/06/2010', 100, 11);
insert into Dogadjaji (DogadjajID, Vrsta, Naziv, BrojGostiju, Datum, KlijentID, GradID) values (456, 'Indigo', 'Bigtax', 184, '04/03/2017', 17, 3);
insert into Dogadjaji (DogadjajID, Vrsta, Naziv, BrojGostiju, Datum, KlijentID, GradID) values (457, 'Goldenrod', 'Rank', 173, '09/12/2010', 85, 16);
insert into Dogadjaji (DogadjajID, Vrsta, Naziv, BrojGostiju, Datum, KlijentID, GradID) values (458, 'Goldenrod', 'Regrant', 401, '17/09/2014', 33, 15);
insert into Dogadjaji (DogadjajID, Vrsta, Naziv, BrojGostiju, Datum, KlijentID, GradID) values (459, 'Violet', 'It', 424, '03/10/2010', 98, 9);
insert into Dogadjaji (DogadjajID, Vrsta, Naziv, BrojGostiju, Datum, KlijentID, GradID) values (460, 'Khaki', 'Zoolab', 435, '04/06/2012', 117, 11);
insert into Dogadjaji (DogadjajID, Vrsta, Naziv, BrojGostiju, Datum, KlijentID, GradID) values (461, 'Orange', 'Lotstring', 213, '01/06/2016', 191, 17);
insert into Dogadjaji (DogadjajID, Vrsta, Naziv, BrojGostiju, Datum, KlijentID, GradID) values (462, 'Orange', 'Zoolab', 107, '21/05/2011', 143, 10);
insert into Dogadjaji (DogadjajID, Vrsta, Naziv, BrojGostiju, Datum, KlijentID, GradID) values (463, 'Mauv', 'Namfix', 440, '25/05/2012', 171, 15);
insert into Dogadjaji (DogadjajID, Vrsta, Naziv, BrojGostiju, Datum, KlijentID, GradID) values (464, 'Violet', 'Quo Lux', 214, '17/10/2009', 87, 8);
insert into Dogadjaji (DogadjajID, Vrsta, Naziv, BrojGostiju, Datum, KlijentID, GradID) values (465, 'Red', 'Stim', 77, '13/05/2015', 9, 11);
insert into Dogadjaji (DogadjajID, Vrsta, Naziv, BrojGostiju, Datum, KlijentID, GradID) values (466, 'Green', 'Zamit', 489, '07/01/2018', 121, 10);
insert into Dogadjaji (DogadjajID, Vrsta, Naziv, BrojGostiju, Datum, KlijentID, GradID) values (467, 'Red', 'Cardify', 500, '08/04/2018', 72, 18);
insert into Dogadjaji (DogadjajID, Vrsta, Naziv, BrojGostiju, Datum, KlijentID, GradID) values (468, 'Puce', 'Bigtax', 290, '21/03/2012', 56, 10);
insert into Dogadjaji (DogadjajID, Vrsta, Naziv, BrojGostiju, Datum, KlijentID, GradID) values (469, 'Red', 'Wrapsafe', 140, '30/01/2015', 260, 13);
insert into Dogadjaji (DogadjajID, Vrsta, Naziv, BrojGostiju, Datum, KlijentID, GradID) values (470, 'Yellow', 'Cardguard', 290, '02/12/2013', 272, 3);
insert into Dogadjaji (DogadjajID, Vrsta, Naziv, BrojGostiju, Datum, KlijentID, GradID) values (471, 'Turquoise', 'Greenlam', 210, '23/04/2012', 49, 3);
insert into Dogadjaji (DogadjajID, Vrsta, Naziv, BrojGostiju, Datum, KlijentID, GradID) values (472, 'Orange', 'Stronghold', 225, '19/03/2016', 71, 9);
insert into Dogadjaji (DogadjajID, Vrsta, Naziv, BrojGostiju, Datum, KlijentID, GradID) values (473, 'Teal', 'Hatity', 243, '27/01/2015', 123, 5);
insert into Dogadjaji (DogadjajID, Vrsta, Naziv, BrojGostiju, Datum, KlijentID, GradID) values (474, 'Purple', 'Konklux', 341, '30/11/2011', 200, 6);
insert into Dogadjaji (DogadjajID, Vrsta, Naziv, BrojGostiju, Datum, KlijentID, GradID) values (475, 'Puce', 'Cookley', 157, '18/06/2014', 219, 9);
insert into Dogadjaji (DogadjajID, Vrsta, Naziv, BrojGostiju, Datum, KlijentID, GradID) values (476, 'Indigo', 'Voyatouch', 370, '14/04/2010', 199, 19);
insert into Dogadjaji (DogadjajID, Vrsta, Naziv, BrojGostiju, Datum, KlijentID, GradID) values (477, 'Violet', 'Viva', 186, '02/07/2009', 8, 12);
insert into Dogadjaji (DogadjajID, Vrsta, Naziv, BrojGostiju, Datum, KlijentID, GradID) values (478, 'Teal', 'Fixflex', 209, '26/08/2012', 295, 3);
insert into Dogadjaji (DogadjajID, Vrsta, Naziv, BrojGostiju, Datum, KlijentID, GradID) values (479, 'Puce', 'Fintone', 403, '02/11/2017', 60, 15);
insert into Dogadjaji (DogadjajID, Vrsta, Naziv, BrojGostiju, Datum, KlijentID, GradID) values (480, 'Goldenrod', 'Zamit', 358, '10/07/2017', 159, 18);
insert into Dogadjaji (DogadjajID, Vrsta, Naziv, BrojGostiju, Datum, KlijentID, GradID) values (481, 'Yellow', 'Temp', 56, '02/01/2012', 263, 10);
insert into Dogadjaji (DogadjajID, Vrsta, Naziv, BrojGostiju, Datum, KlijentID, GradID) values (482, 'Goldenrod', 'Span', 225, '14/02/2014', 69, 18);
insert into Dogadjaji (DogadjajID, Vrsta, Naziv, BrojGostiju, Datum, KlijentID, GradID) values (483, 'Pink', 'Daltfresh', 57, '27/11/2011', 21, 3);
insert into Dogadjaji (DogadjajID, Vrsta, Naziv, BrojGostiju, Datum, KlijentID, GradID) values (484, 'Fuscia', 'Kanlam', 126, '15/07/2017', 97, 10);
insert into Dogadjaji (DogadjajID, Vrsta, Naziv, BrojGostiju, Datum, KlijentID, GradID) values (485, 'Orange', 'Vagram', 243, '17/04/2009', 229, 19);
insert into Dogadjaji (DogadjajID, Vrsta, Naziv, BrojGostiju, Datum, KlijentID, GradID) values (486, 'Orange', 'Quo Lux', 132, '03/03/2009', 205, 2);
insert into Dogadjaji (DogadjajID, Vrsta, Naziv, BrojGostiju, Datum, KlijentID, GradID) values (487, 'Orange', 'Zaam-Dox', 301, '09/11/2016', 76, 6);
insert into Dogadjaji (DogadjajID, Vrsta, Naziv, BrojGostiju, Datum, KlijentID, GradID) values (488, 'Fuscia', 'Bigtax', 124, '01/03/2010', 163, 16);
insert into Dogadjaji (DogadjajID, Vrsta, Naziv, BrojGostiju, Datum, KlijentID, GradID) values (489, 'Maroon', 'Subin', 432, '09/07/2016', 289, 10);
insert into Dogadjaji (DogadjajID, Vrsta, Naziv, BrojGostiju, Datum, KlijentID, GradID) values (490, 'Aquamarine', 'Matsoft', 110, '10/01/2014', 96, 9);
insert into Dogadjaji (DogadjajID, Vrsta, Naziv, BrojGostiju, Datum, KlijentID, GradID) values (491, 'Orange', 'Otcom', 174, '06/09/2009', 207, 6);
insert into Dogadjaji (DogadjajID, Vrsta, Naziv, BrojGostiju, Datum, KlijentID, GradID) values (492, 'Maroon', 'Sonair', 273, '09/09/2017', 57, 19);
insert into Dogadjaji (DogadjajID, Vrsta, Naziv, BrojGostiju, Datum, KlijentID, GradID) values (493, 'Yellow', 'Asoka', 424, '15/11/2011', 52, 9);
insert into Dogadjaji (DogadjajID, Vrsta, Naziv, BrojGostiju, Datum, KlijentID, GradID) values (494, 'Khaki', 'Sonsing', 203, '07/02/2016', 23, 18);
insert into Dogadjaji (DogadjajID, Vrsta, Naziv, BrojGostiju, Datum, KlijentID, GradID) values (495, 'Red', 'Ventosanzap', 244, '13/01/2016', 101, 3);
insert into Dogadjaji (DogadjajID, Vrsta, Naziv, BrojGostiju, Datum, KlijentID, GradID) values (496, 'Green', 'Bigtax', 296, '10/01/2015', 248, 5);
insert into Dogadjaji (DogadjajID, Vrsta, Naziv, BrojGostiju, Datum, KlijentID, GradID) values (497, 'Turquoise', 'Veribet', 182, '22/05/2017', 39, 2);
insert into Dogadjaji (DogadjajID, Vrsta, Naziv, BrojGostiju, Datum, KlijentID, GradID) values (498, 'Puce', 'Prodder', 438, '22/10/2010', 252, 10);
insert into Dogadjaji (DogadjajID, Vrsta, Naziv, BrojGostiju, Datum, KlijentID, GradID) values (499, 'Puce', 'Ventosanzap', 244, '10/09/2009', 210, 4);
insert into Dogadjaji (DogadjajID, Vrsta, Naziv, BrojGostiju, Datum, KlijentID, GradID) values (500, 'Puce', 'Daltfresh', 499, '23/08/2016', 230, 1);
insert into Dogadjaji (DogadjajID, Vrsta, Naziv, BrojGostiju, Datum, KlijentID, GradID) values (501, 'Aquamarine', 'Holdlamis', 403, '03/08/2012', 56, 15);
insert into Dogadjaji (DogadjajID, Vrsta, Naziv, BrojGostiju, Datum, KlijentID, GradID) values (502, 'Turquoise', 'Transcof', 285, '16/07/2010', 19, 7);
insert into Dogadjaji (DogadjajID, Vrsta, Naziv, BrojGostiju, Datum, KlijentID, GradID) values (503, 'Violet', 'Stim', 444, '19/05/2016', 278, 18);
insert into Dogadjaji (DogadjajID, Vrsta, Naziv, BrojGostiju, Datum, KlijentID, GradID) values (504, 'Purple', 'Ronstring', 291, '04/11/2009', 260, 12);
insert into Dogadjaji (DogadjajID, Vrsta, Naziv, BrojGostiju, Datum, KlijentID, GradID) values (505, 'Violet', 'Tresom', 171, '19/03/2012', 212, 19);
insert into Dogadjaji (DogadjajID, Vrsta, Naziv, BrojGostiju, Datum, KlijentID, GradID) values (506, 'Mauv', 'Daltfresh', 203, '02/11/2015', 110, 15);
insert into Dogadjaji (DogadjajID, Vrsta, Naziv, BrojGostiju, Datum, KlijentID, GradID) values (507, 'Goldenrod', 'Tresom', 395, '05/08/2013', 162, 10);
insert into Dogadjaji (DogadjajID, Vrsta, Naziv, BrojGostiju, Datum, KlijentID, GradID) values (508, 'Red', 'Daltfresh', 106, '31/07/2013', 4, 13);
insert into Dogadjaji (DogadjajID, Vrsta, Naziv, BrojGostiju, Datum, KlijentID, GradID) values (509, 'Fuscia', 'Flexidy', 74, '09/01/2013', 258, 14);
insert into Dogadjaji (DogadjajID, Vrsta, Naziv, BrojGostiju, Datum, KlijentID, GradID) values (510, 'Mauv', 'Bitchip', 365, '03/12/2013', 180, 20);
insert into Dogadjaji (DogadjajID, Vrsta, Naziv, BrojGostiju, Datum, KlijentID, GradID) values (511, 'Fuscia', 'Ventosanzap', 316, '24/12/2013', 205, 9);
insert into Dogadjaji (DogadjajID, Vrsta, Naziv, BrojGostiju, Datum, KlijentID, GradID) values (512, 'Mauv', 'Toughjoyfax', 376, '20/02/2009', 88, 13);
insert into Dogadjaji (DogadjajID, Vrsta, Naziv, BrojGostiju, Datum, KlijentID, GradID) values (513, 'Pink', 'Voltsillam', 77, '16/03/2016', 193, 8);
insert into Dogadjaji (DogadjajID, Vrsta, Naziv, BrojGostiju, Datum, KlijentID, GradID) values (514, 'Pink', 'Home Ing', 450, '11/11/2017', 140, 11);
insert into Dogadjaji (DogadjajID, Vrsta, Naziv, BrojGostiju, Datum, KlijentID, GradID) values (515, 'Purple', 'Tampflex', 486, '03/08/2016', 52, 5);
insert into Dogadjaji (DogadjajID, Vrsta, Naziv, BrojGostiju, Datum, KlijentID, GradID) values (516, 'Crimson', 'Solarbreeze', 179, '07/12/2014', 155, 2);
insert into Dogadjaji (DogadjajID, Vrsta, Naziv, BrojGostiju, Datum, KlijentID, GradID) values (517, 'Turquoise', 'Span', 234, '03/01/2014', 224, 2);
insert into Dogadjaji (DogadjajID, Vrsta, Naziv, BrojGostiju, Datum, KlijentID, GradID) values (518, 'Violet', 'Fixflex', 351, '15/06/2014', 297, 9);
insert into Dogadjaji (DogadjajID, Vrsta, Naziv, BrojGostiju, Datum, KlijentID, GradID) values (519, 'Pink', 'Mat Lam Tam', 433, '16/12/2010', 89, 4);
insert into Dogadjaji (DogadjajID, Vrsta, Naziv, BrojGostiju, Datum, KlijentID, GradID) values (520, 'Teal', 'Cardguard', 274, '10/11/2011', 65, 6);
insert into Dogadjaji (DogadjajID, Vrsta, Naziv, BrojGostiju, Datum, KlijentID, GradID) values (521, 'Purple', 'Biodex', 179, '04/10/2018', 170, 2);
insert into Dogadjaji (DogadjajID, Vrsta, Naziv, BrojGostiju, Datum, KlijentID, GradID) values (522, 'Violet', 'Aerified', 360, '01/01/2015', 133, 8);
insert into Dogadjaji (DogadjajID, Vrsta, Naziv, BrojGostiju, Datum, KlijentID, GradID) values (523, 'Violet', 'Veribet', 464, '13/03/2015', 208, 12);
insert into Dogadjaji (DogadjajID, Vrsta, Naziv, BrojGostiju, Datum, KlijentID, GradID) values (524, 'Mauv', 'Span', 241, '27/11/2011', 206, 8);
insert into Dogadjaji (DogadjajID, Vrsta, Naziv, BrojGostiju, Datum, KlijentID, GradID) values (525, 'Maroon', 'Zontrax', 243, '08/01/2009', 260, 19);
insert into Dogadjaji (DogadjajID, Vrsta, Naziv, BrojGostiju, Datum, KlijentID, GradID) values (526, 'Orange', 'Gembucket', 500, '12/02/2011', 249, 18);
insert into Dogadjaji (DogadjajID, Vrsta, Naziv, BrojGostiju, Datum, KlijentID, GradID) values (527, 'Indigo', 'Solarbreeze', 268, '01/11/2011', 277, 18);
insert into Dogadjaji (DogadjajID, Vrsta, Naziv, BrojGostiju, Datum, KlijentID, GradID) values (528, 'Orange', 'Temp', 497, '03/04/2016', 251, 8);
insert into Dogadjaji (DogadjajID, Vrsta, Naziv, BrojGostiju, Datum, KlijentID, GradID) values (529, 'Green', 'Trippledex', 218, '06/05/2011', 199, 18);
insert into Dogadjaji (DogadjajID, Vrsta, Naziv, BrojGostiju, Datum, KlijentID, GradID) values (530, 'Maroon', 'Cardguard', 105, '24/01/2014', 230, 10);
insert into Dogadjaji (DogadjajID, Vrsta, Naziv, BrojGostiju, Datum, KlijentID, GradID) values (531, 'Khaki', 'Konklux', 121, '08/08/2009', 44, 20);
insert into Dogadjaji (DogadjajID, Vrsta, Naziv, BrojGostiju, Datum, KlijentID, GradID) values (532, 'Violet', 'Lotlux', 403, '06/11/2015', 63, 18);
insert into Dogadjaji (DogadjajID, Vrsta, Naziv, BrojGostiju, Datum, KlijentID, GradID) values (533, 'Mauv', 'Tempsoft', 208, '27/10/2009', 298, 14);
insert into Dogadjaji (DogadjajID, Vrsta, Naziv, BrojGostiju, Datum, KlijentID, GradID) values (534, 'Purple', 'Prodder', 264, '23/03/2015', 22, 17);
insert into Dogadjaji (DogadjajID, Vrsta, Naziv, BrojGostiju, Datum, KlijentID, GradID) values (535, 'Puce', 'Transcof', 500, '24/01/2012', 122, 10);
insert into Dogadjaji (DogadjajID, Vrsta, Naziv, BrojGostiju, Datum, KlijentID, GradID) values (536, 'Red', 'Zathin', 409, '11/06/2013', 134, 16);
insert into Dogadjaji (DogadjajID, Vrsta, Naziv, BrojGostiju, Datum, KlijentID, GradID) values (537, 'Red', 'Ronstring', 222, '02/02/2018', 195, 3);
insert into Dogadjaji (DogadjajID, Vrsta, Naziv, BrojGostiju, Datum, KlijentID, GradID) values (538, 'Turquoise', 'Hatity', 298, '13/04/2015', 85, 10);
insert into Dogadjaji (DogadjajID, Vrsta, Naziv, BrojGostiju, Datum, KlijentID, GradID) values (539, 'Violet', 'Bitwolf', 378, '02/09/2009', 148, 7);
insert into Dogadjaji (DogadjajID, Vrsta, Naziv, BrojGostiju, Datum, KlijentID, GradID) values (540, 'Teal', 'It', 237, '11/01/2010', 256, 17);
insert into Dogadjaji (DogadjajID, Vrsta, Naziv, BrojGostiju, Datum, KlijentID, GradID) values (541, 'Turquoise', 'Stronghold', 180, '01/10/2012', 235, 8);
insert into Dogadjaji (DogadjajID, Vrsta, Naziv, BrojGostiju, Datum, KlijentID, GradID) values (542, 'Goldenrod', 'Y-find', 270, '12/01/2015', 76, 6);
insert into Dogadjaji (DogadjajID, Vrsta, Naziv, BrojGostiju, Datum, KlijentID, GradID) values (543, 'Orange', 'Voyatouch', 462, '17/03/2018', 288, 5);
insert into Dogadjaji (DogadjajID, Vrsta, Naziv, BrojGostiju, Datum, KlijentID, GradID) values (544, 'Orange', 'Pannier', 180, '25/03/2017', 179, 18);
insert into Dogadjaji (DogadjajID, Vrsta, Naziv, BrojGostiju, Datum, KlijentID, GradID) values (545, 'Goldenrod', 'Span', 430, '20/06/2018', 139, 8);
insert into Dogadjaji (DogadjajID, Vrsta, Naziv, BrojGostiju, Datum, KlijentID, GradID) values (546, 'Puce', 'Bitwolf', 259, '08/07/2010', 47, 18);
insert into Dogadjaji (DogadjajID, Vrsta, Naziv, BrojGostiju, Datum, KlijentID, GradID) values (547, 'Orange', 'Pannier', 345, '01/05/2013', 136, 6);
insert into Dogadjaji (DogadjajID, Vrsta, Naziv, BrojGostiju, Datum, KlijentID, GradID) values (548, 'Blue', 'Zathin', 148, '14/10/2013', 226, 1);
insert into Dogadjaji (DogadjajID, Vrsta, Naziv, BrojGostiju, Datum, KlijentID, GradID) values (549, 'Orange', 'Job', 311, '04/12/2014', 285, 18);
insert into Dogadjaji (DogadjajID, Vrsta, Naziv, BrojGostiju, Datum, KlijentID, GradID) values (550, 'Khaki', 'Regrant', 145, '17/10/2016', 264, 13);
insert into Dogadjaji (DogadjajID, Vrsta, Naziv, BrojGostiju, Datum, KlijentID, GradID) values (551, 'Khaki', 'Zamit', 439, '06/11/2010', 101, 13);
insert into Dogadjaji (DogadjajID, Vrsta, Naziv, BrojGostiju, Datum, KlijentID, GradID) values (552, 'Mauv', 'Matsoft', 82, '06/04/2017', 4, 15);
insert into Dogadjaji (DogadjajID, Vrsta, Naziv, BrojGostiju, Datum, KlijentID, GradID) values (553, 'Violet', 'Overhold', 338, '04/07/2009', 142, 1);
insert into Dogadjaji (DogadjajID, Vrsta, Naziv, BrojGostiju, Datum, KlijentID, GradID) values (554, 'Violet', 'Voyatouch', 339, '16/07/2018', 204, 15);
insert into Dogadjaji (DogadjajID, Vrsta, Naziv, BrojGostiju, Datum, KlijentID, GradID) values (555, 'Turquoise', 'Fintone', 323, '22/01/2018', 112, 20);
insert into Dogadjaji (DogadjajID, Vrsta, Naziv, BrojGostiju, Datum, KlijentID, GradID) values (556, 'Mauv', 'Konklab', 70, '18/05/2018', 271, 20);
insert into Dogadjaji (DogadjajID, Vrsta, Naziv, BrojGostiju, Datum, KlijentID, GradID) values (557, 'Green', 'Mat Lam Tam', 197, '05/02/2009', 85, 19);
insert into Dogadjaji (DogadjajID, Vrsta, Naziv, BrojGostiju, Datum, KlijentID, GradID) values (558, 'Puce', 'Zamit', 51, '04/11/2018', 16, 13);
insert into Dogadjaji (DogadjajID, Vrsta, Naziv, BrojGostiju, Datum, KlijentID, GradID) values (559, 'Teal', 'Asoka', 229, '09/07/2014', 270, 4);
insert into Dogadjaji (DogadjajID, Vrsta, Naziv, BrojGostiju, Datum, KlijentID, GradID) values (560, 'Aquamarine', 'Konklab', 236, '07/01/2012', 189, 15);
insert into Dogadjaji (DogadjajID, Vrsta, Naziv, BrojGostiju, Datum, KlijentID, GradID) values (561, 'Khaki', 'Treeflex', 274, '08/04/2011', 141, 1);
insert into Dogadjaji (DogadjajID, Vrsta, Naziv, BrojGostiju, Datum, KlijentID, GradID) values (562, 'Maroon', 'Subin', 114, '22/11/2011', 158, 7);
insert into Dogadjaji (DogadjajID, Vrsta, Naziv, BrojGostiju, Datum, KlijentID, GradID) values (563, 'Pink', 'Andalax', 265, '25/06/2016', 91, 1);
insert into Dogadjaji (DogadjajID, Vrsta, Naziv, BrojGostiju, Datum, KlijentID, GradID) values (564, 'Orange', 'Prodder', 417, '12/05/2011', 121, 11);
insert into Dogadjaji (DogadjajID, Vrsta, Naziv, BrojGostiju, Datum, KlijentID, GradID) values (565, 'Puce', 'Veribet', 317, '30/04/2018', 179, 20);
insert into Dogadjaji (DogadjajID, Vrsta, Naziv, BrojGostiju, Datum, KlijentID, GradID) values (566, 'Pink', 'Bitwolf', 462, '10/07/2015', 272, 7);
insert into Dogadjaji (DogadjajID, Vrsta, Naziv, BrojGostiju, Datum, KlijentID, GradID) values (567, 'Fuscia', 'Matsoft', 61, '10/12/2009', 289, 19);
insert into Dogadjaji (DogadjajID, Vrsta, Naziv, BrojGostiju, Datum, KlijentID, GradID) values (568, 'Goldenrod', 'Fix San', 66, '23/10/2017', 197, 14);
insert into Dogadjaji (DogadjajID, Vrsta, Naziv, BrojGostiju, Datum, KlijentID, GradID) values (569, 'Turquoise', 'Asoka', 225, '27/01/2011', 151, 6);
insert into Dogadjaji (DogadjajID, Vrsta, Naziv, BrojGostiju, Datum, KlijentID, GradID) values (570, 'Khaki', 'Sonair', 52, '20/01/2015', 169, 19);
insert into Dogadjaji (DogadjajID, Vrsta, Naziv, BrojGostiju, Datum, KlijentID, GradID) values (571, 'Indigo', 'Konklux', 113, '28/12/2017', 216, 15);
insert into Dogadjaji (DogadjajID, Vrsta, Naziv, BrojGostiju, Datum, KlijentID, GradID) values (572, 'Red', 'Tin', 104, '16/10/2013', 245, 18);
insert into Dogadjaji (DogadjajID, Vrsta, Naziv, BrojGostiju, Datum, KlijentID, GradID) values (573, 'Orange', 'Quo Lux', 443, '14/04/2013', 254, 16);
insert into Dogadjaji (DogadjajID, Vrsta, Naziv, BrojGostiju, Datum, KlijentID, GradID) values (574, 'Mauv', 'Voyatouch', 335, '19/05/2011', 162, 13);
insert into Dogadjaji (DogadjajID, Vrsta, Naziv, BrojGostiju, Datum, KlijentID, GradID) values (575, 'Aquamarine', 'Fix San', 301, '28/02/2014', 206, 5);
insert into Dogadjaji (DogadjajID, Vrsta, Naziv, BrojGostiju, Datum, KlijentID, GradID) values (576, 'Goldenrod', 'Bytecard', 311, '04/03/2013', 142, 3);
insert into Dogadjaji (DogadjajID, Vrsta, Naziv, BrojGostiju, Datum, KlijentID, GradID) values (577, 'Violet', 'Zaam-Dox', 190, '18/05/2012', 5, 8);
insert into Dogadjaji (DogadjajID, Vrsta, Naziv, BrojGostiju, Datum, KlijentID, GradID) values (578, 'Puce', 'Otcom', 307, '21/02/2012', 167, 13);
insert into Dogadjaji (DogadjajID, Vrsta, Naziv, BrojGostiju, Datum, KlijentID, GradID) values (579, 'Mauv', 'Kanlam', 287, '16/08/2011', 51, 15);
insert into Dogadjaji (DogadjajID, Vrsta, Naziv, BrojGostiju, Datum, KlijentID, GradID) values (580, 'Teal', 'Domainer', 277, '30/11/2012', 293, 9);
insert into Dogadjaji (DogadjajID, Vrsta, Naziv, BrojGostiju, Datum, KlijentID, GradID) values (581, 'Crimson', 'Span', 225, '25/08/2017', 287, 5);
insert into Dogadjaji (DogadjajID, Vrsta, Naziv, BrojGostiju, Datum, KlijentID, GradID) values (582, 'Indigo', 'Alphazap', 294, '24/02/2009', 21, 19);
insert into Dogadjaji (DogadjajID, Vrsta, Naziv, BrojGostiju, Datum, KlijentID, GradID) values (583, 'Violet', 'Y-Solowarm', 90, '04/06/2015', 123, 16);
insert into Dogadjaji (DogadjajID, Vrsta, Naziv, BrojGostiju, Datum, KlijentID, GradID) values (584, 'Puce', 'Zoolab', 385, '19/07/2011', 121, 3);
insert into Dogadjaji (DogadjajID, Vrsta, Naziv, BrojGostiju, Datum, KlijentID, GradID) values (585, 'Fuscia', 'Stringtough', 87, '19/12/2015', 208, 1);
insert into Dogadjaji (DogadjajID, Vrsta, Naziv, BrojGostiju, Datum, KlijentID, GradID) values (586, 'Teal', 'Lotstring', 314, '26/04/2018', 218, 17);
insert into Dogadjaji (DogadjajID, Vrsta, Naziv, BrojGostiju, Datum, KlijentID, GradID) values (587, 'Indigo', 'Stim', 165, '31/12/2017', 23, 12);
insert into Dogadjaji (DogadjajID, Vrsta, Naziv, BrojGostiju, Datum, KlijentID, GradID) values (588, 'Crimson', 'Regrant', 117, '27/06/2013', 19, 16);
insert into Dogadjaji (DogadjajID, Vrsta, Naziv, BrojGostiju, Datum, KlijentID, GradID) values (589, 'Pink', 'Otcom', 344, '25/07/2018', 130, 8);
insert into Dogadjaji (DogadjajID, Vrsta, Naziv, BrojGostiju, Datum, KlijentID, GradID) values (590, 'Khaki', 'Zoolab', 234, '27/02/2012', 150, 6);
insert into Dogadjaji (DogadjajID, Vrsta, Naziv, BrojGostiju, Datum, KlijentID, GradID) values (591, 'Red', 'Overhold', 381, '25/01/2015', 206, 9);
insert into Dogadjaji (DogadjajID, Vrsta, Naziv, BrojGostiju, Datum, KlijentID, GradID) values (592, 'Fuscia', 'Zamit', 178, '25/12/2013', 88, 17);
insert into Dogadjaji (DogadjajID, Vrsta, Naziv, BrojGostiju, Datum, KlijentID, GradID) values (593, 'Puce', 'Stringtough', 396, '11/08/2018', 209, 7);
insert into Dogadjaji (DogadjajID, Vrsta, Naziv, BrojGostiju, Datum, KlijentID, GradID) values (594, 'Pink', 'Zoolab', 373, '27/05/2009', 138, 15);
insert into Dogadjaji (DogadjajID, Vrsta, Naziv, BrojGostiju, Datum, KlijentID, GradID) values (595, 'Pink', 'Toughjoyfax', 251, '10/06/2012', 255, 12);
insert into Dogadjaji (DogadjajID, Vrsta, Naziv, BrojGostiju, Datum, KlijentID, GradID) values (596, 'Blue', 'Home Ing', 278, '03/04/2009', 293, 3);
insert into Dogadjaji (DogadjajID, Vrsta, Naziv, BrojGostiju, Datum, KlijentID, GradID) values (597, 'Goldenrod', 'Duobam', 450, '05/07/2012', 40, 14);
insert into Dogadjaji (DogadjajID, Vrsta, Naziv, BrojGostiju, Datum, KlijentID, GradID) values (598, 'Green', 'Biodex', 356, '23/11/2018', 275, 2);
insert into Dogadjaji (DogadjajID, Vrsta, Naziv, BrojGostiju, Datum, KlijentID, GradID) values (599, 'Khaki', 'Bigtax', 151, '12/10/2014', 53, 13);
insert into Dogadjaji (DogadjajID, Vrsta, Naziv, BrojGostiju, Datum, KlijentID, GradID) values (600, 'Turquoise', 'Cardguard', 354, '11/12/2011', 31, 13);
insert into Dogadjaji (DogadjajID, Vrsta, Naziv, BrojGostiju, Datum, KlijentID, GradID) values (601, 'Red', 'Y-Solowarm', 483, '20/12/2017', 261, 3);
insert into Dogadjaji (DogadjajID, Vrsta, Naziv, BrojGostiju, Datum, KlijentID, GradID) values (602, 'Crimson', 'Trippledex', 135, '02/10/2010', 287, 4);
insert into Dogadjaji (DogadjajID, Vrsta, Naziv, BrojGostiju, Datum, KlijentID, GradID) values (603, 'Pink', 'Subin', 438, '10/03/2015', 115, 7);
insert into Dogadjaji (DogadjajID, Vrsta, Naziv, BrojGostiju, Datum, KlijentID, GradID) values (604, 'Puce', 'Viva', 455, '20/04/2016', 289, 11);
insert into Dogadjaji (DogadjajID, Vrsta, Naziv, BrojGostiju, Datum, KlijentID, GradID) values (605, 'Crimson', 'Prodder', 91, '26/04/2010', 292, 14);
insert into Dogadjaji (DogadjajID, Vrsta, Naziv, BrojGostiju, Datum, KlijentID, GradID) values (606, 'Violet', 'Flexidy', 496, '05/09/2011', 154, 16);
insert into Dogadjaji (DogadjajID, Vrsta, Naziv, BrojGostiju, Datum, KlijentID, GradID) values (607, 'Goldenrod', 'Solarbreeze', 446, '19/04/2014', 289, 17);
insert into Dogadjaji (DogadjajID, Vrsta, Naziv, BrojGostiju, Datum, KlijentID, GradID) values (608, 'Fuscia', 'Cardify', 249, '13/05/2017', 171, 15);
insert into Dogadjaji (DogadjajID, Vrsta, Naziv, BrojGostiju, Datum, KlijentID, GradID) values (609, 'Teal', 'Tresom', 387, '15/04/2017', 28, 1);
insert into Dogadjaji (DogadjajID, Vrsta, Naziv, BrojGostiju, Datum, KlijentID, GradID) values (610, 'Goldenrod', 'Biodex', 303, '27/02/2009', 117, 11);
insert into Dogadjaji (DogadjajID, Vrsta, Naziv, BrojGostiju, Datum, KlijentID, GradID) values (611, 'Fuscia', 'Daltfresh', 292, '26/08/2011', 1, 6);
insert into Dogadjaji (DogadjajID, Vrsta, Naziv, BrojGostiju, Datum, KlijentID, GradID) values (612, 'Indigo', 'Andalax', 468, '28/08/2009', 63, 13);
insert into Dogadjaji (DogadjajID, Vrsta, Naziv, BrojGostiju, Datum, KlijentID, GradID) values (613, 'Fuscia', 'Gembucket', 159, '13/10/2012', 229, 2);
insert into Dogadjaji (DogadjajID, Vrsta, Naziv, BrojGostiju, Datum, KlijentID, GradID) values (614, 'Teal', 'Mat Lam Tam', 409, '26/01/2017', 212, 11);
insert into Dogadjaji (DogadjajID, Vrsta, Naziv, BrojGostiju, Datum, KlijentID, GradID) values (615, 'Yellow', 'Viva', 134, '13/12/2009', 154, 7);
insert into Dogadjaji (DogadjajID, Vrsta, Naziv, BrojGostiju, Datum, KlijentID, GradID) values (616, 'Pink', 'Overhold', 317, '15/08/2017', 175, 17);
insert into Dogadjaji (DogadjajID, Vrsta, Naziv, BrojGostiju, Datum, KlijentID, GradID) values (617, 'Green', 'Zaam-Dox', 253, '13/08/2009', 296, 10);
insert into Dogadjaji (DogadjajID, Vrsta, Naziv, BrojGostiju, Datum, KlijentID, GradID) values (618, 'Violet', 'Tempsoft', 291, '09/11/2018', 260, 14);
insert into Dogadjaji (DogadjajID, Vrsta, Naziv, BrojGostiju, Datum, KlijentID, GradID) values (619, 'Goldenrod', 'Viva', 240, '08/03/2011', 104, 18);
insert into Dogadjaji (DogadjajID, Vrsta, Naziv, BrojGostiju, Datum, KlijentID, GradID) values (620, 'Crimson', 'Tin', 274, '27/05/2017', 227, 19);
insert into Dogadjaji (DogadjajID, Vrsta, Naziv, BrojGostiju, Datum, KlijentID, GradID) values (621, 'Turquoise', 'Wrapsafe', 215, '23/06/2011', 89, 13);
insert into Dogadjaji (DogadjajID, Vrsta, Naziv, BrojGostiju, Datum, KlijentID, GradID) values (622, 'Purple', 'Fix San', 401, '21/08/2011', 190, 7);
insert into Dogadjaji (DogadjajID, Vrsta, Naziv, BrojGostiju, Datum, KlijentID, GradID) values (623, 'Aquamarine', 'Zathin', 192, '10/02/2014', 60, 19);
insert into Dogadjaji (DogadjajID, Vrsta, Naziv, BrojGostiju, Datum, KlijentID, GradID) values (624, 'Pink', 'Lotlux', 426, '16/04/2018', 153, 16);
insert into Dogadjaji (DogadjajID, Vrsta, Naziv, BrojGostiju, Datum, KlijentID, GradID) values (625, 'Indigo', 'Stronghold', 198, '09/02/2017', 251, 11);
insert into Dogadjaji (DogadjajID, Vrsta, Naziv, BrojGostiju, Datum, KlijentID, GradID) values (626, 'Crimson', 'Namfix', 383, '29/08/2009', 163, 9);
insert into Dogadjaji (DogadjajID, Vrsta, Naziv, BrojGostiju, Datum, KlijentID, GradID) values (627, 'Orange', 'Kanlam', 58, '16/12/2009', 65, 12);
insert into Dogadjaji (DogadjajID, Vrsta, Naziv, BrojGostiju, Datum, KlijentID, GradID) values (628, 'Red', 'Fintone', 203, '18/07/2010', 173, 9);
insert into Dogadjaji (DogadjajID, Vrsta, Naziv, BrojGostiju, Datum, KlijentID, GradID) values (629, 'Pink', 'Fix San', 353, '05/08/2010', 95, 11);
insert into Dogadjaji (DogadjajID, Vrsta, Naziv, BrojGostiju, Datum, KlijentID, GradID) values (630, 'Yellow', 'Wrapsafe', 227, '28/11/2018', 81, 14);
insert into Dogadjaji (DogadjajID, Vrsta, Naziv, BrojGostiju, Datum, KlijentID, GradID) values (631, 'Violet', 'Fixflex', 356, '01/04/2011', 169, 17);
insert into Dogadjaji (DogadjajID, Vrsta, Naziv, BrojGostiju, Datum, KlijentID, GradID) values (632, 'Orange', 'Lotlux', 81, '31/07/2010', 198, 18);
insert into Dogadjaji (DogadjajID, Vrsta, Naziv, BrojGostiju, Datum, KlijentID, GradID) values (633, 'Yellow', 'Lotstring', 261, '05/02/2012', 93, 7);
insert into Dogadjaji (DogadjajID, Vrsta, Naziv, BrojGostiju, Datum, KlijentID, GradID) values (634, 'Teal', 'Tempsoft', 411, '14/05/2015', 296, 13);
insert into Dogadjaji (DogadjajID, Vrsta, Naziv, BrojGostiju, Datum, KlijentID, GradID) values (635, 'Red', 'Namfix', 384, '19/02/2012', 262, 20);
insert into Dogadjaji (DogadjajID, Vrsta, Naziv, BrojGostiju, Datum, KlijentID, GradID) values (636, 'Purple', 'Lotstring', 317, '17/09/2016', 226, 15);
insert into Dogadjaji (DogadjajID, Vrsta, Naziv, BrojGostiju, Datum, KlijentID, GradID) values (637, 'Yellow', 'Redhold', 274, '26/04/2012', 93, 4);
insert into Dogadjaji (DogadjajID, Vrsta, Naziv, BrojGostiju, Datum, KlijentID, GradID) values (638, 'Maroon', 'Fintone', 188, '08/04/2009', 254, 8);
insert into Dogadjaji (DogadjajID, Vrsta, Naziv, BrojGostiju, Datum, KlijentID, GradID) values (639, 'Aquamarine', 'Sonair', 259, '11/01/2016', 41, 17);
insert into Dogadjaji (DogadjajID, Vrsta, Naziv, BrojGostiju, Datum, KlijentID, GradID) values (640, 'Pink', 'Andalax', 319, '09/05/2009', 90, 8);
insert into Dogadjaji (DogadjajID, Vrsta, Naziv, BrojGostiju, Datum, KlijentID, GradID) values (641, 'Yellow', 'Overhold', 242, '23/03/2011', 293, 19);
insert into Dogadjaji (DogadjajID, Vrsta, Naziv, BrojGostiju, Datum, KlijentID, GradID) values (642, 'Blue', 'Sonsing', 172, '21/01/2015', 106, 8);
insert into Dogadjaji (DogadjajID, Vrsta, Naziv, BrojGostiju, Datum, KlijentID, GradID) values (643, 'Mauv', 'Bytecard', 381, '13/11/2016', 178, 7);
insert into Dogadjaji (DogadjajID, Vrsta, Naziv, BrojGostiju, Datum, KlijentID, GradID) values (644, 'Fuscia', 'Vagram', 124, '04/04/2010', 17, 19);
insert into Dogadjaji (DogadjajID, Vrsta, Naziv, BrojGostiju, Datum, KlijentID, GradID) values (645, 'Maroon', 'Tampflex', 201, '18/03/2011', 270, 2);
insert into Dogadjaji (DogadjajID, Vrsta, Naziv, BrojGostiju, Datum, KlijentID, GradID) values (646, 'Khaki', 'Bigtax', 165, '18/12/2012', 154, 18);
insert into Dogadjaji (DogadjajID, Vrsta, Naziv, BrojGostiju, Datum, KlijentID, GradID) values (647, 'Indigo', 'Namfix', 147, '25/09/2016', 222, 17);
insert into Dogadjaji (DogadjajID, Vrsta, Naziv, BrojGostiju, Datum, KlijentID, GradID) values (648, 'Indigo', 'Greenlam', 161, '23/04/2010', 245, 7);
insert into Dogadjaji (DogadjajID, Vrsta, Naziv, BrojGostiju, Datum, KlijentID, GradID) values (649, 'Mauv', 'Zaam-Dox', 295, '13/11/2018', 5, 9);
insert into Dogadjaji (DogadjajID, Vrsta, Naziv, BrojGostiju, Datum, KlijentID, GradID) values (650, 'Mauv', 'Zathin', 231, '02/11/2016', 88, 16);
insert into Dogadjaji (DogadjajID, Vrsta, Naziv, BrojGostiju, Datum, KlijentID, GradID) values (651, 'Blue', 'Sub-Ex', 463, '24/11/2018', 194, 15);
insert into Dogadjaji (DogadjajID, Vrsta, Naziv, BrojGostiju, Datum, KlijentID, GradID) values (652, 'Crimson', 'Treeflex', 451, '07/12/2017', 237, 4);
insert into Dogadjaji (DogadjajID, Vrsta, Naziv, BrojGostiju, Datum, KlijentID, GradID) values (653, 'Goldenrod', 'Daltfresh', 196, '11/10/2018', 214, 1);
insert into Dogadjaji (DogadjajID, Vrsta, Naziv, BrojGostiju, Datum, KlijentID, GradID) values (654, 'Indigo', 'Job', 466, '13/03/2017', 155, 7);
insert into Dogadjaji (DogadjajID, Vrsta, Naziv, BrojGostiju, Datum, KlijentID, GradID) values (655, 'Turquoise', 'Duobam', 54, '06/11/2013', 290, 12);
insert into Dogadjaji (DogadjajID, Vrsta, Naziv, BrojGostiju, Datum, KlijentID, GradID) values (656, 'Teal', 'Solarbreeze', 241, '21/05/2010', 236, 20);
insert into Dogadjaji (DogadjajID, Vrsta, Naziv, BrojGostiju, Datum, KlijentID, GradID) values (657, 'Orange', 'Sonair', 482, '21/06/2018', 60, 10);
insert into Dogadjaji (DogadjajID, Vrsta, Naziv, BrojGostiju, Datum, KlijentID, GradID) values (658, 'Indigo', 'Zamit', 154, '15/09/2013', 106, 5);
insert into Dogadjaji (DogadjajID, Vrsta, Naziv, BrojGostiju, Datum, KlijentID, GradID) values (659, 'Violet', 'Cookley', 225, '11/04/2016', 259, 19);
insert into Dogadjaji (DogadjajID, Vrsta, Naziv, BrojGostiju, Datum, KlijentID, GradID) values (660, 'Khaki', 'Voyatouch', 113, '22/01/2013', 228, 5);
insert into Dogadjaji (DogadjajID, Vrsta, Naziv, BrojGostiju, Datum, KlijentID, GradID) values (661, 'Yellow', 'Y-find', 295, '03/12/2011', 3, 4);
insert into Dogadjaji (DogadjajID, Vrsta, Naziv, BrojGostiju, Datum, KlijentID, GradID) values (662, 'Khaki', 'Toughjoyfax', 432, '27/11/2013', 268, 8);
insert into Dogadjaji (DogadjajID, Vrsta, Naziv, BrojGostiju, Datum, KlijentID, GradID) values (663, 'Fuscia', 'Voyatouch', 236, '03/12/2010', 154, 14);
insert into Dogadjaji (DogadjajID, Vrsta, Naziv, BrojGostiju, Datum, KlijentID, GradID) values (664, 'Green', 'Asoka', 264, '19/05/2017', 240, 10);
insert into Dogadjaji (DogadjajID, Vrsta, Naziv, BrojGostiju, Datum, KlijentID, GradID) values (665, 'Red', 'Span', 85, '19/03/2016', 229, 12);
insert into Dogadjaji (DogadjajID, Vrsta, Naziv, BrojGostiju, Datum, KlijentID, GradID) values (666, 'Mauv', 'Gembucket', 490, '15/02/2013', 221, 18);
insert into Dogadjaji (DogadjajID, Vrsta, Naziv, BrojGostiju, Datum, KlijentID, GradID) values (667, 'Puce', 'Domainer', 478, '13/05/2013', 223, 9);
insert into Dogadjaji (DogadjajID, Vrsta, Naziv, BrojGostiju, Datum, KlijentID, GradID) values (668, 'Yellow', 'It', 153, '04/06/2017', 136, 1);
insert into Dogadjaji (DogadjajID, Vrsta, Naziv, BrojGostiju, Datum, KlijentID, GradID) values (669, 'Pink', 'Konklab', 72, '23/10/2011', 112, 20);
insert into Dogadjaji (DogadjajID, Vrsta, Naziv, BrojGostiju, Datum, KlijentID, GradID) values (670, 'Goldenrod', 'Lotlux', 184, '17/08/2018', 173, 19);
insert into Dogadjaji (DogadjajID, Vrsta, Naziv, BrojGostiju, Datum, KlijentID, GradID) values (671, 'Purple', 'Overhold', 338, '01/01/2011', 252, 3);
insert into Dogadjaji (DogadjajID, Vrsta, Naziv, BrojGostiju, Datum, KlijentID, GradID) values (672, 'Maroon', 'Asoka', 357, '02/04/2011', 250, 18);
insert into Dogadjaji (DogadjajID, Vrsta, Naziv, BrojGostiju, Datum, KlijentID, GradID) values (673, 'Turquoise', 'Keylex', 444, '24/12/2010', 254, 5);
insert into Dogadjaji (DogadjajID, Vrsta, Naziv, BrojGostiju, Datum, KlijentID, GradID) values (674, 'Pink', 'Toughjoyfax', 416, '09/12/2013', 69, 5);
insert into Dogadjaji (DogadjajID, Vrsta, Naziv, BrojGostiju, Datum, KlijentID, GradID) values (675, 'Crimson', 'Matsoft', 398, '07/03/2009', 3, 12);
insert into Dogadjaji (DogadjajID, Vrsta, Naziv, BrojGostiju, Datum, KlijentID, GradID) values (676, 'Pink', 'Flexidy', 366, '26/04/2018', 286, 6);
insert into Dogadjaji (DogadjajID, Vrsta, Naziv, BrojGostiju, Datum, KlijentID, GradID) values (677, 'Yellow', 'Quo Lux', 297, '19/11/2011', 41, 20);
insert into Dogadjaji (DogadjajID, Vrsta, Naziv, BrojGostiju, Datum, KlijentID, GradID) values (678, 'Violet', 'Konklab', 432, '28/03/2012', 208, 9);
insert into Dogadjaji (DogadjajID, Vrsta, Naziv, BrojGostiju, Datum, KlijentID, GradID) values (679, 'Puce', 'Alphazap', 309, '23/11/2012', 79, 7);
insert into Dogadjaji (DogadjajID, Vrsta, Naziv, BrojGostiju, Datum, KlijentID, GradID) values (680, 'Teal', 'Alphazap', 290, '23/03/2015', 197, 18);
insert into Dogadjaji (DogadjajID, Vrsta, Naziv, BrojGostiju, Datum, KlijentID, GradID) values (681, 'Pink', 'Redhold', 94, '17/05/2009', 13, 2);
insert into Dogadjaji (DogadjajID, Vrsta, Naziv, BrojGostiju, Datum, KlijentID, GradID) values (682, 'Khaki', 'Y-Solowarm', 351, '17/03/2016', 122, 20);
insert into Dogadjaji (DogadjajID, Vrsta, Naziv, BrojGostiju, Datum, KlijentID, GradID) values (683, 'Turquoise', 'Lotstring', 330, '22/06/2016', 141, 9);
insert into Dogadjaji (DogadjajID, Vrsta, Naziv, BrojGostiju, Datum, KlijentID, GradID) values (684, 'Khaki', 'Fix San', 171, '22/10/2012', 142, 16);
insert into Dogadjaji (DogadjajID, Vrsta, Naziv, BrojGostiju, Datum, KlijentID, GradID) values (685, 'Puce', 'Pannier', 272, '16/03/2018', 32, 2);
insert into Dogadjaji (DogadjajID, Vrsta, Naziv, BrojGostiju, Datum, KlijentID, GradID) values (686, 'Indigo', 'Wrapsafe', 63, '12/05/2011', 210, 7);
insert into Dogadjaji (DogadjajID, Vrsta, Naziv, BrojGostiju, Datum, KlijentID, GradID) values (687, 'Pink', 'Stronghold', 468, '25/04/2016', 167, 9);
insert into Dogadjaji (DogadjajID, Vrsta, Naziv, BrojGostiju, Datum, KlijentID, GradID) values (688, 'Fuscia', 'Zoolab', 94, '05/03/2018', 250, 1);
insert into Dogadjaji (DogadjajID, Vrsta, Naziv, BrojGostiju, Datum, KlijentID, GradID) values (689, 'Khaki', 'Hatity', 405, '10/02/2018', 69, 2);
insert into Dogadjaji (DogadjajID, Vrsta, Naziv, BrojGostiju, Datum, KlijentID, GradID) values (690, 'Goldenrod', 'Opela', 255, '03/12/2017', 212, 1);
insert into Dogadjaji (DogadjajID, Vrsta, Naziv, BrojGostiju, Datum, KlijentID, GradID) values (691, 'Crimson', 'Mat Lam Tam', 75, '30/09/2018', 116, 5);
insert into Dogadjaji (DogadjajID, Vrsta, Naziv, BrojGostiju, Datum, KlijentID, GradID) values (692, 'Indigo', 'Tin', 217, '07/02/2017', 190, 2);
insert into Dogadjaji (DogadjajID, Vrsta, Naziv, BrojGostiju, Datum, KlijentID, GradID) values (693, 'Crimson', 'Konklux', 431, '02/01/2013', 186, 10);
insert into Dogadjaji (DogadjajID, Vrsta, Naziv, BrojGostiju, Datum, KlijentID, GradID) values (694, 'Turquoise', 'Zathin', 269, '16/01/2011', 8, 14);
insert into Dogadjaji (DogadjajID, Vrsta, Naziv, BrojGostiju, Datum, KlijentID, GradID) values (695, 'Turquoise', 'Ronstring', 317, '04/01/2014', 230, 3);
insert into Dogadjaji (DogadjajID, Vrsta, Naziv, BrojGostiju, Datum, KlijentID, GradID) values (696, 'Indigo', 'Asoka', 277, '28/11/2015', 94, 3);
insert into Dogadjaji (DogadjajID, Vrsta, Naziv, BrojGostiju, Datum, KlijentID, GradID) values (697, 'Violet', 'Kanlam', 464, '31/08/2016', 120, 8);
insert into Dogadjaji (DogadjajID, Vrsta, Naziv, BrojGostiju, Datum, KlijentID, GradID) values (698, 'Pink', 'Sonsing', 496, '01/07/2016', 8, 7);
insert into Dogadjaji (DogadjajID, Vrsta, Naziv, BrojGostiju, Datum, KlijentID, GradID) values (699, 'Blue', 'Fix San', 417, '11/12/2017', 126, 20);
insert into Dogadjaji (DogadjajID, Vrsta, Naziv, BrojGostiju, Datum, KlijentID, GradID) values (700, 'Teal', 'Transcof', 106, '22/10/2011', 124, 13);
set identity_insert Dogadjaji ON

update Dogadjaji set Vrsta ='Wedding' 
where Dogadjaji.DogadjajID between 1 and 100
update Dogadjaji set Vrsta ='Birthday' 
where Dogadjaji.DogadjajID between 101 and 200
update Dogadjaji set Vrsta ='Festival/party' 
where Dogadjaji.DogadjajID between 201 and 250
update Dogadjaji set Vrsta ='Dinner/Gala' 
where Dogadjaji.DogadjajID between 250 and 300
update Dogadjaji set Vrsta ='Awarding prizes' 
where Dogadjaji.DogadjajID between 301 and 350
update Dogadjaji set Vrsta ='Competition' 
where Dogadjaji.DogadjajID between 351 and 400
update Dogadjaji set Vrsta ='Sponsorship' 
where Dogadjaji.DogadjajID between 400 and 450
update Dogadjaji set Vrsta ='Product Launch Event' 
where Dogadjaji.DogadjajID between 451 and 500
update Dogadjaji set Vrsta ='Seminar' 
where Dogadjaji.DogadjajID between 501 and 600
update Dogadjaji set Vrsta ='Conference' 
where Dogadjaji.DogadjajID between 601 and 700

set identity_insert Partneri ON
insert into Partneri (PartnerID, Kategorija, Ime, Prezime, Email, BrojTelefona) values (1, 'Goldenrod', 'Florri', 'Kimmitt', 'fkimmitt0@scribd.com', '559-715-4669');
insert into Partneri (PartnerID, Kategorija, Ime, Prezime, Email, BrojTelefona) values (2, 'Indigo', 'Moore', 'Feasey', 'mfeasey1@accuweather.com', '335-489-7544');
insert into Partneri (PartnerID, Kategorija, Ime, Prezime, Email, BrojTelefona) values (3, 'Crimson', 'Mersey', 'Ziemke', 'mziemke2@amazon.co.jp', '959-128-5935');
insert into Partneri (PartnerID, Kategorija, Ime, Prezime, Email, BrojTelefona) values (4, 'Maroon', 'Web', 'Delgua', 'wdelgua3@cisco.com', '788-131-6404');
insert into Partneri (PartnerID, Kategorija, Ime, Prezime, Email, BrojTelefona) values (5, 'Indigo', 'Sibella', 'Knatt', 'sknatt4@blogs.com', '224-442-7837');
insert into Partneri (PartnerID, Kategorija, Ime, Prezime, Email, BrojTelefona) values (6, 'Puce', 'Chandra', 'Fuggles', 'cfuggles5@bloglines.com', '618-834-6873');
insert into Partneri (PartnerID, Kategorija, Ime, Prezime, Email, BrojTelefona) values (7, 'Aquamarine', 'Reeva', 'Greensitt', 'rgreensitt6@statcounter.com', '430-288-5919');
insert into Partneri (PartnerID, Kategorija, Ime, Prezime, Email, BrojTelefona) values (8, 'Blue', 'Moria', 'Kibel', 'mkibel7@histats.com', '254-455-8404');
insert into Partneri (PartnerID, Kategorija, Ime, Prezime, Email, BrojTelefona) values (9, 'Crimson', 'Timmy', 'Costard', 'tcostard8@intel.com', '679-451-3499');
insert into Partneri (PartnerID, Kategorija, Ime, Prezime, Email, BrojTelefona) values (10, 'Aquamarine', 'Kylynn', 'Saltwell', 'ksaltwell9@edublogs.org', '424-345-6449');
insert into Partneri (PartnerID, Kategorija, Ime, Prezime, Email, BrojTelefona) values (11, 'Teal', 'Letta', 'Charlot', 'lcharlota@w3.org', '641-177-8888');
insert into Partneri (PartnerID, Kategorija, Ime, Prezime, Email, BrojTelefona) values (12, 'Violet', 'Rasla', 'Grannell', 'rgrannellb@furl.net', '125-675-2785');
insert into Partneri (PartnerID, Kategorija, Ime, Prezime, Email, BrojTelefona) values (13, 'Khaki', 'Graeme', 'McMahon', 'gmcmahonc@hugedomains.com', '530-273-6355');
insert into Partneri (PartnerID, Kategorija, Ime, Prezime, Email, BrojTelefona) values (14, 'Crimson', 'Hillery', 'Ganning', 'hganningd@narod.ru', '362-244-3368');
insert into Partneri (PartnerID, Kategorija, Ime, Prezime, Email, BrojTelefona) values (15, 'Purple', 'Ezekiel', 'Baverstock', 'ebaverstocke@last.fm', '146-662-1797');
insert into Partneri (PartnerID, Kategorija, Ime, Prezime, Email, BrojTelefona) values (16, 'Turquoise', 'Issie', 'Northey', 'inortheyf@microsoft.com', '737-976-3208');
insert into Partneri (PartnerID, Kategorija, Ime, Prezime, Email, BrojTelefona) values (17, 'Violet', 'Maureen', 'MacNeill', 'mmacneillg@last.fm', '782-925-0037');
insert into Partneri (PartnerID, Kategorija, Ime, Prezime, Email, BrojTelefona) values (18, 'Green', 'Siana', 'Souster', 'ssousterh@people.com.cn', '149-684-4929');
insert into Partneri (PartnerID, Kategorija, Ime, Prezime, Email, BrojTelefona) values (19, 'Fuscia', 'Valentijn', 'Vernay', 'vvernayi@wisc.edu', '190-288-7478');
insert into Partneri (PartnerID, Kategorija, Ime, Prezime, Email, BrojTelefona) values (20, 'Teal', 'Graeme', 'Osipov', 'gosipovj@blinklist.com', '583-504-8197');
insert into Partneri (PartnerID, Kategorija, Ime, Prezime, Email, BrojTelefona) values (21, 'Purple', 'Blondie', 'Duggen', 'bduggenk@discovery.com', '844-279-3483');
insert into Partneri (PartnerID, Kategorija, Ime, Prezime, Email, BrojTelefona) values (22, 'Fuscia', 'Alphonso', 'Shillabeare', 'ashillabearel@shutterfly.com', '205-617-5456');
insert into Partneri (PartnerID, Kategorija, Ime, Prezime, Email, BrojTelefona) values (23, 'Green', 'Neils', 'Witter', 'nwitterm@ca.gov', '261-866-8213');
insert into Partneri (PartnerID, Kategorija, Ime, Prezime, Email, BrojTelefona) values (24, 'Turquoise', 'Byrom', 'Gallon', 'bgallonn@amazon.de', '864-696-1996');
insert into Partneri (PartnerID, Kategorija, Ime, Prezime, Email, BrojTelefona) values (25, 'Mauv', 'Opaline', 'Leavey', 'oleaveyo@zimbio.com', '288-315-7081');
insert into Partneri (PartnerID, Kategorija, Ime, Prezime, Email, BrojTelefona) values (26, 'Blue', 'Maggie', 'Bedding', 'mbeddingp@reference.com', '814-617-2928');
insert into Partneri (PartnerID, Kategorija, Ime, Prezime, Email, BrojTelefona) values (27, 'Orange', 'Jeromy', 'Lindberg', 'jlindbergq@mozilla.com', '445-119-9793');
insert into Partneri (PartnerID, Kategorija, Ime, Prezime, Email, BrojTelefona) values (28, 'Turquoise', 'Preston', 'Warricker', 'pwarrickerr@plala.or.jp', '854-745-6487');
insert into Partneri (PartnerID, Kategorija, Ime, Prezime, Email, BrojTelefona) values (29, 'Mauv', 'Drucie', 'Beaney', 'dbeaneys@de.vu', '858-148-5112');
insert into Partneri (PartnerID, Kategorija, Ime, Prezime, Email, BrojTelefona) values (30, 'Khaki', 'Kippie', 'Romney', 'kromneyt@wufoo.com', '304-716-0126');
insert into Partneri (PartnerID, Kategorija, Ime, Prezime, Email, BrojTelefona) values (31, 'Crimson', 'Helen', 'Addicote', 'haddicoteu@eventbrite.com', '105-653-6322');
insert into Partneri (PartnerID, Kategorija, Ime, Prezime, Email, BrojTelefona) values (32, 'Red', 'Willi', 'Badini', 'wbadiniv@angelfire.com', '257-739-4070');
insert into Partneri (PartnerID, Kategorija, Ime, Prezime, Email, BrojTelefona) values (33, 'Khaki', 'Ingmar', 'Guerra', 'iguerraw@yahoo.com', '686-954-5756');
insert into Partneri (PartnerID, Kategorija, Ime, Prezime, Email, BrojTelefona) values (34, 'Goldenrod', 'Stephie', 'Forton', 'sfortonx@europa.eu', '809-603-3872');
insert into Partneri (PartnerID, Kategorija, Ime, Prezime, Email, BrojTelefona) values (35, 'Aquamarine', 'Cleavland', 'Becraft', 'cbecrafty@typepad.com', '936-551-6814');
insert into Partneri (PartnerID, Kategorija, Ime, Prezime, Email, BrojTelefona) values (36, 'Crimson', 'Beaufort', 'Grisedale', 'bgrisedalez@pbs.org', '817-615-6232');
insert into Partneri (PartnerID, Kategorija, Ime, Prezime, Email, BrojTelefona) values (37, 'Green', 'Adamo', 'Hacquel', 'ahacquel10@google.ru', '786-552-7101');
insert into Partneri (PartnerID, Kategorija, Ime, Prezime, Email, BrojTelefona) values (38, 'Purple', 'Marleen', 'De Beneditti', 'mdebeneditti11@photobucket.com', '274-661-6240');
insert into Partneri (PartnerID, Kategorija, Ime, Prezime, Email, BrojTelefona) values (39, 'Orange', 'Toby', 'Swinburne', 'tswinburne12@netvibes.com', '653-443-5970');
insert into Partneri (PartnerID, Kategorija, Ime, Prezime, Email, BrojTelefona) values (40, 'Green', 'Sergei', 'Keefe', 'skeefe13@lycos.com', '551-714-1428');
insert into Partneri (PartnerID, Kategorija, Ime, Prezime, Email, BrojTelefona) values (41, 'Mauv', 'Bernelle', 'Titherington', 'btitherington14@nps.gov', '568-867-0719');
insert into Partneri (PartnerID, Kategorija, Ime, Prezime, Email, BrojTelefona) values (42, 'Mauv', 'Devland', 'Benford', 'dbenford15@sourceforge.net', '699-760-3060');
insert into Partneri (PartnerID, Kategorija, Ime, Prezime, Email, BrojTelefona) values (43, 'Green', 'Chucho', 'McAlester', 'cmcalester16@imageshack.us', '710-476-7579');
insert into Partneri (PartnerID, Kategorija, Ime, Prezime, Email, BrojTelefona) values (44, 'Green', 'Antonie', 'Harkes', 'aharkes17@ustream.tv', '573-862-7851');
insert into Partneri (PartnerID, Kategorija, Ime, Prezime, Email, BrojTelefona) values (45, 'Fuscia', 'Cleopatra', 'Sier', 'csier18@globo.com', '902-402-0318');
insert into Partneri (PartnerID, Kategorija, Ime, Prezime, Email, BrojTelefona) values (46, 'Blue', 'Agretha', 'Butterick', 'abutterick19@ovh.net', '947-366-6208');
insert into Partneri (PartnerID, Kategorija, Ime, Prezime, Email, BrojTelefona) values (47, 'Pink', 'Brandy', 'Ruddock', 'bruddock1a@washingtonpost.com', '796-665-5975');
insert into Partneri (PartnerID, Kategorija, Ime, Prezime, Email, BrojTelefona) values (48, 'Teal', 'Yoshi', 'Adamolli', 'yadamolli1b@hexun.com', '431-136-1800');
insert into Partneri (PartnerID, Kategorija, Ime, Prezime, Email, BrojTelefona) values (49, 'Pink', 'Parsifal', 'Reveland', 'preveland1c@discovery.com', '469-273-5010');
insert into Partneri (PartnerID, Kategorija, Ime, Prezime, Email, BrojTelefona) values (50, 'Crimson', 'Chancey', 'Chittenden', 'cchittenden1d@home.pl', '849-181-9618');
insert into Partneri (PartnerID, Kategorija, Ime, Prezime, Email, BrojTelefona) values (51, 'Maroon', 'Donelle', 'Kernermann', 'dkernermann1e@i2i.jp', '311-690-8576');
insert into Partneri (PartnerID, Kategorija, Ime, Prezime, Email, BrojTelefona) values (52, 'Puce', 'Roxanne', 'Learmonth', 'rlearmonth1f@home.pl', '553-504-5607');
insert into Partneri (PartnerID, Kategorija, Ime, Prezime, Email, BrojTelefona) values (53, 'Mauv', 'Alyce', 'Amies', 'aamies1g@fastcompany.com', '486-453-8961');
insert into Partneri (PartnerID, Kategorija, Ime, Prezime, Email, BrojTelefona) values (54, 'Pink', 'Luella', 'Felgate', 'lfelgate1h@eepurl.com', '630-242-9040');
insert into Partneri (PartnerID, Kategorija, Ime, Prezime, Email, BrojTelefona) values (55, 'Green', 'Fenelia', 'Stansell', 'fstansell1i@sphinn.com', '270-212-5189');
insert into Partneri (PartnerID, Kategorija, Ime, Prezime, Email, BrojTelefona) values (56, 'Aquamarine', 'Delmer', 'McGiveen', 'dmcgiveen1j@cmu.edu', '508-742-5338');
insert into Partneri (PartnerID, Kategorija, Ime, Prezime, Email, BrojTelefona) values (57, 'Fuscia', 'Valdemar', 'Lucken', 'vlucken1k@networkadvertising.org', '190-790-4197');
insert into Partneri (PartnerID, Kategorija, Ime, Prezime, Email, BrojTelefona) values (58, 'Aquamarine', 'Marianne', 'Novkovic', 'mnovkovic1l@seesaa.net', '759-904-0895');
insert into Partneri (PartnerID, Kategorija, Ime, Prezime, Email, BrojTelefona) values (59, 'Orange', 'Cate', 'Corbett', 'ccorbett1m@quantcast.com', '778-156-3532');
insert into Partneri (PartnerID, Kategorija, Ime, Prezime, Email, BrojTelefona) values (60, 'Turquoise', 'Ginni', 'Gabriely', 'ggabriely1n@berkeley.edu', '147-606-6796');
insert into Partneri (PartnerID, Kategorija, Ime, Prezime, Email, BrojTelefona) values (61, 'Yellow', 'Brittani', 'Bonallick', 'bbonallick1o@tripod.com', '130-588-2581');
insert into Partneri (PartnerID, Kategorija, Ime, Prezime, Email, BrojTelefona) values (62, 'Turquoise', 'Alexia', 'Thieme', 'athieme1p@ox.ac.uk', '483-477-0949');
insert into Partneri (PartnerID, Kategorija, Ime, Prezime, Email, BrojTelefona) values (63, 'Aquamarine', 'Margalit', 'Matkovic', 'mmatkovic1q@wired.com', '637-507-6317');
insert into Partneri (PartnerID, Kategorija, Ime, Prezime, Email, BrojTelefona) values (64, 'Teal', 'Tessie', 'Rawstorne', 'trawstorne1r@webeden.co.uk', '128-942-3148');
insert into Partneri (PartnerID, Kategorija, Ime, Prezime, Email, BrojTelefona) values (65, 'Mauv', 'Antin', 'Scourgie', 'ascourgie1s@businesswire.com', '375-853-3760');
insert into Partneri (PartnerID, Kategorija, Ime, Prezime, Email, BrojTelefona) values (66, 'Orange', 'Ermin', 'Leigh', 'eleigh1t@vk.com', '786-840-7660');
insert into Partneri (PartnerID, Kategorija, Ime, Prezime, Email, BrojTelefona) values (67, 'Fuscia', 'Rufus', 'Mawford', 'rmawford1u@globo.com', '806-650-8328');
insert into Partneri (PartnerID, Kategorija, Ime, Prezime, Email, BrojTelefona) values (68, 'Teal', 'Cly', 'Godridge', 'cgodridge1v@oaic.gov.au', '327-497-1797');
insert into Partneri (PartnerID, Kategorija, Ime, Prezime, Email, BrojTelefona) values (69, 'Purple', 'Alphonso', 'Keller', 'akeller1w@cyberchimps.com', '371-826-3587');
insert into Partneri (PartnerID, Kategorija, Ime, Prezime, Email, BrojTelefona) values (70, 'Orange', 'Xenos', 'Dunning', 'xdunning1x@oracle.com', '423-989-0179');
insert into Partneri (PartnerID, Kategorija, Ime, Prezime, Email, BrojTelefona) values (71, 'Maroon', 'Bertine', 'Calliss', 'bcalliss1y@github.com', '661-255-9145');
insert into Partneri (PartnerID, Kategorija, Ime, Prezime, Email, BrojTelefona) values (72, 'Puce', 'Russell', 'Tremmil', 'rtremmil1z@umn.edu', '776-714-6810');
insert into Partneri (PartnerID, Kategorija, Ime, Prezime, Email, BrojTelefona) values (73, 'Fuscia', 'Ree', 'Ygou', 'rygou20@google.com.br', '129-244-8425');
insert into Partneri (PartnerID, Kategorija, Ime, Prezime, Email, BrojTelefona) values (74, 'Aquamarine', 'Silvie', 'Loddy', 'sloddy21@seattletimes.com', '117-367-7683');
insert into Partneri (PartnerID, Kategorija, Ime, Prezime, Email, BrojTelefona) values (75, 'Blue', 'Kelly', 'Kender', 'kkender22@hexun.com', '516-805-0938');
insert into Partneri (PartnerID, Kategorija, Ime, Prezime, Email, BrojTelefona) values (76, 'Khaki', 'Gamaliel', 'Seakings', 'gseakings23@who.int', '690-903-1769');
insert into Partneri (PartnerID, Kategorija, Ime, Prezime, Email, BrojTelefona) values (77, 'Red', 'Dwayne', 'Kildahl', 'dkildahl24@gnu.org', '718-196-4627');
insert into Partneri (PartnerID, Kategorija, Ime, Prezime, Email, BrojTelefona) values (78, 'Violet', 'Sarita', 'Scambler', 'sscambler25@slate.com', '756-796-4985');
insert into Partneri (PartnerID, Kategorija, Ime, Prezime, Email, BrojTelefona) values (79, 'Mauv', 'Delaney', 'Cranch', 'dcranch26@blogger.com', '254-510-2552');
insert into Partneri (PartnerID, Kategorija, Ime, Prezime, Email, BrojTelefona) values (80, 'Pink', 'Helen-elizabeth', 'Grigorkin', 'hgrigorkin27@theatlantic.com', '953-726-6795');
insert into Partneri (PartnerID, Kategorija, Ime, Prezime, Email, BrojTelefona) values (81, 'Purple', 'Parsifal', 'Oxborough', 'poxborough28@marketwatch.com', '659-250-3362');
insert into Partneri (PartnerID, Kategorija, Ime, Prezime, Email, BrojTelefona) values (82, 'Fuscia', 'Constancy', 'Vasyutin', 'cvasyutin29@howstuffworks.com', '234-923-3137');
insert into Partneri (PartnerID, Kategorija, Ime, Prezime, Email, BrojTelefona) values (83, 'Aquamarine', 'Umeko', 'Tyrie', 'utyrie2a@ucoz.com', '436-748-6490');
insert into Partneri (PartnerID, Kategorija, Ime, Prezime, Email, BrojTelefona) values (84, 'Turquoise', 'Anette', 'Fennick', 'afennick2b@constantcontact.com', '646-496-9002');
insert into Partneri (PartnerID, Kategorija, Ime, Prezime, Email, BrojTelefona) values (85, 'Maroon', 'Margit', 'Duffie', 'mduffie2c@theguardian.com', '158-435-1076');
insert into Partneri (PartnerID, Kategorija, Ime, Prezime, Email, BrojTelefona) values (86, 'Puce', 'Halsy', 'Kienl', 'hkienl2d@sina.com.cn', '426-913-7563');
insert into Partneri (PartnerID, Kategorija, Ime, Prezime, Email, BrojTelefona) values (87, 'Puce', 'Delly', 'Parrot', 'dparrot2e@tmall.com', '599-237-3724');
insert into Partneri (PartnerID, Kategorija, Ime, Prezime, Email, BrojTelefona) values (88, 'Turquoise', 'Kathlin', 'Preist', 'kpreist2f@ask.com', '931-273-1701');
insert into Partneri (PartnerID, Kategorija, Ime, Prezime, Email, BrojTelefona) values (89, 'Red', 'Law', 'Bessey', 'lbessey2g@cbslocal.com', '687-672-6519');
insert into Partneri (PartnerID, Kategorija, Ime, Prezime, Email, BrojTelefona) values (90, 'Blue', 'Seth', 'Illiston', 'silliston2h@ifeng.com', '365-595-0609');
insert into Partneri (PartnerID, Kategorija, Ime, Prezime, Email, BrojTelefona) values (91, 'Blue', 'Kelby', 'Wakely', 'kwakely2i@bloglovin.com', '130-690-3974');
insert into Partneri (PartnerID, Kategorija, Ime, Prezime, Email, BrojTelefona) values (92, 'Purple', 'Gregorio', 'Lyte', 'glyte2j@cam.ac.uk', '725-324-0942');
insert into Partneri (PartnerID, Kategorija, Ime, Prezime, Email, BrojTelefona) values (93, 'Purple', 'Jules', 'Nayshe', 'jnayshe2k@gnu.org', '943-123-8943');
insert into Partneri (PartnerID, Kategorija, Ime, Prezime, Email, BrojTelefona) values (94, 'Maroon', 'Vivi', 'Hablot', 'vhablot2l@wunderground.com', '826-926-7551');
insert into Partneri (PartnerID, Kategorija, Ime, Prezime, Email, BrojTelefona) values (95, 'Pink', 'Caspar', 'Kingwell', 'ckingwell2m@cocolog-nifty.com', '156-992-9197');
insert into Partneri (PartnerID, Kategorija, Ime, Prezime, Email, BrojTelefona) values (96, 'Green', 'Georgette', 'Evesque', 'gevesque2n@rediff.com', '835-210-5461');
insert into Partneri (PartnerID, Kategorija, Ime, Prezime, Email, BrojTelefona) values (97, 'Violet', 'Ceil', 'Handyside', 'chandyside2o@pen.io', '959-635-6019');
insert into Partneri (PartnerID, Kategorija, Ime, Prezime, Email, BrojTelefona) values (98, 'Pink', 'Pinchas', 'Wickersham', 'pwickersham2p@gnu.org', '182-602-9148');
insert into Partneri (PartnerID, Kategorija, Ime, Prezime, Email, BrojTelefona) values (99, 'Purple', 'Eugen', 'Cardew', 'ecardew2q@wix.com', '613-911-7260');
insert into Partneri (PartnerID, Kategorija, Ime, Prezime, Email, BrojTelefona) values (100, 'Teal', 'Muriel', 'MacGahy', 'mmacgahy2r@slate.com', '725-473-8937');

update Partneri set Partneri.Kategorija='Photographer' where PartnerID between 1 and 15
update Partneri set Partneri.Kategorija='Videographer' where PartnerID between 16 and 25
update Partneri set Partneri.Kategorija='Catering' where PartnerID between 25 and 35
update Partneri set Partneri.Kategorija='Decorations' where PartnerID between 36 and 45
update Partneri set Partneri.Kategorija='Entertaiment' where PartnerID between 46 and 55
update Partneri set Partneri.Kategorija='Music' where PartnerID between 56 and 66
update Partneri set Partneri.Kategorija='Venue management' where PartnerID between 67 and 80
update Partneri set Partneri.Kategorija='Speakers' where PartnerID between 81 and 90
update Partneri set Partneri.Kategorija='Publicity/Promotions' where PartnerID between 91 and 100

insert into PartneriDogadjaji (PartneriDogadjajiID, PartnerID, DogadjajID, Cijena) values (1, 42, 57, 324.16);
insert into PartneriDogadjaji (PartneriDogadjajiID, PartnerID, DogadjajID, Cijena) values (2, 78, 329, 304.96);
insert into PartneriDogadjaji (PartneriDogadjajiID, PartnerID, DogadjajID, Cijena) values (3, 21, 298, 447.11);
insert into PartneriDogadjaji (PartneriDogadjajiID, PartnerID, DogadjajID, Cijena) values (4, 13, 532, 460.1);
insert into PartneriDogadjaji (PartneriDogadjajiID, PartnerID, DogadjajID, Cijena) values (5, 62, 627, 459.65);
insert into PartneriDogadjaji (PartneriDogadjajiID, PartnerID, DogadjajID, Cijena) values (6, 95, 384, 226.95);
insert into PartneriDogadjaji (PartneriDogadjajiID, PartnerID, DogadjajID, Cijena) values (7, 13, 686, 433.88);
insert into PartneriDogadjaji (PartneriDogadjajiID, PartnerID, DogadjajID, Cijena) values (8, 11, 45, 167.93);
insert into PartneriDogadjaji (PartneriDogadjajiID, PartnerID, DogadjajID, Cijena) values (9, 11, 345, 464.11);
insert into PartneriDogadjaji (PartneriDogadjajiID, PartnerID, DogadjajID, Cijena) values (10, 21, 338, 234.86);
insert into PartneriDogadjaji (PartneriDogadjajiID, PartnerID, DogadjajID, Cijena) values (11, 95, 305, 175.73);
insert into PartneriDogadjaji (PartneriDogadjajiID, PartnerID, DogadjajID, Cijena) values (12, 2, 55, 445.4);
insert into PartneriDogadjaji (PartneriDogadjajiID, PartnerID, DogadjajID, Cijena) values (13, 27, 435, 316.1);
insert into PartneriDogadjaji (PartneriDogadjajiID, PartnerID, DogadjajID, Cijena) values (14, 68, 687, 189.29);
insert into PartneriDogadjaji (PartneriDogadjajiID, PartnerID, DogadjajID, Cijena) values (15, 9, 536, 64.33);
insert into PartneriDogadjaji (PartneriDogadjajiID, PartnerID, DogadjajID, Cijena) values (16, 19, 17, 293.22);
insert into PartneriDogadjaji (PartneriDogadjajiID, PartnerID, DogadjajID, Cijena) values (17, 48, 124, 90.21);
insert into PartneriDogadjaji (PartneriDogadjajiID, PartnerID, DogadjajID, Cijena) values (18, 68, 287, 449.64);
insert into PartneriDogadjaji (PartneriDogadjajiID, PartnerID, DogadjajID, Cijena) values (19, 95, 156, 362.97);
insert into PartneriDogadjaji (PartneriDogadjajiID, PartnerID, DogadjajID, Cijena) values (20, 10, 540, 293.0);
insert into PartneriDogadjaji (PartneriDogadjajiID, PartnerID, DogadjajID, Cijena) values (21, 60, 115, 381.29);
insert into PartneriDogadjaji (PartneriDogadjajiID, PartnerID, DogadjajID, Cijena) values (22, 19, 554, 272.06);
insert into PartneriDogadjaji (PartneriDogadjajiID, PartnerID, DogadjajID, Cijena) values (23, 54, 61, 415.3);
insert into PartneriDogadjaji (PartneriDogadjajiID, PartnerID, DogadjajID, Cijena) values (24, 23, 643, 352.06);
insert into PartneriDogadjaji (PartneriDogadjajiID, PartnerID, DogadjajID, Cijena) values (25, 6, 556, 231.81);
insert into PartneriDogadjaji (PartneriDogadjajiID, PartnerID, DogadjajID, Cijena) values (26, 6, 596, 75.29);
insert into PartneriDogadjaji (PartneriDogadjajiID, PartnerID, DogadjajID, Cijena) values (27, 86, 86, 288.05);
insert into PartneriDogadjaji (PartneriDogadjajiID, PartnerID, DogadjajID, Cijena) values (28, 75, 372, 332.13);
insert into PartneriDogadjaji (PartneriDogadjajiID, PartnerID, DogadjajID, Cijena) values (29, 68, 676, 442.86);
insert into PartneriDogadjaji (PartneriDogadjajiID, PartnerID, DogadjajID, Cijena) values (30, 27, 198, 400.53);
insert into PartneriDogadjaji (PartneriDogadjajiID, PartnerID, DogadjajID, Cijena) values (31, 62, 594, 353.06);
insert into PartneriDogadjaji (PartneriDogadjajiID, PartnerID, DogadjajID, Cijena) values (32, 16, 550, 198.8);
insert into PartneriDogadjaji (PartneriDogadjajiID, PartnerID, DogadjajID, Cijena) values (33, 27, 389, 437.33);
insert into PartneriDogadjaji (PartneriDogadjajiID, PartnerID, DogadjajID, Cijena) values (34, 70, 304, 318.79);
insert into PartneriDogadjaji (PartneriDogadjajiID, PartnerID, DogadjajID, Cijena) values (35, 65, 545, 337.35);
insert into PartneriDogadjaji (PartneriDogadjajiID, PartnerID, DogadjajID, Cijena) values (36, 50, 188, 431.67);
insert into PartneriDogadjaji (PartneriDogadjajiID, PartnerID, DogadjajID, Cijena) values (37, 91, 483, 63.06);
insert into PartneriDogadjaji (PartneriDogadjajiID, PartnerID, DogadjajID, Cijena) values (38, 44, 224, 54.26);
insert into PartneriDogadjaji (PartneriDogadjajiID, PartnerID, DogadjajID, Cijena) values (39, 51, 305, 298.68);
insert into PartneriDogadjaji (PartneriDogadjajiID, PartnerID, DogadjajID, Cijena) values (40, 27, 43, 352.68);
insert into PartneriDogadjaji (PartneriDogadjajiID, PartnerID, DogadjajID, Cijena) values (41, 36, 491, 259.37);
insert into PartneriDogadjaji (PartneriDogadjajiID, PartnerID, DogadjajID, Cijena) values (42, 97, 109, 211.8);
insert into PartneriDogadjaji (PartneriDogadjajiID, PartnerID, DogadjajID, Cijena) values (43, 49, 472, 270.62);
insert into PartneriDogadjaji (PartneriDogadjajiID, PartnerID, DogadjajID, Cijena) values (44, 92, 249, 148.11);
insert into PartneriDogadjaji (PartneriDogadjajiID, PartnerID, DogadjajID, Cijena) values (45, 2, 576, 321.62);
insert into PartneriDogadjaji (PartneriDogadjajiID, PartnerID, DogadjajID, Cijena) values (46, 12, 457, 223.01);
insert into PartneriDogadjaji (PartneriDogadjajiID, PartnerID, DogadjajID, Cijena) values (47, 73, 163, 351.27);
insert into PartneriDogadjaji (PartneriDogadjajiID, PartnerID, DogadjajID, Cijena) values (48, 45, 72, 364.82);
insert into PartneriDogadjaji (PartneriDogadjajiID, PartnerID, DogadjajID, Cijena) values (49, 57, 102, 216.52);
insert into PartneriDogadjaji (PartneriDogadjajiID, PartnerID, DogadjajID, Cijena) values (50, 54, 213, 126.72);
insert into PartneriDogadjaji (PartneriDogadjajiID, PartnerID, DogadjajID, Cijena) values (51, 31, 327, 279.7);
insert into PartneriDogadjaji (PartneriDogadjajiID, PartnerID, DogadjajID, Cijena) values (52, 25, 403, 159.45);
insert into PartneriDogadjaji (PartneriDogadjajiID, PartnerID, DogadjajID, Cijena) values (53, 72, 161, 141.65);
insert into PartneriDogadjaji (PartneriDogadjajiID, PartnerID, DogadjajID, Cijena) values (54, 30, 484, 372.71);
insert into PartneriDogadjaji (PartneriDogadjajiID, PartnerID, DogadjajID, Cijena) values (55, 3, 320, 378.16);
insert into PartneriDogadjaji (PartneriDogadjajiID, PartnerID, DogadjajID, Cijena) values (56, 78, 673, 199.23);
insert into PartneriDogadjaji (PartneriDogadjajiID, PartnerID, DogadjajID, Cijena) values (57, 6, 563, 245.61);
insert into PartneriDogadjaji (PartneriDogadjajiID, PartnerID, DogadjajID, Cijena) values (58, 12, 289, 246.73);
insert into PartneriDogadjaji (PartneriDogadjajiID, PartnerID, DogadjajID, Cijena) values (59, 79, 293, 238.24);
insert into PartneriDogadjaji (PartneriDogadjajiID, PartnerID, DogadjajID, Cijena) values (60, 58, 305, 373.99);
insert into PartneriDogadjaji (PartneriDogadjajiID, PartnerID, DogadjajID, Cijena) values (61, 66, 678, 134.13);
insert into PartneriDogadjaji (PartneriDogadjajiID, PartnerID, DogadjajID, Cijena) values (62, 57, 661, 362.9);
insert into PartneriDogadjaji (PartneriDogadjajiID, PartnerID, DogadjajID, Cijena) values (63, 24, 314, 206.12);
insert into PartneriDogadjaji (PartneriDogadjajiID, PartnerID, DogadjajID, Cijena) values (64, 89, 675, 419.7);
insert into PartneriDogadjaji (PartneriDogadjajiID, PartnerID, DogadjajID, Cijena) values (65, 63, 386, 419.26);
insert into PartneriDogadjaji (PartneriDogadjajiID, PartnerID, DogadjajID, Cijena) values (66, 42, 437, 376.89);
insert into PartneriDogadjaji (PartneriDogadjajiID, PartnerID, DogadjajID, Cijena) values (67, 94, 302, 216.02);
insert into PartneriDogadjaji (PartneriDogadjajiID, PartnerID, DogadjajID, Cijena) values (68, 93, 429, 112.61);
insert into PartneriDogadjaji (PartneriDogadjajiID, PartnerID, DogadjajID, Cijena) values (69, 41, 49, 484.87);
insert into PartneriDogadjaji (PartneriDogadjajiID, PartnerID, DogadjajID, Cijena) values (70, 56, 495, 377.22);
insert into PartneriDogadjaji (PartneriDogadjajiID, PartnerID, DogadjajID, Cijena) values (71, 7, 536, 481.36);
insert into PartneriDogadjaji (PartneriDogadjajiID, PartnerID, DogadjajID, Cijena) values (72, 6, 315, 110.02);
insert into PartneriDogadjaji (PartneriDogadjajiID, PartnerID, DogadjajID, Cijena) values (73, 99, 502, 283.82);
insert into PartneriDogadjaji (PartneriDogadjajiID, PartnerID, DogadjajID, Cijena) values (74, 100, 225, 79.77);
insert into PartneriDogadjaji (PartneriDogadjajiID, PartnerID, DogadjajID, Cijena) values (75, 82, 347, 317.8);
insert into PartneriDogadjaji (PartneriDogadjajiID, PartnerID, DogadjajID, Cijena) values (76, 11, 44, 57.52);
insert into PartneriDogadjaji (PartneriDogadjajiID, PartnerID, DogadjajID, Cijena) values (77, 14, 670, 365.19);
insert into PartneriDogadjaji (PartneriDogadjajiID, PartnerID, DogadjajID, Cijena) values (78, 79, 84, 166.5);
insert into PartneriDogadjaji (PartneriDogadjajiID, PartnerID, DogadjajID, Cijena) values (79, 69, 463, 222.54);
insert into PartneriDogadjaji (PartneriDogadjajiID, PartnerID, DogadjajID, Cijena) values (80, 70, 584, 283.04);
insert into PartneriDogadjaji (PartneriDogadjajiID, PartnerID, DogadjajID, Cijena) values (81, 75, 585, 307.28);
insert into PartneriDogadjaji (PartneriDogadjajiID, PartnerID, DogadjajID, Cijena) values (82, 23, 199, 355.28);
insert into PartneriDogadjaji (PartneriDogadjajiID, PartnerID, DogadjajID, Cijena) values (83, 17, 421, 336.06);
insert into PartneriDogadjaji (PartneriDogadjajiID, PartnerID, DogadjajID, Cijena) values (84, 59, 158, 386.14);
insert into PartneriDogadjaji (PartneriDogadjajiID, PartnerID, DogadjajID, Cijena) values (85, 11, 218, 426.45);
insert into PartneriDogadjaji (PartneriDogadjajiID, PartnerID, DogadjajID, Cijena) values (86, 95, 215, 255.75);
insert into PartneriDogadjaji (PartneriDogadjajiID, PartnerID, DogadjajID, Cijena) values (87, 93, 82, 468.9);
insert into PartneriDogadjaji (PartneriDogadjajiID, PartnerID, DogadjajID, Cijena) values (88, 49, 655, 414.12);
insert into PartneriDogadjaji (PartneriDogadjajiID, PartnerID, DogadjajID, Cijena) values (89, 83, 291, 378.02);
insert into PartneriDogadjaji (PartneriDogadjajiID, PartnerID, DogadjajID, Cijena) values (90, 95, 185, 124.69);
insert into PartneriDogadjaji (PartneriDogadjajiID, PartnerID, DogadjajID, Cijena) values (91, 26, 337, 183.48);
insert into PartneriDogadjaji (PartneriDogadjajiID, PartnerID, DogadjajID, Cijena) values (92, 14, 83, 358.17);
insert into PartneriDogadjaji (PartneriDogadjajiID, PartnerID, DogadjajID, Cijena) values (93, 83, 462, 391.55);
insert into PartneriDogadjaji (PartneriDogadjajiID, PartnerID, DogadjajID, Cijena) values (94, 25, 395, 401.74);
insert into PartneriDogadjaji (PartneriDogadjajiID, PartnerID, DogadjajID, Cijena) values (95, 51, 197, 358.57);
insert into PartneriDogadjaji (PartneriDogadjajiID, PartnerID, DogadjajID, Cijena) values (96, 28, 215, 405.08);
insert into PartneriDogadjaji (PartneriDogadjajiID, PartnerID, DogadjajID, Cijena) values (97, 74, 346, 304.66);
insert into PartneriDogadjaji (PartneriDogadjajiID, PartnerID, DogadjajID, Cijena) values (98, 59, 145, 330.42);
insert into PartneriDogadjaji (PartneriDogadjajiID, PartnerID, DogadjajID, Cijena) values (99, 43, 260, 335.85);
insert into PartneriDogadjaji (PartneriDogadjajiID, PartnerID, DogadjajID, Cijena) values (100, 72, 588, 442.68);
insert into PartneriDogadjaji (PartneriDogadjajiID, PartnerID, DogadjajID, Cijena) values (101, 57, 62, 92.3);
insert into PartneriDogadjaji (PartneriDogadjajiID, PartnerID, DogadjajID, Cijena) values (102, 89, 256, 416.32);
insert into PartneriDogadjaji (PartneriDogadjajiID, PartnerID, DogadjajID, Cijena) values (103, 62, 274, 312.58);
insert into PartneriDogadjaji (PartneriDogadjajiID, PartnerID, DogadjajID, Cijena) values (104, 21, 30, 227.26);
insert into PartneriDogadjaji (PartneriDogadjajiID, PartnerID, DogadjajID, Cijena) values (105, 85, 328, 260.33);
insert into PartneriDogadjaji (PartneriDogadjajiID, PartnerID, DogadjajID, Cijena) values (106, 26, 150, 300.29);
insert into PartneriDogadjaji (PartneriDogadjajiID, PartnerID, DogadjajID, Cijena) values (107, 44, 392, 343.42);
insert into PartneriDogadjaji (PartneriDogadjajiID, PartnerID, DogadjajID, Cijena) values (108, 49, 636, 442.69);
insert into PartneriDogadjaji (PartneriDogadjajiID, PartnerID, DogadjajID, Cijena) values (109, 100, 101, 353.7);
insert into PartneriDogadjaji (PartneriDogadjajiID, PartnerID, DogadjajID, Cijena) values (110, 93, 663, 412.41);
insert into PartneriDogadjaji (PartneriDogadjajiID, PartnerID, DogadjajID, Cijena) values (111, 82, 491, 282.43);
insert into PartneriDogadjaji (PartneriDogadjajiID, PartnerID, DogadjajID, Cijena) values (112, 86, 462, 475.92);
insert into PartneriDogadjaji (PartneriDogadjajiID, PartnerID, DogadjajID, Cijena) values (113, 36, 82, 94.74);
insert into PartneriDogadjaji (PartneriDogadjajiID, PartnerID, DogadjajID, Cijena) values (114, 80, 125, 491.07);
insert into PartneriDogadjaji (PartneriDogadjajiID, PartnerID, DogadjajID, Cijena) values (115, 75, 279, 347.61);
insert into PartneriDogadjaji (PartneriDogadjajiID, PartnerID, DogadjajID, Cijena) values (116, 54, 458, 266.52);
insert into PartneriDogadjaji (PartneriDogadjajiID, PartnerID, DogadjajID, Cijena) values (117, 80, 112, 303.84);
insert into PartneriDogadjaji (PartneriDogadjajiID, PartnerID, DogadjajID, Cijena) values (118, 84, 681, 309.55);
insert into PartneriDogadjaji (PartneriDogadjajiID, PartnerID, DogadjajID, Cijena) values (119, 71, 402, 110.25);
insert into PartneriDogadjaji (PartneriDogadjajiID, PartnerID, DogadjajID, Cijena) values (120, 90, 26, 464.48);
insert into PartneriDogadjaji (PartneriDogadjajiID, PartnerID, DogadjajID, Cijena) values (121, 92, 645, 192.14);
insert into PartneriDogadjaji (PartneriDogadjajiID, PartnerID, DogadjajID, Cijena) values (122, 85, 349, 190.89);
insert into PartneriDogadjaji (PartneriDogadjajiID, PartnerID, DogadjajID, Cijena) values (123, 24, 168, 432.03);
insert into PartneriDogadjaji (PartneriDogadjajiID, PartnerID, DogadjajID, Cijena) values (124, 9, 580, 394.22);
insert into PartneriDogadjaji (PartneriDogadjajiID, PartnerID, DogadjajID, Cijena) values (125, 12, 538, 485.92);
insert into PartneriDogadjaji (PartneriDogadjajiID, PartnerID, DogadjajID, Cijena) values (126, 7, 151, 348.02);
insert into PartneriDogadjaji (PartneriDogadjajiID, PartnerID, DogadjajID, Cijena) values (127, 79, 440, 75.92);
insert into PartneriDogadjaji (PartneriDogadjajiID, PartnerID, DogadjajID, Cijena) values (128, 34, 586, 219.55);
insert into PartneriDogadjaji (PartneriDogadjajiID, PartnerID, DogadjajID, Cijena) values (129, 66, 47, 115.84);
insert into PartneriDogadjaji (PartneriDogadjajiID, PartnerID, DogadjajID, Cijena) values (130, 36, 404, 473.57);
insert into PartneriDogadjaji (PartneriDogadjajiID, PartnerID, DogadjajID, Cijena) values (131, 41, 606, 418.79);
insert into PartneriDogadjaji (PartneriDogadjajiID, PartnerID, DogadjajID, Cijena) values (132, 37, 50, 378.08);
insert into PartneriDogadjaji (PartneriDogadjajiID, PartnerID, DogadjajID, Cijena) values (133, 3, 65, 472.84);
insert into PartneriDogadjaji (PartneriDogadjajiID, PartnerID, DogadjajID, Cijena) values (134, 18, 452, 296.93);
insert into PartneriDogadjaji (PartneriDogadjajiID, PartnerID, DogadjajID, Cijena) values (135, 100, 70, 439.54);
insert into PartneriDogadjaji (PartneriDogadjajiID, PartnerID, DogadjajID, Cijena) values (136, 31, 697, 363.6);
insert into PartneriDogadjaji (PartneriDogadjajiID, PartnerID, DogadjajID, Cijena) values (137, 87, 135, 477.65);
insert into PartneriDogadjaji (PartneriDogadjajiID, PartnerID, DogadjajID, Cijena) values (138, 25, 508, 360.92);
insert into PartneriDogadjaji (PartneriDogadjajiID, PartnerID, DogadjajID, Cijena) values (139, 50, 103, 457.62);
insert into PartneriDogadjaji (PartneriDogadjajiID, PartnerID, DogadjajID, Cijena) values (140, 43, 44, 222.99);
insert into PartneriDogadjaji (PartneriDogadjajiID, PartnerID, DogadjajID, Cijena) values (141, 16, 638, 401.02);
insert into PartneriDogadjaji (PartneriDogadjajiID, PartnerID, DogadjajID, Cijena) values (142, 30, 267, 105.47);
insert into PartneriDogadjaji (PartneriDogadjajiID, PartnerID, DogadjajID, Cijena) values (143, 86, 326, 341.69);
insert into PartneriDogadjaji (PartneriDogadjajiID, PartnerID, DogadjajID, Cijena) values (144, 36, 563, 218.42);
insert into PartneriDogadjaji (PartneriDogadjajiID, PartnerID, DogadjajID, Cijena) values (145, 74, 528, 350.03);
insert into PartneriDogadjaji (PartneriDogadjajiID, PartnerID, DogadjajID, Cijena) values (146, 63, 224, 286.72);
insert into PartneriDogadjaji (PartneriDogadjajiID, PartnerID, DogadjajID, Cijena) values (147, 29, 285, 291.43);
insert into PartneriDogadjaji (PartneriDogadjajiID, PartnerID, DogadjajID, Cijena) values (148, 64, 694, 256.97);
insert into PartneriDogadjaji (PartneriDogadjajiID, PartnerID, DogadjajID, Cijena) values (149, 91, 328, 396.39);
insert into PartneriDogadjaji (PartneriDogadjajiID, PartnerID, DogadjajID, Cijena) values (150, 82, 237, 81.75);
insert into PartneriDogadjaji (PartneriDogadjajiID, PartnerID, DogadjajID, Cijena) values (151, 93, 158, 176.11);
insert into PartneriDogadjaji (PartneriDogadjajiID, PartnerID, DogadjajID, Cijena) values (152, 30, 69, 218.68);
insert into PartneriDogadjaji (PartneriDogadjajiID, PartnerID, DogadjajID, Cijena) values (153, 85, 639, 180.99);
insert into PartneriDogadjaji (PartneriDogadjajiID, PartnerID, DogadjajID, Cijena) values (154, 46, 105, 133.63);
insert into PartneriDogadjaji (PartneriDogadjajiID, PartnerID, DogadjajID, Cijena) values (155, 27, 302, 238.74);
insert into PartneriDogadjaji (PartneriDogadjajiID, PartnerID, DogadjajID, Cijena) values (156, 14, 96, 346.57);
insert into PartneriDogadjaji (PartneriDogadjajiID, PartnerID, DogadjajID, Cijena) values (157, 100, 340, 163.19);
insert into PartneriDogadjaji (PartneriDogadjajiID, PartnerID, DogadjajID, Cijena) values (158, 7, 690, 366.34);
insert into PartneriDogadjaji (PartneriDogadjajiID, PartnerID, DogadjajID, Cijena) values (159, 58, 512, 374.94);
insert into PartneriDogadjaji (PartneriDogadjajiID, PartnerID, DogadjajID, Cijena) values (160, 33, 483, 257.53);
insert into PartneriDogadjaji (PartneriDogadjajiID, PartnerID, DogadjajID, Cijena) values (161, 73, 279, 482.85);
insert into PartneriDogadjaji (PartneriDogadjajiID, PartnerID, DogadjajID, Cijena) values (162, 68, 324, 296.98);
insert into PartneriDogadjaji (PartneriDogadjajiID, PartnerID, DogadjajID, Cijena) values (163, 69, 467, 306.1);
insert into PartneriDogadjaji (PartneriDogadjajiID, PartnerID, DogadjajID, Cijena) values (164, 45, 446, 474.18);
insert into PartneriDogadjaji (PartneriDogadjajiID, PartnerID, DogadjajID, Cijena) values (165, 52, 383, 261.31);
insert into PartneriDogadjaji (PartneriDogadjajiID, PartnerID, DogadjajID, Cijena) values (166, 82, 695, 155.05);
insert into PartneriDogadjaji (PartneriDogadjajiID, PartnerID, DogadjajID, Cijena) values (167, 26, 466, 413.46);
insert into PartneriDogadjaji (PartneriDogadjajiID, PartnerID, DogadjajID, Cijena) values (168, 9, 376, 403.4);
insert into PartneriDogadjaji (PartneriDogadjajiID, PartnerID, DogadjajID, Cijena) values (169, 45, 297, 465.63);
insert into PartneriDogadjaji (PartneriDogadjajiID, PartnerID, DogadjajID, Cijena) values (170, 41, 77, 396.26);
insert into PartneriDogadjaji (PartneriDogadjajiID, PartnerID, DogadjajID, Cijena) values (171, 58, 475, 76.8);
insert into PartneriDogadjaji (PartneriDogadjajiID, PartnerID, DogadjajID, Cijena) values (172, 92, 455, 378.82);
insert into PartneriDogadjaji (PartneriDogadjajiID, PartnerID, DogadjajID, Cijena) values (173, 10, 220, 249.13);
insert into PartneriDogadjaji (PartneriDogadjajiID, PartnerID, DogadjajID, Cijena) values (174, 31, 5, 357.02);
insert into PartneriDogadjaji (PartneriDogadjajiID, PartnerID, DogadjajID, Cijena) values (175, 76, 519, 482.27);
insert into PartneriDogadjaji (PartneriDogadjajiID, PartnerID, DogadjajID, Cijena) values (176, 45, 412, 359.74);
insert into PartneriDogadjaji (PartneriDogadjajiID, PartnerID, DogadjajID, Cijena) values (177, 98, 471, 189.85);
insert into PartneriDogadjaji (PartneriDogadjajiID, PartnerID, DogadjajID, Cijena) values (178, 28, 119, 276.15);
insert into PartneriDogadjaji (PartneriDogadjajiID, PartnerID, DogadjajID, Cijena) values (179, 57, 361, 216.6);
insert into PartneriDogadjaji (PartneriDogadjajiID, PartnerID, DogadjajID, Cijena) values (180, 66, 265, 155.81);
insert into PartneriDogadjaji (PartneriDogadjajiID, PartnerID, DogadjajID, Cijena) values (181, 6, 614, 114.22);
insert into PartneriDogadjaji (PartneriDogadjajiID, PartnerID, DogadjajID, Cijena) values (182, 31, 247, 109.43);
insert into PartneriDogadjaji (PartneriDogadjajiID, PartnerID, DogadjajID, Cijena) values (183, 89, 363, 436.93);
insert into PartneriDogadjaji (PartneriDogadjajiID, PartnerID, DogadjajID, Cijena) values (184, 79, 363, 355.64);
insert into PartneriDogadjaji (PartneriDogadjajiID, PartnerID, DogadjajID, Cijena) values (185, 12, 482, 451.15);
insert into PartneriDogadjaji (PartneriDogadjajiID, PartnerID, DogadjajID, Cijena) values (186, 78, 426, 321.67);
insert into PartneriDogadjaji (PartneriDogadjajiID, PartnerID, DogadjajID, Cijena) values (187, 46, 236, 232.17);
insert into PartneriDogadjaji (PartneriDogadjajiID, PartnerID, DogadjajID, Cijena) values (188, 96, 416, 422.78);
insert into PartneriDogadjaji (PartneriDogadjajiID, PartnerID, DogadjajID, Cijena) values (189, 2, 241, 425.05);
insert into PartneriDogadjaji (PartneriDogadjajiID, PartnerID, DogadjajID, Cijena) values (190, 79, 160, 60.15);
insert into PartneriDogadjaji (PartneriDogadjajiID, PartnerID, DogadjajID, Cijena) values (191, 15, 15, 77.2);
insert into PartneriDogadjaji (PartneriDogadjajiID, PartnerID, DogadjajID, Cijena) values (192, 95, 138, 468.0);
insert into PartneriDogadjaji (PartneriDogadjajiID, PartnerID, DogadjajID, Cijena) values (193, 15, 488, 346.21);
insert into PartneriDogadjaji (PartneriDogadjajiID, PartnerID, DogadjajID, Cijena) values (194, 92, 208, 190.97);
insert into PartneriDogadjaji (PartneriDogadjajiID, PartnerID, DogadjajID, Cijena) values (195, 92, 153, 478.77);
insert into PartneriDogadjaji (PartneriDogadjajiID, PartnerID, DogadjajID, Cijena) values (196, 49, 206, 476.65);
insert into PartneriDogadjaji (PartneriDogadjajiID, PartnerID, DogadjajID, Cijena) values (197, 33, 155, 246.45);
insert into PartneriDogadjaji (PartneriDogadjajiID, PartnerID, DogadjajID, Cijena) values (198, 63, 377, 143.99);
insert into PartneriDogadjaji (PartneriDogadjajiID, PartnerID, DogadjajID, Cijena) values (199, 53, 365, 447.29);
insert into PartneriDogadjaji (PartneriDogadjajiID, PartnerID, DogadjajID, Cijena) values (200, 36, 616, 256.16);
insert into PartneriDogadjaji (PartneriDogadjajiID, PartnerID, DogadjajID, Cijena) values (201, 74, 489, 372.66);
insert into PartneriDogadjaji (PartneriDogadjajiID, PartnerID, DogadjajID, Cijena) values (202, 78, 512, 238.84);
insert into PartneriDogadjaji (PartneriDogadjajiID, PartnerID, DogadjajID, Cijena) values (203, 88, 342, 80.04);
insert into PartneriDogadjaji (PartneriDogadjajiID, PartnerID, DogadjajID, Cijena) values (204, 100, 236, 114.79);
insert into PartneriDogadjaji (PartneriDogadjajiID, PartnerID, DogadjajID, Cijena) values (205, 64, 420, 200.53);
insert into PartneriDogadjaji (PartneriDogadjajiID, PartnerID, DogadjajID, Cijena) values (206, 54, 436, 277.0);
insert into PartneriDogadjaji (PartneriDogadjajiID, PartnerID, DogadjajID, Cijena) values (207, 31, 636, 125.55);
insert into PartneriDogadjaji (PartneriDogadjajiID, PartnerID, DogadjajID, Cijena) values (208, 4, 94, 284.86);
insert into PartneriDogadjaji (PartneriDogadjajiID, PartnerID, DogadjajID, Cijena) values (209, 10, 334, 435.83);
insert into PartneriDogadjaji (PartneriDogadjajiID, PartnerID, DogadjajID, Cijena) values (210, 79, 241, 180.7);
insert into PartneriDogadjaji (PartneriDogadjajiID, PartnerID, DogadjajID, Cijena) values (211, 16, 157, 97.97);
insert into PartneriDogadjaji (PartneriDogadjajiID, PartnerID, DogadjajID, Cijena) values (212, 28, 18, 412.91);
insert into PartneriDogadjaji (PartneriDogadjajiID, PartnerID, DogadjajID, Cijena) values (213, 19, 80, 56.2);
insert into PartneriDogadjaji (PartneriDogadjajiID, PartnerID, DogadjajID, Cijena) values (214, 58, 110, 165.59);
insert into PartneriDogadjaji (PartneriDogadjajiID, PartnerID, DogadjajID, Cijena) values (215, 90, 696, 293.6);
insert into PartneriDogadjaji (PartneriDogadjajiID, PartnerID, DogadjajID, Cijena) values (216, 11, 251, 411.89);
insert into PartneriDogadjaji (PartneriDogadjajiID, PartnerID, DogadjajID, Cijena) values (217, 98, 433, 404.41);
insert into PartneriDogadjaji (PartneriDogadjajiID, PartnerID, DogadjajID, Cijena) values (218, 4, 685, 260.41);
insert into PartneriDogadjaji (PartneriDogadjajiID, PartnerID, DogadjajID, Cijena) values (219, 66, 532, 421.03);
insert into PartneriDogadjaji (PartneriDogadjajiID, PartnerID, DogadjajID, Cijena) values (220, 18, 378, 354.61);
insert into PartneriDogadjaji (PartneriDogadjajiID, PartnerID, DogadjajID, Cijena) values (221, 78, 317, 280.59);
insert into PartneriDogadjaji (PartneriDogadjajiID, PartnerID, DogadjajID, Cijena) values (222, 11, 3, 115.08);
insert into PartneriDogadjaji (PartneriDogadjajiID, PartnerID, DogadjajID, Cijena) values (223, 41, 151, 91.32);
insert into PartneriDogadjaji (PartneriDogadjajiID, PartnerID, DogadjajID, Cijena) values (224, 77, 430, 291.95);
insert into PartneriDogadjaji (PartneriDogadjajiID, PartnerID, DogadjajID, Cijena) values (225, 85, 538, 171.19);
insert into PartneriDogadjaji (PartneriDogadjajiID, PartnerID, DogadjajID, Cijena) values (226, 37, 428, 173.52);
insert into PartneriDogadjaji (PartneriDogadjajiID, PartnerID, DogadjajID, Cijena) values (227, 48, 167, 174.53);
insert into PartneriDogadjaji (PartneriDogadjajiID, PartnerID, DogadjajID, Cijena) values (228, 3, 340, 477.34);
insert into PartneriDogadjaji (PartneriDogadjajiID, PartnerID, DogadjajID, Cijena) values (229, 18, 394, 242.79);
insert into PartneriDogadjaji (PartneriDogadjajiID, PartnerID, DogadjajID, Cijena) values (230, 28, 84, 384.42);
insert into PartneriDogadjaji (PartneriDogadjajiID, PartnerID, DogadjajID, Cijena) values (231, 46, 129, 448.31);
insert into PartneriDogadjaji (PartneriDogadjajiID, PartnerID, DogadjajID, Cijena) values (232, 7, 423, 454.11);
insert into PartneriDogadjaji (PartneriDogadjajiID, PartnerID, DogadjajID, Cijena) values (233, 63, 180, 176.48);
insert into PartneriDogadjaji (PartneriDogadjajiID, PartnerID, DogadjajID, Cijena) values (234, 99, 403, 190.06);
insert into PartneriDogadjaji (PartneriDogadjajiID, PartnerID, DogadjajID, Cijena) values (235, 58, 192, 293.22);
insert into PartneriDogadjaji (PartneriDogadjajiID, PartnerID, DogadjajID, Cijena) values (236, 26, 49, 242.31);
insert into PartneriDogadjaji (PartneriDogadjajiID, PartnerID, DogadjajID, Cijena) values (237, 52, 556, 56.74);
insert into PartneriDogadjaji (PartneriDogadjajiID, PartnerID, DogadjajID, Cijena) values (238, 97, 93, 258.63);
insert into PartneriDogadjaji (PartneriDogadjajiID, PartnerID, DogadjajID, Cijena) values (239, 18, 569, 269.26);
insert into PartneriDogadjaji (PartneriDogadjajiID, PartnerID, DogadjajID, Cijena) values (240, 67, 318, 235.83);
insert into PartneriDogadjaji (PartneriDogadjajiID, PartnerID, DogadjajID, Cijena) values (241, 55, 240, 269.2);
insert into PartneriDogadjaji (PartneriDogadjajiID, PartnerID, DogadjajID, Cijena) values (242, 77, 627, 213.31);
insert into PartneriDogadjaji (PartneriDogadjajiID, PartnerID, DogadjajID, Cijena) values (243, 79, 188, 54.5);
insert into PartneriDogadjaji (PartneriDogadjajiID, PartnerID, DogadjajID, Cijena) values (244, 65, 630, 199.02);
insert into PartneriDogadjaji (PartneriDogadjajiID, PartnerID, DogadjajID, Cijena) values (245, 20, 392, 105.48);
insert into PartneriDogadjaji (PartneriDogadjajiID, PartnerID, DogadjajID, Cijena) values (246, 15, 312, 265.52);
insert into PartneriDogadjaji (PartneriDogadjajiID, PartnerID, DogadjajID, Cijena) values (247, 64, 419, 236.06);
insert into PartneriDogadjaji (PartneriDogadjajiID, PartnerID, DogadjajID, Cijena) values (248, 2, 130, 483.36);
insert into PartneriDogadjaji (PartneriDogadjajiID, PartnerID, DogadjajID, Cijena) values (249, 56, 144, 179.02);
insert into PartneriDogadjaji (PartneriDogadjajiID, PartnerID, DogadjajID, Cijena) values (250, 23, 495, 91.94);
insert into PartneriDogadjaji (PartneriDogadjajiID, PartnerID, DogadjajID, Cijena) values (251, 79, 449, 278.1);
insert into PartneriDogadjaji (PartneriDogadjajiID, PartnerID, DogadjajID, Cijena) values (252, 97, 521, 146.17);
insert into PartneriDogadjaji (PartneriDogadjajiID, PartnerID, DogadjajID, Cijena) values (253, 13, 396, 103.41);
insert into PartneriDogadjaji (PartneriDogadjajiID, PartnerID, DogadjajID, Cijena) values (254, 89, 88, 236.2);
insert into PartneriDogadjaji (PartneriDogadjajiID, PartnerID, DogadjajID, Cijena) values (255, 93, 613, 342.59);
insert into PartneriDogadjaji (PartneriDogadjajiID, PartnerID, DogadjajID, Cijena) values (256, 11, 434, 357.37);
insert into PartneriDogadjaji (PartneriDogadjajiID, PartnerID, DogadjajID, Cijena) values (257, 83, 615, 339.08);
insert into PartneriDogadjaji (PartneriDogadjajiID, PartnerID, DogadjajID, Cijena) values (258, 91, 263, 139.14);
insert into PartneriDogadjaji (PartneriDogadjajiID, PartnerID, DogadjajID, Cijena) values (259, 75, 471, 239.54);
insert into PartneriDogadjaji (PartneriDogadjajiID, PartnerID, DogadjajID, Cijena) values (260, 91, 593, 65.85);
insert into PartneriDogadjaji (PartneriDogadjajiID, PartnerID, DogadjajID, Cijena) values (261, 50, 617, 199.19);
insert into PartneriDogadjaji (PartneriDogadjajiID, PartnerID, DogadjajID, Cijena) values (262, 98, 27, 117.29);
insert into PartneriDogadjaji (PartneriDogadjajiID, PartnerID, DogadjajID, Cijena) values (263, 41, 10, 362.6);
insert into PartneriDogadjaji (PartneriDogadjajiID, PartnerID, DogadjajID, Cijena) values (264, 83, 268, 281.7);
insert into PartneriDogadjaji (PartneriDogadjajiID, PartnerID, DogadjajID, Cijena) values (265, 19, 252, 373.37);
insert into PartneriDogadjaji (PartneriDogadjajiID, PartnerID, DogadjajID, Cijena) values (266, 56, 376, 423.18);
insert into PartneriDogadjaji (PartneriDogadjajiID, PartnerID, DogadjajID, Cijena) values (267, 15, 110, 268.96);
insert into PartneriDogadjaji (PartneriDogadjajiID, PartnerID, DogadjajID, Cijena) values (268, 37, 403, 118.9);
insert into PartneriDogadjaji (PartneriDogadjajiID, PartnerID, DogadjajID, Cijena) values (269, 28, 298, 472.74);
insert into PartneriDogadjaji (PartneriDogadjajiID, PartnerID, DogadjajID, Cijena) values (270, 18, 405, 109.83);
insert into PartneriDogadjaji (PartneriDogadjajiID, PartnerID, DogadjajID, Cijena) values (271, 36, 43, 478.06);
insert into PartneriDogadjaji (PartneriDogadjajiID, PartnerID, DogadjajID, Cijena) values (272, 51, 42, 423.96);
insert into PartneriDogadjaji (PartneriDogadjajiID, PartnerID, DogadjajID, Cijena) values (273, 27, 296, 320.01);
insert into PartneriDogadjaji (PartneriDogadjajiID, PartnerID, DogadjajID, Cijena) values (274, 22, 119, 145.7);
insert into PartneriDogadjaji (PartneriDogadjajiID, PartnerID, DogadjajID, Cijena) values (275, 35, 203, 499.88);
insert into PartneriDogadjaji (PartneriDogadjajiID, PartnerID, DogadjajID, Cijena) values (276, 4, 8, 452.51);
insert into PartneriDogadjaji (PartneriDogadjajiID, PartnerID, DogadjajID, Cijena) values (277, 6, 336, 221.5);
insert into PartneriDogadjaji (PartneriDogadjajiID, PartnerID, DogadjajID, Cijena) values (278, 64, 543, 103.11);
insert into PartneriDogadjaji (PartneriDogadjajiID, PartnerID, DogadjajID, Cijena) values (279, 87, 444, 106.22);
insert into PartneriDogadjaji (PartneriDogadjajiID, PartnerID, DogadjajID, Cijena) values (280, 26, 314, 56.28);
insert into PartneriDogadjaji (PartneriDogadjajiID, PartnerID, DogadjajID, Cijena) values (281, 69, 20, 333.93);
insert into PartneriDogadjaji (PartneriDogadjajiID, PartnerID, DogadjajID, Cijena) values (282, 33, 158, 111.2);
insert into PartneriDogadjaji (PartneriDogadjajiID, PartnerID, DogadjajID, Cijena) values (283, 30, 565, 352.97);
insert into PartneriDogadjaji (PartneriDogadjajiID, PartnerID, DogadjajID, Cijena) values (284, 58, 104, 53.09);
insert into PartneriDogadjaji (PartneriDogadjajiID, PartnerID, DogadjajID, Cijena) values (285, 3, 290, 127.34);
insert into PartneriDogadjaji (PartneriDogadjajiID, PartnerID, DogadjajID, Cijena) values (286, 63, 100, 299.78);
insert into PartneriDogadjaji (PartneriDogadjajiID, PartnerID, DogadjajID, Cijena) values (287, 92, 360, 247.49);
insert into PartneriDogadjaji (PartneriDogadjajiID, PartnerID, DogadjajID, Cijena) values (288, 88, 257, 161.48);
insert into PartneriDogadjaji (PartneriDogadjajiID, PartnerID, DogadjajID, Cijena) values (289, 6, 182, 88.9);
insert into PartneriDogadjaji (PartneriDogadjajiID, PartnerID, DogadjajID, Cijena) values (290, 2, 649, 432.11);
insert into PartneriDogadjaji (PartneriDogadjajiID, PartnerID, DogadjajID, Cijena) values (291, 3, 198, 103.42);
insert into PartneriDogadjaji (PartneriDogadjajiID, PartnerID, DogadjajID, Cijena) values (292, 89, 308, 469.85);
insert into PartneriDogadjaji (PartneriDogadjajiID, PartnerID, DogadjajID, Cijena) values (293, 17, 302, 212.05);
insert into PartneriDogadjaji (PartneriDogadjajiID, PartnerID, DogadjajID, Cijena) values (294, 48, 21, 344.85);
insert into PartneriDogadjaji (PartneriDogadjajiID, PartnerID, DogadjajID, Cijena) values (295, 51, 98, 361.56);
insert into PartneriDogadjaji (PartneriDogadjajiID, PartnerID, DogadjajID, Cijena) values (296, 39, 103, 491.84);
insert into PartneriDogadjaji (PartneriDogadjajiID, PartnerID, DogadjajID, Cijena) values (297, 19, 619, 238.01);
insert into PartneriDogadjaji (PartneriDogadjajiID, PartnerID, DogadjajID, Cijena) values (298, 70, 560, 73.08);
insert into PartneriDogadjaji (PartneriDogadjajiID, PartnerID, DogadjajID, Cijena) values (299, 27, 393, 123.94);
insert into PartneriDogadjaji (PartneriDogadjajiID, PartnerID, DogadjajID, Cijena) values (300, 12, 451, 56.68);
insert into PartneriDogadjaji (PartneriDogadjajiID, PartnerID, DogadjajID, Cijena) values (301, 86, 473, 121.25);
insert into PartneriDogadjaji (PartneriDogadjajiID, PartnerID, DogadjajID, Cijena) values (302, 39, 148, 80.04);
insert into PartneriDogadjaji (PartneriDogadjajiID, PartnerID, DogadjajID, Cijena) values (303, 5, 528, 261.37);
insert into PartneriDogadjaji (PartneriDogadjajiID, PartnerID, DogadjajID, Cijena) values (304, 34, 642, 56.53);
insert into PartneriDogadjaji (PartneriDogadjajiID, PartnerID, DogadjajID, Cijena) values (305, 30, 427, 120.98);
insert into PartneriDogadjaji (PartneriDogadjajiID, PartnerID, DogadjajID, Cijena) values (306, 89, 87, 389.75);
insert into PartneriDogadjaji (PartneriDogadjajiID, PartnerID, DogadjajID, Cijena) values (307, 54, 52, 209.59);
insert into PartneriDogadjaji (PartneriDogadjajiID, PartnerID, DogadjajID, Cijena) values (308, 46, 513, 363.16);
insert into PartneriDogadjaji (PartneriDogadjajiID, PartnerID, DogadjajID, Cijena) values (309, 100, 420, 204.23);
insert into PartneriDogadjaji (PartneriDogadjajiID, PartnerID, DogadjajID, Cijena) values (310, 18, 117, 292.76);
insert into PartneriDogadjaji (PartneriDogadjajiID, PartnerID, DogadjajID, Cijena) values (311, 2, 251, 273.77);
insert into PartneriDogadjaji (PartneriDogadjajiID, PartnerID, DogadjajID, Cijena) values (312, 72, 558, 341.92);
insert into PartneriDogadjaji (PartneriDogadjajiID, PartnerID, DogadjajID, Cijena) values (313, 39, 526, 397.94);
insert into PartneriDogadjaji (PartneriDogadjajiID, PartnerID, DogadjajID, Cijena) values (314, 36, 337, 198.11);
insert into PartneriDogadjaji (PartneriDogadjajiID, PartnerID, DogadjajID, Cijena) values (315, 15, 80, 329.01);
insert into PartneriDogadjaji (PartneriDogadjajiID, PartnerID, DogadjajID, Cijena) values (316, 14, 405, 113.69);
insert into PartneriDogadjaji (PartneriDogadjajiID, PartnerID, DogadjajID, Cijena) values (317, 81, 472, 308.06);
insert into PartneriDogadjaji (PartneriDogadjajiID, PartnerID, DogadjajID, Cijena) values (318, 65, 52, 225.74);
insert into PartneriDogadjaji (PartneriDogadjajiID, PartnerID, DogadjajID, Cijena) values (319, 18, 149, 232.42);
insert into PartneriDogadjaji (PartneriDogadjajiID, PartnerID, DogadjajID, Cijena) values (320, 15, 119, 390.12);
insert into PartneriDogadjaji (PartneriDogadjajiID, PartnerID, DogadjajID, Cijena) values (321, 21, 90, 449.59);
insert into PartneriDogadjaji (PartneriDogadjajiID, PartnerID, DogadjajID, Cijena) values (322, 78, 385, 134.81);
insert into PartneriDogadjaji (PartneriDogadjajiID, PartnerID, DogadjajID, Cijena) values (323, 85, 596, 361.33);
insert into PartneriDogadjaji (PartneriDogadjajiID, PartnerID, DogadjajID, Cijena) values (324, 33, 614, 244.79);
insert into PartneriDogadjaji (PartneriDogadjajiID, PartnerID, DogadjajID, Cijena) values (325, 96, 476, 252.97);
insert into PartneriDogadjaji (PartneriDogadjajiID, PartnerID, DogadjajID, Cijena) values (326, 60, 212, 75.67);
insert into PartneriDogadjaji (PartneriDogadjajiID, PartnerID, DogadjajID, Cijena) values (327, 27, 43, 373.72);
insert into PartneriDogadjaji (PartneriDogadjajiID, PartnerID, DogadjajID, Cijena) values (328, 37, 94, 83.9);
insert into PartneriDogadjaji (PartneriDogadjajiID, PartnerID, DogadjajID, Cijena) values (329, 33, 546, 163.06);
insert into PartneriDogadjaji (PartneriDogadjajiID, PartnerID, DogadjajID, Cijena) values (330, 9, 471, 379.49);
insert into PartneriDogadjaji (PartneriDogadjajiID, PartnerID, DogadjajID, Cijena) values (331, 54, 632, 401.85);
insert into PartneriDogadjaji (PartneriDogadjajiID, PartnerID, DogadjajID, Cijena) values (332, 77, 361, 190.96);
insert into PartneriDogadjaji (PartneriDogadjajiID, PartnerID, DogadjajID, Cijena) values (333, 82, 28, 51.48);
insert into PartneriDogadjaji (PartneriDogadjajiID, PartnerID, DogadjajID, Cijena) values (334, 99, 581, 83.58);
insert into PartneriDogadjaji (PartneriDogadjajiID, PartnerID, DogadjajID, Cijena) values (335, 29, 328, 200.0);
insert into PartneriDogadjaji (PartneriDogadjajiID, PartnerID, DogadjajID, Cijena) values (336, 92, 226, 496.68);
insert into PartneriDogadjaji (PartneriDogadjajiID, PartnerID, DogadjajID, Cijena) values (337, 11, 452, 162.11);
insert into PartneriDogadjaji (PartneriDogadjajiID, PartnerID, DogadjajID, Cijena) values (338, 89, 503, 368.93);
insert into PartneriDogadjaji (PartneriDogadjajiID, PartnerID, DogadjajID, Cijena) values (339, 97, 476, 431.17);
insert into PartneriDogadjaji (PartneriDogadjajiID, PartnerID, DogadjajID, Cijena) values (340, 94, 142, 429.38);
insert into PartneriDogadjaji (PartneriDogadjajiID, PartnerID, DogadjajID, Cijena) values (341, 18, 92, 52.09);
insert into PartneriDogadjaji (PartneriDogadjajiID, PartnerID, DogadjajID, Cijena) values (342, 55, 697, 490.7);
insert into PartneriDogadjaji (PartneriDogadjajiID, PartnerID, DogadjajID, Cijena) values (343, 72, 187, 452.25);
insert into PartneriDogadjaji (PartneriDogadjajiID, PartnerID, DogadjajID, Cijena) values (344, 47, 188, 355.64);
insert into PartneriDogadjaji (PartneriDogadjajiID, PartnerID, DogadjajID, Cijena) values (345, 95, 137, 122.27);
insert into PartneriDogadjaji (PartneriDogadjajiID, PartnerID, DogadjajID, Cijena) values (346, 80, 97, 112.2);
insert into PartneriDogadjaji (PartneriDogadjajiID, PartnerID, DogadjajID, Cijena) values (347, 52, 47, 429.43);
insert into PartneriDogadjaji (PartneriDogadjajiID, PartnerID, DogadjajID, Cijena) values (348, 79, 268, 440.32);
insert into PartneriDogadjaji (PartneriDogadjajiID, PartnerID, DogadjajID, Cijena) values (349, 82, 603, 187.57);
insert into PartneriDogadjaji (PartneriDogadjajiID, PartnerID, DogadjajID, Cijena) values (350, 31, 202, 434.09);
insert into PartneriDogadjaji (PartneriDogadjajiID, PartnerID, DogadjajID, Cijena) values (351, 69, 656, 284.82);
insert into PartneriDogadjaji (PartneriDogadjajiID, PartnerID, DogadjajID, Cijena) values (352, 92, 76, 288.33);
insert into PartneriDogadjaji (PartneriDogadjajiID, PartnerID, DogadjajID, Cijena) values (353, 37, 502, 499.26);
insert into PartneriDogadjaji (PartneriDogadjajiID, PartnerID, DogadjajID, Cijena) values (354, 58, 115, 493.92);
insert into PartneriDogadjaji (PartneriDogadjajiID, PartnerID, DogadjajID, Cijena) values (355, 36, 377, 60.08);
insert into PartneriDogadjaji (PartneriDogadjajiID, PartnerID, DogadjajID, Cijena) values (356, 6, 628, 164.09);
insert into PartneriDogadjaji (PartneriDogadjajiID, PartnerID, DogadjajID, Cijena) values (357, 49, 437, 222.58);
insert into PartneriDogadjaji (PartneriDogadjajiID, PartnerID, DogadjajID, Cijena) values (358, 69, 137, 317.78);
insert into PartneriDogadjaji (PartneriDogadjajiID, PartnerID, DogadjajID, Cijena) values (359, 40, 61, 458.99);
insert into PartneriDogadjaji (PartneriDogadjajiID, PartnerID, DogadjajID, Cijena) values (360, 34, 213, 305.4);
insert into PartneriDogadjaji (PartneriDogadjajiID, PartnerID, DogadjajID, Cijena) values (361, 75, 411, 65.8);
insert into PartneriDogadjaji (PartneriDogadjajiID, PartnerID, DogadjajID, Cijena) values (362, 65, 223, 162.84);
insert into PartneriDogadjaji (PartneriDogadjajiID, PartnerID, DogadjajID, Cijena) values (363, 26, 369, 225.16);
insert into PartneriDogadjaji (PartneriDogadjajiID, PartnerID, DogadjajID, Cijena) values (364, 40, 49, 287.91);
insert into PartneriDogadjaji (PartneriDogadjajiID, PartnerID, DogadjajID, Cijena) values (365, 25, 404, 209.86);
insert into PartneriDogadjaji (PartneriDogadjajiID, PartnerID, DogadjajID, Cijena) values (366, 8, 128, 333.29);
insert into PartneriDogadjaji (PartneriDogadjajiID, PartnerID, DogadjajID, Cijena) values (367, 50, 649, 400.58);
insert into PartneriDogadjaji (PartneriDogadjajiID, PartnerID, DogadjajID, Cijena) values (368, 84, 416, 376.64);
insert into PartneriDogadjaji (PartneriDogadjajiID, PartnerID, DogadjajID, Cijena) values (369, 32, 374, 203.41);
insert into PartneriDogadjaji (PartneriDogadjajiID, PartnerID, DogadjajID, Cijena) values (370, 9, 276, 460.99);
insert into PartneriDogadjaji (PartneriDogadjajiID, PartnerID, DogadjajID, Cijena) values (371, 46, 294, 86.47);
insert into PartneriDogadjaji (PartneriDogadjajiID, PartnerID, DogadjajID, Cijena) values (372, 5, 273, 308.97);
insert into PartneriDogadjaji (PartneriDogadjajiID, PartnerID, DogadjajID, Cijena) values (373, 97, 544, 286.53);
insert into PartneriDogadjaji (PartneriDogadjajiID, PartnerID, DogadjajID, Cijena) values (374, 60, 593, 499.1);
insert into PartneriDogadjaji (PartneriDogadjajiID, PartnerID, DogadjajID, Cijena) values (375, 12, 345, 363.43);
insert into PartneriDogadjaji (PartneriDogadjajiID, PartnerID, DogadjajID, Cijena) values (376, 28, 162, 162.15);
insert into PartneriDogadjaji (PartneriDogadjajiID, PartnerID, DogadjajID, Cijena) values (377, 22, 149, 436.24);
insert into PartneriDogadjaji (PartneriDogadjajiID, PartnerID, DogadjajID, Cijena) values (378, 42, 591, 63.83);
insert into PartneriDogadjaji (PartneriDogadjajiID, PartnerID, DogadjajID, Cijena) values (379, 47, 235, 495.79);
insert into PartneriDogadjaji (PartneriDogadjajiID, PartnerID, DogadjajID, Cijena) values (380, 96, 336, 457.72);
insert into PartneriDogadjaji (PartneriDogadjajiID, PartnerID, DogadjajID, Cijena) values (381, 34, 467, 499.13);
insert into PartneriDogadjaji (PartneriDogadjajiID, PartnerID, DogadjajID, Cijena) values (382, 75, 303, 356.03);
insert into PartneriDogadjaji (PartneriDogadjajiID, PartnerID, DogadjajID, Cijena) values (383, 62, 218, 165.62);
insert into PartneriDogadjaji (PartneriDogadjajiID, PartnerID, DogadjajID, Cijena) values (384, 46, 519, 93.46);
insert into PartneriDogadjaji (PartneriDogadjajiID, PartnerID, DogadjajID, Cijena) values (385, 61, 190, 195.42);
insert into PartneriDogadjaji (PartneriDogadjajiID, PartnerID, DogadjajID, Cijena) values (386, 18, 283, 197.93);
insert into PartneriDogadjaji (PartneriDogadjajiID, PartnerID, DogadjajID, Cijena) values (387, 79, 653, 425.93);
insert into PartneriDogadjaji (PartneriDogadjajiID, PartnerID, DogadjajID, Cijena) values (388, 100, 121, 289.11);
insert into PartneriDogadjaji (PartneriDogadjajiID, PartnerID, DogadjajID, Cijena) values (389, 50, 201, 396.82);
insert into PartneriDogadjaji (PartneriDogadjajiID, PartnerID, DogadjajID, Cijena) values (390, 36, 287, 302.11);
insert into PartneriDogadjaji (PartneriDogadjajiID, PartnerID, DogadjajID, Cijena) values (391, 5, 243, 428.39);
insert into PartneriDogadjaji (PartneriDogadjajiID, PartnerID, DogadjajID, Cijena) values (392, 18, 324, 72.45);
insert into PartneriDogadjaji (PartneriDogadjajiID, PartnerID, DogadjajID, Cijena) values (393, 71, 617, 86.71);
insert into PartneriDogadjaji (PartneriDogadjajiID, PartnerID, DogadjajID, Cijena) values (394, 50, 209, 56.98);
insert into PartneriDogadjaji (PartneriDogadjajiID, PartnerID, DogadjajID, Cijena) values (395, 53, 563, 330.86);
insert into PartneriDogadjaji (PartneriDogadjajiID, PartnerID, DogadjajID, Cijena) values (396, 96, 60, 341.29);
insert into PartneriDogadjaji (PartneriDogadjajiID, PartnerID, DogadjajID, Cijena) values (397, 33, 258, 124.87);
insert into PartneriDogadjaji (PartneriDogadjajiID, PartnerID, DogadjajID, Cijena) values (398, 93, 272, 335.55);
insert into PartneriDogadjaji (PartneriDogadjajiID, PartnerID, DogadjajID, Cijena) values (399, 72, 27, 73.49);
insert into PartneriDogadjaji (PartneriDogadjajiID, PartnerID, DogadjajID, Cijena) values (400, 100, 465, 85.35);
insert into PartneriDogadjaji (PartneriDogadjajiID, PartnerID, DogadjajID, Cijena) values (401, 66, 151, 384.26);
insert into PartneriDogadjaji (PartneriDogadjajiID, PartnerID, DogadjajID, Cijena) values (402, 15, 100, 160.86);
insert into PartneriDogadjaji (PartneriDogadjajiID, PartnerID, DogadjajID, Cijena) values (403, 11, 393, 424.49);
insert into PartneriDogadjaji (PartneriDogadjajiID, PartnerID, DogadjajID, Cijena) values (404, 20, 6, 202.74);
insert into PartneriDogadjaji (PartneriDogadjajiID, PartnerID, DogadjajID, Cijena) values (405, 67, 203, 245.68);
insert into PartneriDogadjaji (PartneriDogadjajiID, PartnerID, DogadjajID, Cijena) values (406, 93, 341, 416.25);
insert into PartneriDogadjaji (PartneriDogadjajiID, PartnerID, DogadjajID, Cijena) values (407, 86, 683, 273.58);
insert into PartneriDogadjaji (PartneriDogadjajiID, PartnerID, DogadjajID, Cijena) values (408, 89, 555, 117.19);
insert into PartneriDogadjaji (PartneriDogadjajiID, PartnerID, DogadjajID, Cijena) values (409, 90, 213, 470.58);
insert into PartneriDogadjaji (PartneriDogadjajiID, PartnerID, DogadjajID, Cijena) values (410, 48, 154, 170.58);
insert into PartneriDogadjaji (PartneriDogadjajiID, PartnerID, DogadjajID, Cijena) values (411, 39, 660, 384.11);
insert into PartneriDogadjaji (PartneriDogadjajiID, PartnerID, DogadjajID, Cijena) values (412, 23, 164, 373.62);
insert into PartneriDogadjaji (PartneriDogadjajiID, PartnerID, DogadjajID, Cijena) values (413, 53, 654, 445.93);
insert into PartneriDogadjaji (PartneriDogadjajiID, PartnerID, DogadjajID, Cijena) values (414, 4, 591, 244.47);
insert into PartneriDogadjaji (PartneriDogadjajiID, PartnerID, DogadjajID, Cijena) values (415, 22, 166, 411.64);
insert into PartneriDogadjaji (PartneriDogadjajiID, PartnerID, DogadjajID, Cijena) values (416, 43, 131, 362.62);
insert into PartneriDogadjaji (PartneriDogadjajiID, PartnerID, DogadjajID, Cijena) values (417, 56, 545, 247.38);
insert into PartneriDogadjaji (PartneriDogadjajiID, PartnerID, DogadjajID, Cijena) values (418, 37, 309, 263.83);
insert into PartneriDogadjaji (PartneriDogadjajiID, PartnerID, DogadjajID, Cijena) values (419, 8, 525, 226.05);
insert into PartneriDogadjaji (PartneriDogadjajiID, PartnerID, DogadjajID, Cijena) values (420, 29, 89, 180.11);
insert into PartneriDogadjaji (PartneriDogadjajiID, PartnerID, DogadjajID, Cijena) values (421, 48, 494, 120.78);
insert into PartneriDogadjaji (PartneriDogadjajiID, PartnerID, DogadjajID, Cijena) values (422, 75, 528, 472.2);
insert into PartneriDogadjaji (PartneriDogadjajiID, PartnerID, DogadjajID, Cijena) values (423, 37, 24, 50.62);
insert into PartneriDogadjaji (PartneriDogadjajiID, PartnerID, DogadjajID, Cijena) values (424, 46, 619, 139.24);
insert into PartneriDogadjaji (PartneriDogadjajiID, PartnerID, DogadjajID, Cijena) values (425, 78, 425, 243.93);
insert into PartneriDogadjaji (PartneriDogadjajiID, PartnerID, DogadjajID, Cijena) values (426, 52, 204, 204.03);
insert into PartneriDogadjaji (PartneriDogadjajiID, PartnerID, DogadjajID, Cijena) values (427, 13, 528, 194.02);
insert into PartneriDogadjaji (PartneriDogadjajiID, PartnerID, DogadjajID, Cijena) values (428, 99, 260, 51.45);
insert into PartneriDogadjaji (PartneriDogadjajiID, PartnerID, DogadjajID, Cijena) values (429, 56, 597, 84.49);
insert into PartneriDogadjaji (PartneriDogadjajiID, PartnerID, DogadjajID, Cijena) values (430, 28, 138, 286.02);
insert into PartneriDogadjaji (PartneriDogadjajiID, PartnerID, DogadjajID, Cijena) values (431, 68, 5, 277.75);
insert into PartneriDogadjaji (PartneriDogadjajiID, PartnerID, DogadjajID, Cijena) values (432, 37, 348, 346.08);
insert into PartneriDogadjaji (PartneriDogadjajiID, PartnerID, DogadjajID, Cijena) values (433, 26, 643, 490.86);
insert into PartneriDogadjaji (PartneriDogadjajiID, PartnerID, DogadjajID, Cijena) values (434, 61, 22, 445.07);
insert into PartneriDogadjaji (PartneriDogadjajiID, PartnerID, DogadjajID, Cijena) values (435, 73, 548, 441.73);
insert into PartneriDogadjaji (PartneriDogadjajiID, PartnerID, DogadjajID, Cijena) values (436, 70, 694, 285.14);
insert into PartneriDogadjaji (PartneriDogadjajiID, PartnerID, DogadjajID, Cijena) values (437, 32, 384, 178.13);
insert into PartneriDogadjaji (PartneriDogadjajiID, PartnerID, DogadjajID, Cijena) values (438, 61, 127, 339.22);
insert into PartneriDogadjaji (PartneriDogadjajiID, PartnerID, DogadjajID, Cijena) values (439, 64, 229, 356.08);
insert into PartneriDogadjaji (PartneriDogadjajiID, PartnerID, DogadjajID, Cijena) values (440, 13, 49, 233.01);
insert into PartneriDogadjaji (PartneriDogadjajiID, PartnerID, DogadjajID, Cijena) values (441, 3, 52, 193.17);
insert into PartneriDogadjaji (PartneriDogadjajiID, PartnerID, DogadjajID, Cijena) values (442, 46, 271, 212.32);
insert into PartneriDogadjaji (PartneriDogadjajiID, PartnerID, DogadjajID, Cijena) values (443, 48, 628, 350.06);
insert into PartneriDogadjaji (PartneriDogadjajiID, PartnerID, DogadjajID, Cijena) values (444, 21, 655, 471.39);
insert into PartneriDogadjaji (PartneriDogadjajiID, PartnerID, DogadjajID, Cijena) values (445, 70, 291, 340.26);
insert into PartneriDogadjaji (PartneriDogadjajiID, PartnerID, DogadjajID, Cijena) values (446, 13, 17, 239.15);
insert into PartneriDogadjaji (PartneriDogadjajiID, PartnerID, DogadjajID, Cijena) values (447, 5, 649, 150.88);
insert into PartneriDogadjaji (PartneriDogadjajiID, PartnerID, DogadjajID, Cijena) values (448, 5, 279, 73.84);
insert into PartneriDogadjaji (PartneriDogadjajiID, PartnerID, DogadjajID, Cijena) values (449, 10, 361, 132.63);
insert into PartneriDogadjaji (PartneriDogadjajiID, PartnerID, DogadjajID, Cijena) values (450, 18, 451, 96.68);
insert into PartneriDogadjaji (PartneriDogadjajiID, PartnerID, DogadjajID, Cijena) values (451, 46, 223, 330.25);
insert into PartneriDogadjaji (PartneriDogadjajiID, PartnerID, DogadjajID, Cijena) values (452, 58, 359, 60.22);
insert into PartneriDogadjaji (PartneriDogadjajiID, PartnerID, DogadjajID, Cijena) values (453, 37, 529, 192.6);
insert into PartneriDogadjaji (PartneriDogadjajiID, PartnerID, DogadjajID, Cijena) values (454, 70, 637, 400.71);
insert into PartneriDogadjaji (PartneriDogadjajiID, PartnerID, DogadjajID, Cijena) values (455, 5, 261, 295.14);
insert into PartneriDogadjaji (PartneriDogadjajiID, PartnerID, DogadjajID, Cijena) values (456, 63, 650, 468.28);
insert into PartneriDogadjaji (PartneriDogadjajiID, PartnerID, DogadjajID, Cijena) values (457, 54, 634, 495.09);
insert into PartneriDogadjaji (PartneriDogadjajiID, PartnerID, DogadjajID, Cijena) values (458, 76, 591, 163.85);
insert into PartneriDogadjaji (PartneriDogadjajiID, PartnerID, DogadjajID, Cijena) values (459, 62, 472, 68.9);
insert into PartneriDogadjaji (PartneriDogadjajiID, PartnerID, DogadjajID, Cijena) values (460, 26, 654, 107.4);
insert into PartneriDogadjaji (PartneriDogadjajiID, PartnerID, DogadjajID, Cijena) values (461, 89, 44, 296.88);
insert into PartneriDogadjaji (PartneriDogadjajiID, PartnerID, DogadjajID, Cijena) values (462, 94, 446, 109.07);
insert into PartneriDogadjaji (PartneriDogadjajiID, PartnerID, DogadjajID, Cijena) values (463, 67, 534, 208.61);
insert into PartneriDogadjaji (PartneriDogadjajiID, PartnerID, DogadjajID, Cijena) values (464, 25, 116, 281.15);
insert into PartneriDogadjaji (PartneriDogadjajiID, PartnerID, DogadjajID, Cijena) values (465, 44, 80, 97.31);
insert into PartneriDogadjaji (PartneriDogadjajiID, PartnerID, DogadjajID, Cijena) values (466, 38, 456, 402.85);
insert into PartneriDogadjaji (PartneriDogadjajiID, PartnerID, DogadjajID, Cijena) values (467, 55, 186, 69.0);
insert into PartneriDogadjaji (PartneriDogadjajiID, PartnerID, DogadjajID, Cijena) values (468, 91, 646, 233.69);
insert into PartneriDogadjaji (PartneriDogadjajiID, PartnerID, DogadjajID, Cijena) values (469, 82, 97, 473.6);
insert into PartneriDogadjaji (PartneriDogadjajiID, PartnerID, DogadjajID, Cijena) values (470, 66, 287, 385.2);
insert into PartneriDogadjaji (PartneriDogadjajiID, PartnerID, DogadjajID, Cijena) values (471, 43, 212, 150.28);
insert into PartneriDogadjaji (PartneriDogadjajiID, PartnerID, DogadjajID, Cijena) values (472, 91, 411, 218.59);
insert into PartneriDogadjaji (PartneriDogadjajiID, PartnerID, DogadjajID, Cijena) values (473, 42, 325, 155.91);
insert into PartneriDogadjaji (PartneriDogadjajiID, PartnerID, DogadjajID, Cijena) values (474, 58, 552, 345.03);
insert into PartneriDogadjaji (PartneriDogadjajiID, PartnerID, DogadjajID, Cijena) values (475, 78, 527, 423.01);
insert into PartneriDogadjaji (PartneriDogadjajiID, PartnerID, DogadjajID, Cijena) values (476, 73, 347, 343.09);
insert into PartneriDogadjaji (PartneriDogadjajiID, PartnerID, DogadjajID, Cijena) values (477, 1, 112, 456.17);
insert into PartneriDogadjaji (PartneriDogadjajiID, PartnerID, DogadjajID, Cijena) values (478, 20, 432, 125.61);
insert into PartneriDogadjaji (PartneriDogadjajiID, PartnerID, DogadjajID, Cijena) values (479, 78, 284, 129.57);
insert into PartneriDogadjaji (PartneriDogadjajiID, PartnerID, DogadjajID, Cijena) values (480, 98, 217, 51.85);
insert into PartneriDogadjaji (PartneriDogadjajiID, PartnerID, DogadjajID, Cijena) values (481, 12, 654, 305.93);
insert into PartneriDogadjaji (PartneriDogadjajiID, PartnerID, DogadjajID, Cijena) values (482, 31, 369, 482.66);
insert into PartneriDogadjaji (PartneriDogadjajiID, PartnerID, DogadjajID, Cijena) values (483, 95, 471, 337.02);
insert into PartneriDogadjaji (PartneriDogadjajiID, PartnerID, DogadjajID, Cijena) values (484, 93, 231, 225.43);
insert into PartneriDogadjaji (PartneriDogadjajiID, PartnerID, DogadjajID, Cijena) values (485, 87, 492, 350.73);
insert into PartneriDogadjaji (PartneriDogadjajiID, PartnerID, DogadjajID, Cijena) values (486, 35, 457, 230.9);
insert into PartneriDogadjaji (PartneriDogadjajiID, PartnerID, DogadjajID, Cijena) values (487, 62, 496, 327.64);
insert into PartneriDogadjaji (PartneriDogadjajiID, PartnerID, DogadjajID, Cijena) values (488, 66, 308, 430.14);
insert into PartneriDogadjaji (PartneriDogadjajiID, PartnerID, DogadjajID, Cijena) values (489, 74, 11, 141.74);
insert into PartneriDogadjaji (PartneriDogadjajiID, PartnerID, DogadjajID, Cijena) values (490, 16, 110, 415.33);
insert into PartneriDogadjaji (PartneriDogadjajiID, PartnerID, DogadjajID, Cijena) values (491, 36, 115, 69.99);
insert into PartneriDogadjaji (PartneriDogadjajiID, PartnerID, DogadjajID, Cijena) values (492, 96, 9, 443.44);
insert into PartneriDogadjaji (PartneriDogadjajiID, PartnerID, DogadjajID, Cijena) values (493, 56, 567, 462.23);
insert into PartneriDogadjaji (PartneriDogadjajiID, PartnerID, DogadjajID, Cijena) values (494, 93, 615, 333.94);
insert into PartneriDogadjaji (PartneriDogadjajiID, PartnerID, DogadjajID, Cijena) values (495, 81, 363, 417.56);
insert into PartneriDogadjaji (PartneriDogadjajiID, PartnerID, DogadjajID, Cijena) values (496, 92, 351, 214.31);
insert into PartneriDogadjaji (PartneriDogadjajiID, PartnerID, DogadjajID, Cijena) values (497, 60, 173, 387.89);
insert into PartneriDogadjaji (PartneriDogadjajiID, PartnerID, DogadjajID, Cijena) values (498, 80, 156, 200.58);
insert into PartneriDogadjaji (PartneriDogadjajiID, PartnerID, DogadjajID, Cijena) values (499, 35, 625, 378.61);
insert into PartneriDogadjaji (PartneriDogadjajiID, PartnerID, DogadjajID, Cijena) values (500, 89, 472, 497.73);
insert into PartneriDogadjaji (PartneriDogadjajiID, PartnerID, DogadjajID, Cijena) values (501, 53, 367, 113.69);
insert into PartneriDogadjaji (PartneriDogadjajiID, PartnerID, DogadjajID, Cijena) values (502, 55, 639, 438.83);
insert into PartneriDogadjaji (PartneriDogadjajiID, PartnerID, DogadjajID, Cijena) values (503, 52, 238, 123.77);
insert into PartneriDogadjaji (PartneriDogadjajiID, PartnerID, DogadjajID, Cijena) values (504, 77, 319, 158.48);
insert into PartneriDogadjaji (PartneriDogadjajiID, PartnerID, DogadjajID, Cijena) values (505, 19, 163, 86.26);
insert into PartneriDogadjaji (PartneriDogadjajiID, PartnerID, DogadjajID, Cijena) values (506, 62, 135, 177.48);
insert into PartneriDogadjaji (PartneriDogadjajiID, PartnerID, DogadjajID, Cijena) values (507, 15, 220, 423.38);
insert into PartneriDogadjaji (PartneriDogadjajiID, PartnerID, DogadjajID, Cijena) values (508, 21, 224, 399.87);
insert into PartneriDogadjaji (PartneriDogadjajiID, PartnerID, DogadjajID, Cijena) values (509, 79, 305, 423.43);
insert into PartneriDogadjaji (PartneriDogadjajiID, PartnerID, DogadjajID, Cijena) values (510, 74, 617, 336.28);
insert into PartneriDogadjaji (PartneriDogadjajiID, PartnerID, DogadjajID, Cijena) values (511, 20, 93, 124.8);
insert into PartneriDogadjaji (PartneriDogadjajiID, PartnerID, DogadjajID, Cijena) values (512, 72, 143, 93.41);
insert into PartneriDogadjaji (PartneriDogadjajiID, PartnerID, DogadjajID, Cijena) values (513, 18, 132, 288.79);
insert into PartneriDogadjaji (PartneriDogadjajiID, PartnerID, DogadjajID, Cijena) values (514, 35, 151, 270.46);
insert into PartneriDogadjaji (PartneriDogadjajiID, PartnerID, DogadjajID, Cijena) values (515, 30, 520, 216.3);
insert into PartneriDogadjaji (PartneriDogadjajiID, PartnerID, DogadjajID, Cijena) values (516, 96, 80, 214.34);
insert into PartneriDogadjaji (PartneriDogadjajiID, PartnerID, DogadjajID, Cijena) values (517, 52, 556, 330.92);
insert into PartneriDogadjaji (PartneriDogadjajiID, PartnerID, DogadjajID, Cijena) values (518, 33, 488, 383.25);
insert into PartneriDogadjaji (PartneriDogadjajiID, PartnerID, DogadjajID, Cijena) values (519, 67, 108, 463.72);
insert into PartneriDogadjaji (PartneriDogadjajiID, PartnerID, DogadjajID, Cijena) values (520, 68, 366, 295.02);
insert into PartneriDogadjaji (PartneriDogadjajiID, PartnerID, DogadjajID, Cijena) values (521, 48, 88, 72.33);
insert into PartneriDogadjaji (PartneriDogadjajiID, PartnerID, DogadjajID, Cijena) values (522, 31, 591, 237.18);
insert into PartneriDogadjaji (PartneriDogadjajiID, PartnerID, DogadjajID, Cijena) values (523, 94, 237, 161.22);
insert into PartneriDogadjaji (PartneriDogadjajiID, PartnerID, DogadjajID, Cijena) values (524, 51, 607, 318.08);
insert into PartneriDogadjaji (PartneriDogadjajiID, PartnerID, DogadjajID, Cijena) values (525, 70, 401, 231.68);
insert into PartneriDogadjaji (PartneriDogadjajiID, PartnerID, DogadjajID, Cijena) values (526, 9, 192, 341.39);
insert into PartneriDogadjaji (PartneriDogadjajiID, PartnerID, DogadjajID, Cijena) values (527, 54, 645, 406.69);
insert into PartneriDogadjaji (PartneriDogadjajiID, PartnerID, DogadjajID, Cijena) values (528, 37, 234, 375.56);
insert into PartneriDogadjaji (PartneriDogadjajiID, PartnerID, DogadjajID, Cijena) values (529, 64, 488, 52.59);
insert into PartneriDogadjaji (PartneriDogadjajiID, PartnerID, DogadjajID, Cijena) values (530, 61, 537, 420.3);
insert into PartneriDogadjaji (PartneriDogadjajiID, PartnerID, DogadjajID, Cijena) values (531, 83, 454, 485.7);
insert into PartneriDogadjaji (PartneriDogadjajiID, PartnerID, DogadjajID, Cijena) values (532, 84, 259, 173.0);
insert into PartneriDogadjaji (PartneriDogadjajiID, PartnerID, DogadjajID, Cijena) values (533, 32, 259, 133.3);
insert into PartneriDogadjaji (PartneriDogadjajiID, PartnerID, DogadjajID, Cijena) values (534, 100, 394, 64.28);
insert into PartneriDogadjaji (PartneriDogadjajiID, PartnerID, DogadjajID, Cijena) values (535, 67, 321, 203.27);
insert into PartneriDogadjaji (PartneriDogadjajiID, PartnerID, DogadjajID, Cijena) values (536, 31, 38, 126.25);
insert into PartneriDogadjaji (PartneriDogadjajiID, PartnerID, DogadjajID, Cijena) values (537, 5, 309, 420.78);
insert into PartneriDogadjaji (PartneriDogadjajiID, PartnerID, DogadjajID, Cijena) values (538, 62, 629, 94.57);
insert into PartneriDogadjaji (PartneriDogadjajiID, PartnerID, DogadjajID, Cijena) values (539, 47, 321, 480.43);
insert into PartneriDogadjaji (PartneriDogadjajiID, PartnerID, DogadjajID, Cijena) values (540, 62, 10, 394.44);
insert into PartneriDogadjaji (PartneriDogadjajiID, PartnerID, DogadjajID, Cijena) values (541, 69, 365, 255.96);
insert into PartneriDogadjaji (PartneriDogadjajiID, PartnerID, DogadjajID, Cijena) values (542, 15, 619, 220.1);
insert into PartneriDogadjaji (PartneriDogadjajiID, PartnerID, DogadjajID, Cijena) values (543, 90, 202, 75.53);
insert into PartneriDogadjaji (PartneriDogadjajiID, PartnerID, DogadjajID, Cijena) values (544, 51, 387, 108.95);
insert into PartneriDogadjaji (PartneriDogadjajiID, PartnerID, DogadjajID, Cijena) values (545, 95, 680, 276.73);
insert into PartneriDogadjaji (PartneriDogadjajiID, PartnerID, DogadjajID, Cijena) values (546, 99, 517, 196.55);
insert into PartneriDogadjaji (PartneriDogadjajiID, PartnerID, DogadjajID, Cijena) values (547, 54, 623, 115.47);
insert into PartneriDogadjaji (PartneriDogadjajiID, PartnerID, DogadjajID, Cijena) values (548, 21, 27, 89.88);
insert into PartneriDogadjaji (PartneriDogadjajiID, PartnerID, DogadjajID, Cijena) values (549, 40, 643, 485.9);
insert into PartneriDogadjaji (PartneriDogadjajiID, PartnerID, DogadjajID, Cijena) values (550, 54, 535, 317.62);
insert into PartneriDogadjaji (PartneriDogadjajiID, PartnerID, DogadjajID, Cijena) values (551, 88, 423, 129.75);
insert into PartneriDogadjaji (PartneriDogadjajiID, PartnerID, DogadjajID, Cijena) values (552, 58, 634, 343.31);
insert into PartneriDogadjaji (PartneriDogadjajiID, PartnerID, DogadjajID, Cijena) values (553, 32, 3, 384.62);
insert into PartneriDogadjaji (PartneriDogadjajiID, PartnerID, DogadjajID, Cijena) values (554, 98, 529, 295.01);
insert into PartneriDogadjaji (PartneriDogadjajiID, PartnerID, DogadjajID, Cijena) values (555, 52, 68, 379.39);
insert into PartneriDogadjaji (PartneriDogadjajiID, PartnerID, DogadjajID, Cijena) values (556, 8, 431, 337.13);
insert into PartneriDogadjaji (PartneriDogadjajiID, PartnerID, DogadjajID, Cijena) values (557, 77, 253, 337.7);
insert into PartneriDogadjaji (PartneriDogadjajiID, PartnerID, DogadjajID, Cijena) values (558, 80, 185, 478.05);
insert into PartneriDogadjaji (PartneriDogadjajiID, PartnerID, DogadjajID, Cijena) values (559, 23, 150, 360.65);
insert into PartneriDogadjaji (PartneriDogadjajiID, PartnerID, DogadjajID, Cijena) values (560, 70, 261, 381.53);
insert into PartneriDogadjaji (PartneriDogadjajiID, PartnerID, DogadjajID, Cijena) values (561, 28, 516, 62.29);
insert into PartneriDogadjaji (PartneriDogadjajiID, PartnerID, DogadjajID, Cijena) values (562, 32, 531, 398.79);
insert into PartneriDogadjaji (PartneriDogadjajiID, PartnerID, DogadjajID, Cijena) values (563, 88, 90, 325.25);
insert into PartneriDogadjaji (PartneriDogadjajiID, PartnerID, DogadjajID, Cijena) values (564, 35, 43, 294.26);
insert into PartneriDogadjaji (PartneriDogadjajiID, PartnerID, DogadjajID, Cijena) values (565, 79, 35, 318.82);
insert into PartneriDogadjaji (PartneriDogadjajiID, PartnerID, DogadjajID, Cijena) values (566, 77, 475, 314.73);
insert into PartneriDogadjaji (PartneriDogadjajiID, PartnerID, DogadjajID, Cijena) values (567, 39, 271, 221.22);
insert into PartneriDogadjaji (PartneriDogadjajiID, PartnerID, DogadjajID, Cijena) values (568, 56, 643, 499.46);
insert into PartneriDogadjaji (PartneriDogadjajiID, PartnerID, DogadjajID, Cijena) values (569, 61, 285, 371.06);
insert into PartneriDogadjaji (PartneriDogadjajiID, PartnerID, DogadjajID, Cijena) values (570, 41, 564, 244.93);
insert into PartneriDogadjaji (PartneriDogadjajiID, PartnerID, DogadjajID, Cijena) values (571, 40, 90, 461.91);
insert into PartneriDogadjaji (PartneriDogadjajiID, PartnerID, DogadjajID, Cijena) values (572, 48, 19, 374.99);
insert into PartneriDogadjaji (PartneriDogadjajiID, PartnerID, DogadjajID, Cijena) values (573, 70, 352, 411.15);
insert into PartneriDogadjaji (PartneriDogadjajiID, PartnerID, DogadjajID, Cijena) values (574, 20, 279, 297.07);
insert into PartneriDogadjaji (PartneriDogadjajiID, PartnerID, DogadjajID, Cijena) values (575, 46, 277, 423.7);
insert into PartneriDogadjaji (PartneriDogadjajiID, PartnerID, DogadjajID, Cijena) values (576, 99, 146, 85.83);
insert into PartneriDogadjaji (PartneriDogadjajiID, PartnerID, DogadjajID, Cijena) values (577, 81, 414, 452.73);
insert into PartneriDogadjaji (PartneriDogadjajiID, PartnerID, DogadjajID, Cijena) values (578, 59, 26, 50.09);
insert into PartneriDogadjaji (PartneriDogadjajiID, PartnerID, DogadjajID, Cijena) values (579, 32, 130, 134.74);
insert into PartneriDogadjaji (PartneriDogadjajiID, PartnerID, DogadjajID, Cijena) values (580, 73, 465, 334.84);
insert into PartneriDogadjaji (PartneriDogadjajiID, PartnerID, DogadjajID, Cijena) values (581, 35, 524, 99.64);
insert into PartneriDogadjaji (PartneriDogadjajiID, PartnerID, DogadjajID, Cijena) values (582, 39, 533, 79.72);
insert into PartneriDogadjaji (PartneriDogadjajiID, PartnerID, DogadjajID, Cijena) values (583, 69, 638, 87.51);
insert into PartneriDogadjaji (PartneriDogadjajiID, PartnerID, DogadjajID, Cijena) values (584, 16, 74, 60.65);
insert into PartneriDogadjaji (PartneriDogadjajiID, PartnerID, DogadjajID, Cijena) values (585, 88, 319, 100.54);
insert into PartneriDogadjaji (PartneriDogadjajiID, PartnerID, DogadjajID, Cijena) values (586, 31, 471, 289.51);
insert into PartneriDogadjaji (PartneriDogadjajiID, PartnerID, DogadjajID, Cijena) values (587, 26, 584, 333.34);
insert into PartneriDogadjaji (PartneriDogadjajiID, PartnerID, DogadjajID, Cijena) values (588, 77, 138, 219.88);
insert into PartneriDogadjaji (PartneriDogadjajiID, PartnerID, DogadjajID, Cijena) values (589, 32, 261, 219.42);
insert into PartneriDogadjaji (PartneriDogadjajiID, PartnerID, DogadjajID, Cijena) values (590, 73, 538, 457.19);
insert into PartneriDogadjaji (PartneriDogadjajiID, PartnerID, DogadjajID, Cijena) values (591, 87, 446, 120.26);
insert into PartneriDogadjaji (PartneriDogadjajiID, PartnerID, DogadjajID, Cijena) values (592, 30, 650, 97.06);
insert into PartneriDogadjaji (PartneriDogadjajiID, PartnerID, DogadjajID, Cijena) values (593, 9, 302, 282.84);
insert into PartneriDogadjaji (PartneriDogadjajiID, PartnerID, DogadjajID, Cijena) values (594, 81, 181, 240.14);
insert into PartneriDogadjaji (PartneriDogadjajiID, PartnerID, DogadjajID, Cijena) values (595, 77, 533, 284.21);
insert into PartneriDogadjaji (PartneriDogadjajiID, PartnerID, DogadjajID, Cijena) values (596, 89, 296, 208.1);
insert into PartneriDogadjaji (PartneriDogadjajiID, PartnerID, DogadjajID, Cijena) values (597, 16, 572, 484.8);
insert into PartneriDogadjaji (PartneriDogadjajiID, PartnerID, DogadjajID, Cijena) values (598, 82, 387, 435.16);
insert into PartneriDogadjaji (PartneriDogadjajiID, PartnerID, DogadjajID, Cijena) values (599, 93, 375, 329.95);
insert into PartneriDogadjaji (PartneriDogadjajiID, PartnerID, DogadjajID, Cijena) values (600, 93, 207, 417.36);
insert into PartneriDogadjaji (PartneriDogadjajiID, PartnerID, DogadjajID, Cijena) values (601, 39, 108, 169.58);
insert into PartneriDogadjaji (PartneriDogadjajiID, PartnerID, DogadjajID, Cijena) values (602, 86, 326, 387.24);
insert into PartneriDogadjaji (PartneriDogadjajiID, PartnerID, DogadjajID, Cijena) values (603, 68, 99, 373.69);
insert into PartneriDogadjaji (PartneriDogadjajiID, PartnerID, DogadjajID, Cijena) values (604, 22, 309, 464.33);
insert into PartneriDogadjaji (PartneriDogadjajiID, PartnerID, DogadjajID, Cijena) values (605, 70, 524, 294.34);
insert into PartneriDogadjaji (PartneriDogadjajiID, PartnerID, DogadjajID, Cijena) values (606, 20, 663, 180.51);
insert into PartneriDogadjaji (PartneriDogadjajiID, PartnerID, DogadjajID, Cijena) values (607, 9, 195, 171.23);
insert into PartneriDogadjaji (PartneriDogadjajiID, PartnerID, DogadjajID, Cijena) values (608, 70, 27, 414.79);
insert into PartneriDogadjaji (PartneriDogadjajiID, PartnerID, DogadjajID, Cijena) values (609, 91, 18, 288.16);
insert into PartneriDogadjaji (PartneriDogadjajiID, PartnerID, DogadjajID, Cijena) values (610, 8, 634, 274.32);
insert into PartneriDogadjaji (PartneriDogadjajiID, PartnerID, DogadjajID, Cijena) values (611, 66, 345, 79.29);
insert into PartneriDogadjaji (PartneriDogadjajiID, PartnerID, DogadjajID, Cijena) values (612, 75, 380, 259.27);
insert into PartneriDogadjaji (PartneriDogadjajiID, PartnerID, DogadjajID, Cijena) values (613, 86, 234, 448.02);
insert into PartneriDogadjaji (PartneriDogadjajiID, PartnerID, DogadjajID, Cijena) values (614, 19, 303, 334.28);
insert into PartneriDogadjaji (PartneriDogadjajiID, PartnerID, DogadjajID, Cijena) values (615, 8, 490, 237.85);
insert into PartneriDogadjaji (PartneriDogadjajiID, PartnerID, DogadjajID, Cijena) values (616, 74, 331, 62.21);
insert into PartneriDogadjaji (PartneriDogadjajiID, PartnerID, DogadjajID, Cijena) values (617, 36, 188, 390.94);
insert into PartneriDogadjaji (PartneriDogadjajiID, PartnerID, DogadjajID, Cijena) values (618, 31, 432, 69.47);
insert into PartneriDogadjaji (PartneriDogadjajiID, PartnerID, DogadjajID, Cijena) values (619, 74, 164, 288.79);
insert into PartneriDogadjaji (PartneriDogadjajiID, PartnerID, DogadjajID, Cijena) values (620, 75, 188, 362.45);
insert into PartneriDogadjaji (PartneriDogadjajiID, PartnerID, DogadjajID, Cijena) values (621, 64, 239, 140.1);
insert into PartneriDogadjaji (PartneriDogadjajiID, PartnerID, DogadjajID, Cijena) values (622, 21, 577, 384.05);
insert into PartneriDogadjaji (PartneriDogadjajiID, PartnerID, DogadjajID, Cijena) values (623, 91, 516, 448.58);
insert into PartneriDogadjaji (PartneriDogadjajiID, PartnerID, DogadjajID, Cijena) values (624, 98, 399, 385.59);
insert into PartneriDogadjaji (PartneriDogadjajiID, PartnerID, DogadjajID, Cijena) values (625, 100, 690, 462.31);
insert into PartneriDogadjaji (PartneriDogadjajiID, PartnerID, DogadjajID, Cijena) values (626, 59, 21, 207.56);
insert into PartneriDogadjaji (PartneriDogadjajiID, PartnerID, DogadjajID, Cijena) values (627, 10, 130, 374.35);
insert into PartneriDogadjaji (PartneriDogadjajiID, PartnerID, DogadjajID, Cijena) values (628, 60, 443, 462.16);
insert into PartneriDogadjaji (PartneriDogadjajiID, PartnerID, DogadjajID, Cijena) values (629, 43, 603, 363.42);
insert into PartneriDogadjaji (PartneriDogadjajiID, PartnerID, DogadjajID, Cijena) values (630, 81, 411, 55.93);
insert into PartneriDogadjaji (PartneriDogadjajiID, PartnerID, DogadjajID, Cijena) values (631, 61, 243, 258.57);
insert into PartneriDogadjaji (PartneriDogadjajiID, PartnerID, DogadjajID, Cijena) values (632, 90, 579, 366.86);
insert into PartneriDogadjaji (PartneriDogadjajiID, PartnerID, DogadjajID, Cijena) values (633, 88, 123, 307.17);
insert into PartneriDogadjaji (PartneriDogadjajiID, PartnerID, DogadjajID, Cijena) values (634, 69, 443, 402.67);
insert into PartneriDogadjaji (PartneriDogadjajiID, PartnerID, DogadjajID, Cijena) values (635, 81, 48, 331.71);
insert into PartneriDogadjaji (PartneriDogadjajiID, PartnerID, DogadjajID, Cijena) values (636, 31, 426, 55.73);
insert into PartneriDogadjaji (PartneriDogadjajiID, PartnerID, DogadjajID, Cijena) values (637, 49, 289, 234.45);
insert into PartneriDogadjaji (PartneriDogadjajiID, PartnerID, DogadjajID, Cijena) values (638, 87, 229, 298.71);
insert into PartneriDogadjaji (PartneriDogadjajiID, PartnerID, DogadjajID, Cijena) values (639, 41, 214, 214.13);
insert into PartneriDogadjaji (PartneriDogadjajiID, PartnerID, DogadjajID, Cijena) values (640, 72, 688, 194.69);
insert into PartneriDogadjaji (PartneriDogadjajiID, PartnerID, DogadjajID, Cijena) values (641, 34, 180, 118.17);
insert into PartneriDogadjaji (PartneriDogadjajiID, PartnerID, DogadjajID, Cijena) values (642, 92, 676, 183.22);
insert into PartneriDogadjaji (PartneriDogadjajiID, PartnerID, DogadjajID, Cijena) values (643, 61, 445, 109.04);
insert into PartneriDogadjaji (PartneriDogadjajiID, PartnerID, DogadjajID, Cijena) values (644, 81, 548, 253.19);
insert into PartneriDogadjaji (PartneriDogadjajiID, PartnerID, DogadjajID, Cijena) values (645, 3, 571, 94.44);
insert into PartneriDogadjaji (PartneriDogadjajiID, PartnerID, DogadjajID, Cijena) values (646, 88, 79, 498.05);
insert into PartneriDogadjaji (PartneriDogadjajiID, PartnerID, DogadjajID, Cijena) values (647, 69, 614, 276.43);
insert into PartneriDogadjaji (PartneriDogadjajiID, PartnerID, DogadjajID, Cijena) values (648, 95, 172, 225.04);
insert into PartneriDogadjaji (PartneriDogadjajiID, PartnerID, DogadjajID, Cijena) values (649, 98, 48, 287.37);
insert into PartneriDogadjaji (PartneriDogadjajiID, PartnerID, DogadjajID, Cijena) values (650, 99, 480, 87.12);
insert into PartneriDogadjaji (PartneriDogadjajiID, PartnerID, DogadjajID, Cijena) values (651, 29, 629, 114.17);
insert into PartneriDogadjaji (PartneriDogadjajiID, PartnerID, DogadjajID, Cijena) values (652, 87, 207, 169.35);
insert into PartneriDogadjaji (PartneriDogadjajiID, PartnerID, DogadjajID, Cijena) values (653, 88, 19, 87.68);
insert into PartneriDogadjaji (PartneriDogadjajiID, PartnerID, DogadjajID, Cijena) values (654, 45, 465, 326.53);
insert into PartneriDogadjaji (PartneriDogadjajiID, PartnerID, DogadjajID, Cijena) values (655, 10, 210, 340.47);
insert into PartneriDogadjaji (PartneriDogadjajiID, PartnerID, DogadjajID, Cijena) values (656, 77, 700, 404.0);
insert into PartneriDogadjaji (PartneriDogadjajiID, PartnerID, DogadjajID, Cijena) values (657, 11, 585, 82.9);
insert into PartneriDogadjaji (PartneriDogadjajiID, PartnerID, DogadjajID, Cijena) values (658, 7, 317, 158.24);
insert into PartneriDogadjaji (PartneriDogadjajiID, PartnerID, DogadjajID, Cijena) values (659, 91, 473, 492.36);
insert into PartneriDogadjaji (PartneriDogadjajiID, PartnerID, DogadjajID, Cijena) values (660, 21, 154, 190.56);
insert into PartneriDogadjaji (PartneriDogadjajiID, PartnerID, DogadjajID, Cijena) values (661, 44, 176, 346.88);
insert into PartneriDogadjaji (PartneriDogadjajiID, PartnerID, DogadjajID, Cijena) values (662, 66, 433, 306.69);
insert into PartneriDogadjaji (PartneriDogadjajiID, PartnerID, DogadjajID, Cijena) values (663, 40, 143, 408.54);
insert into PartneriDogadjaji (PartneriDogadjajiID, PartnerID, DogadjajID, Cijena) values (664, 98, 585, 78.37);
insert into PartneriDogadjaji (PartneriDogadjajiID, PartnerID, DogadjajID, Cijena) values (665, 76, 1, 453.26);
insert into PartneriDogadjaji (PartneriDogadjajiID, PartnerID, DogadjajID, Cijena) values (666, 41, 54, 359.89);
insert into PartneriDogadjaji (PartneriDogadjajiID, PartnerID, DogadjajID, Cijena) values (667, 2, 403, 494.88);
insert into PartneriDogadjaji (PartneriDogadjajiID, PartnerID, DogadjajID, Cijena) values (668, 34, 205, 172.58);
insert into PartneriDogadjaji (PartneriDogadjajiID, PartnerID, DogadjajID, Cijena) values (669, 74, 565, 142.09);
insert into PartneriDogadjaji (PartneriDogadjajiID, PartnerID, DogadjajID, Cijena) values (670, 73, 337, 172.56);
insert into PartneriDogadjaji (PartneriDogadjajiID, PartnerID, DogadjajID, Cijena) values (671, 66, 659, 461.29);
insert into PartneriDogadjaji (PartneriDogadjajiID, PartnerID, DogadjajID, Cijena) values (672, 67, 410, 170.89);
insert into PartneriDogadjaji (PartneriDogadjajiID, PartnerID, DogadjajID, Cijena) values (673, 26, 145, 257.78);
insert into PartneriDogadjaji (PartneriDogadjajiID, PartnerID, DogadjajID, Cijena) values (674, 55, 486, 397.45);
insert into PartneriDogadjaji (PartneriDogadjajiID, PartnerID, DogadjajID, Cijena) values (675, 38, 83, 378.58);
insert into PartneriDogadjaji (PartneriDogadjajiID, PartnerID, DogadjajID, Cijena) values (676, 2, 689, 448.13);
insert into PartneriDogadjaji (PartneriDogadjajiID, PartnerID, DogadjajID, Cijena) values (677, 67, 627, 445.49);
insert into PartneriDogadjaji (PartneriDogadjajiID, PartnerID, DogadjajID, Cijena) values (678, 87, 331, 168.9);
insert into PartneriDogadjaji (PartneriDogadjajiID, PartnerID, DogadjajID, Cijena) values (679, 44, 71, 268.49);
insert into PartneriDogadjaji (PartneriDogadjajiID, PartnerID, DogadjajID, Cijena) values (680, 27, 57, 441.81);
insert into PartneriDogadjaji (PartneriDogadjajiID, PartnerID, DogadjajID, Cijena) values (681, 4, 577, 151.38);
insert into PartneriDogadjaji (PartneriDogadjajiID, PartnerID, DogadjajID, Cijena) values (682, 20, 292, 425.66);
insert into PartneriDogadjaji (PartneriDogadjajiID, PartnerID, DogadjajID, Cijena) values (683, 55, 113, 323.65);
insert into PartneriDogadjaji (PartneriDogadjajiID, PartnerID, DogadjajID, Cijena) values (684, 80, 107, 88.68);
insert into PartneriDogadjaji (PartneriDogadjajiID, PartnerID, DogadjajID, Cijena) values (685, 95, 88, 159.76);
insert into PartneriDogadjaji (PartneriDogadjajiID, PartnerID, DogadjajID, Cijena) values (686, 40, 26, 296.23);
insert into PartneriDogadjaji (PartneriDogadjajiID, PartnerID, DogadjajID, Cijena) values (687, 63, 200, 139.09);
insert into PartneriDogadjaji (PartneriDogadjajiID, PartnerID, DogadjajID, Cijena) values (688, 43, 591, 328.38);
insert into PartneriDogadjaji (PartneriDogadjajiID, PartnerID, DogadjajID, Cijena) values (689, 73, 256, 157.56);
insert into PartneriDogadjaji (PartneriDogadjajiID, PartnerID, DogadjajID, Cijena) values (690, 21, 73, 374.77);
insert into PartneriDogadjaji (PartneriDogadjajiID, PartnerID, DogadjajID, Cijena) values (691, 80, 313, 129.6);
insert into PartneriDogadjaji (PartneriDogadjajiID, PartnerID, DogadjajID, Cijena) values (692, 85, 440, 196.34);
insert into PartneriDogadjaji (PartneriDogadjajiID, PartnerID, DogadjajID, Cijena) values (693, 29, 563, 190.11);
insert into PartneriDogadjaji (PartneriDogadjajiID, PartnerID, DogadjajID, Cijena) values (694, 23, 53, 118.82);
insert into PartneriDogadjaji (PartneriDogadjajiID, PartnerID, DogadjajID, Cijena) values (695, 88, 384, 103.41);
insert into PartneriDogadjaji (PartneriDogadjajiID, PartnerID, DogadjajID, Cijena) values (696, 6, 242, 118.77);
insert into PartneriDogadjaji (PartneriDogadjajiID, PartnerID, DogadjajID, Cijena) values (697, 35, 341, 310.79);
insert into PartneriDogadjaji (PartneriDogadjajiID, PartnerID, DogadjajID, Cijena) values (698, 88, 11, 453.4);
insert into PartneriDogadjaji (PartneriDogadjajiID, PartnerID, DogadjajID, Cijena) values (699, 71, 204, 124.76);
insert into PartneriDogadjaji (PartneriDogadjajiID, PartnerID, DogadjajID, Cijena) values (700, 1, 690, 423.62);

insert into Poslovnica (PoslovnicaID, BrojTelefona, Email, GradID, Adresa, Naziv) values (1, '514-199-9185', 'rcapner0@prweb.com', 12, '77 Banding Park', 'Zontrax');
insert into Poslovnica (PoslovnicaID, BrojTelefona, Email, GradID, Adresa, Naziv) values (2, '842-221-1929', 'kearie1@samsung.com', 15, '996 Esch Crossing', 'Bigtax');
insert into Poslovnica (PoslovnicaID, BrojTelefona, Email, GradID, Adresa, Naziv) values (3, '253-791-8938', 'mgaraghan2@prnewswire.com', 11, '77 Hayes Point', 'Duobam');
insert into Poslovnica (PoslovnicaID, BrojTelefona, Email, GradID, Adresa, Naziv) values (4, '481-706-4632', 'cfallon3@networksolutions.com', 2, '76 Randy Junction', 'Gembucket');
insert into Poslovnica (PoslovnicaID, BrojTelefona, Email, GradID, Adresa, Naziv) values (5, '870-986-1025', 'gbourgeois4@symantec.com', 7, '0 Service Court', 'Voltsillam');
insert into Poslovnica (PoslovnicaID, BrojTelefona, Email, GradID, Adresa, Naziv) values (6, '160-243-6902', 'eouver5@wikipedia.org', 10, '451 Old Shore Hill', 'Keylex');
insert into Poslovnica (PoslovnicaID, BrojTelefona, Email, GradID, Adresa, Naziv) values (7, '697-508-7801', 'nbozward6@livejournal.com', 15, '7 Dahle Drive', 'Ventosanzap');
insert into Poslovnica (PoslovnicaID, BrojTelefona, Email, GradID, Adresa, Naziv) values (8, '321-229-6787', 'gogrowgane7@prlog.org', 14, '9982 Kim Circle', 'Wrapsafe');
insert into Poslovnica (PoslovnicaID, BrojTelefona, Email, GradID, Adresa, Naziv) values (9, '821-229-2641', 'scaulier8@mac.com', 18, '8 Corry Road', 'Stringtough');
insert into Poslovnica (PoslovnicaID, BrojTelefona, Email, GradID, Adresa, Naziv) values (10, '412-563-8508', 'adoul9@guardian.co.uk', 10, '74879 Del Sol Court', 'Temp');

insert into Zaposlenici (ZaposlenikID, Ime, Prezime, Spol, JMBG, Email, BrojTelefona, Adresa, PoslovnicaID, GradID) values (1, 'Fay', 'Merryweather', 'Female', 9898211156141, 'fmerryweather0@google.com.br', '676-623-8113', '9534 Butterfield Drive', 6, 12);
insert into Zaposlenici (ZaposlenikID, Ime, Prezime, Spol, JMBG, Email, BrojTelefona, Adresa, PoslovnicaID, GradID) values (2, 'Larry', 'Swinerd', 'Male', 8574832889099, 'lswinerd1@toplist.cz', '746-132-5304', '90 Menomonie Road', 3, 16);
insert into Zaposlenici (ZaposlenikID, Ime, Prezime, Spol, JMBG, Email, BrojTelefona, Adresa, PoslovnicaID, GradID) values (3, 'Pam', 'Husset', 'Female', 4265364672339, 'phusset2@bbb.org', '374-944-1289', '0 North Crossing', 2, 1);
insert into Zaposlenici (ZaposlenikID, Ime, Prezime, Spol, JMBG, Email, BrojTelefona, Adresa, PoslovnicaID, GradID) values (4, 'Vonny', 'Dymocke', 'Female', 7217146559137, 'vdymocke3@bluehost.com', '755-821-6546', '723 Sachtjen Trail', 9, 3);
insert into Zaposlenici (ZaposlenikID, Ime, Prezime, Spol, JMBG, Email, BrojTelefona, Adresa, PoslovnicaID, GradID) values (5, 'Shayna', 'Walpole', 'Female', 9027231647280, 'swalpole4@unicef.org', '523-326-7182', '54 Magdeline Terrace', 3, 9);
insert into Zaposlenici (ZaposlenikID, Ime, Prezime, Spol, JMBG, Email, BrojTelefona, Adresa, PoslovnicaID, GradID) values (6, 'Catlin', 'Compston', 'Female', 8704222209107, 'ccompston5@tinypic.com', '577-813-6820', '5 Laurel Terrace', 7, 6);
insert into Zaposlenici (ZaposlenikID, Ime, Prezime, Spol, JMBG, Email, BrojTelefona, Adresa, PoslovnicaID, GradID) values (7, 'Demetris', 'Pudge', 'Female', 5149212239013, 'dpudge6@dot.gov', '837-889-2853', '1 Manley Street', 5, 9);
insert into Zaposlenici (ZaposlenikID, Ime, Prezime, Spol, JMBG, Email, BrojTelefona, Adresa, PoslovnicaID, GradID) values (8, 'Frederigo', 'Potkin', 'Male', 3026652423146, 'fpotkin7@discovery.com', '615-849-7436', '28 6th Place', 9, 18);
insert into Zaposlenici (ZaposlenikID, Ime, Prezime, Spol, JMBG, Email, BrojTelefona, Adresa, PoslovnicaID, GradID) values (9, 'Raoul', 'Tew', 'Male', 3470716353710, 'rtew8@dmoz.org', '455-221-3278', '0026 Loftsgordon Lane', 9, 5);
insert into Zaposlenici (ZaposlenikID, Ime, Prezime, Spol, JMBG, Email, BrojTelefona, Adresa, PoslovnicaID, GradID) values (10, 'Catharina', 'Rudiger', 'Female', 3070762543054, 'crudiger9@squidoo.com', '236-213-3736', '4143 Mayer Avenue', 2, 3);
insert into Zaposlenici (ZaposlenikID, Ime, Prezime, Spol, JMBG, Email, BrojTelefona, Adresa, PoslovnicaID, GradID) values (11, 'Sunny', 'Stoyle', 'Female', 8128573882698, 'sstoylea@bluehost.com', '116-204-3897', '6426 Kenwood Alley', 8, 9);
insert into Zaposlenici (ZaposlenikID, Ime, Prezime, Spol, JMBG, Email, BrojTelefona, Adresa, PoslovnicaID, GradID) values (12, 'Jemima', 'Flucker', 'Female', 5937195192904, 'jfluckerb@tripod.com', '680-404-5893', '49 Mcguire Alley', 6, 11);
insert into Zaposlenici (ZaposlenikID, Ime, Prezime, Spol, JMBG, Email, BrojTelefona, Adresa, PoslovnicaID, GradID) values (13, 'Marne', 'Spear', 'Female', 7375514289360, 'mspearc@businessweek.com', '280-410-4807', '36 Di Loreto Crossing', 4, 16);
insert into Zaposlenici (ZaposlenikID, Ime, Prezime, Spol, JMBG, Email, BrojTelefona, Adresa, PoslovnicaID, GradID) values (14, 'Rita', 'Gilligan', 'Female', 5557373947930, 'rgilligand@ca.gov', '666-122-9072', '0 Spaight Plaza', 3, 7);
insert into Zaposlenici (ZaposlenikID, Ime, Prezime, Spol, JMBG, Email, BrojTelefona, Adresa, PoslovnicaID, GradID) values (15, 'Gilemette', 'Manuello', 'Female', 8602557231748, 'gmanuelloe@domainmarket.com', '852-468-1206', '6 Packers Place', 7, 16);
insert into Zaposlenici (ZaposlenikID, Ime, Prezime, Spol, JMBG, Email, BrojTelefona, Adresa, PoslovnicaID, GradID) values (16, 'Josi', 'Gehricke', 'Female', 2277603355315, 'jgehrickef@youtube.com', '937-366-1325', '25 Annamark Street', 5, 9);
insert into Zaposlenici (ZaposlenikID, Ime, Prezime, Spol, JMBG, Email, BrojTelefona, Adresa, PoslovnicaID, GradID) values (17, 'Maryjane', 'Kobierzycki', 'Female', 5751526813632, 'mkobierzyckig@mediafire.com', '628-490-7770', '5333 Pierstorff Place', 4, 14);
insert into Zaposlenici (ZaposlenikID, Ime, Prezime, Spol, JMBG, Email, BrojTelefona, Adresa, PoslovnicaID, GradID) values (18, 'Sharleen', 'Tidridge', 'Female', 3300429927643, 'stidridgeh@geocities.jp', '192-258-8544', '832 Ridgeway Way', 6, 14);
insert into Zaposlenici (ZaposlenikID, Ime, Prezime, Spol, JMBG, Email, BrojTelefona, Adresa, PoslovnicaID, GradID) values (19, 'Sutherland', 'Banane', 'Male', 8221355715880, 'sbananei@about.me', '357-830-4657', '5718 Ridgeway Crossing', 6, 9);
insert into Zaposlenici (ZaposlenikID, Ime, Prezime, Spol, JMBG, Email, BrojTelefona, Adresa, PoslovnicaID, GradID) values (20, 'Grethel', 'Drinkhall', 'Female', 5741007329051, 'gdrinkhallj@livejournal.com', '563-659-9348', '93 Charing Cross Pass', 8, 2);
insert into Zaposlenici (ZaposlenikID, Ime, Prezime, Spol, JMBG, Email, BrojTelefona, Adresa, PoslovnicaID, GradID) values (21, 'Katlin', 'Triplow', 'Female', 2002801225547, 'ktriplowk@ezinearticles.com', '449-752-2529', '29 Annamark Junction', 4, 5);
insert into Zaposlenici (ZaposlenikID, Ime, Prezime, Spol, JMBG, Email, BrojTelefona, Adresa, PoslovnicaID, GradID) values (22, 'Cchaddie', 'Martellini', 'Male', 9572460910673, 'cmartellinil@gov.uk', '467-966-9741', '07 Porter Park', 6, 13);
insert into Zaposlenici (ZaposlenikID, Ime, Prezime, Spol, JMBG, Email, BrojTelefona, Adresa, PoslovnicaID, GradID) values (23, 'Petrina', 'Overstone', 'Female', 6414580479045, 'poverstonem@nationalgeographic.com', '777-105-5086', '5 Onsgard Park', 6, 4);
insert into Zaposlenici (ZaposlenikID, Ime, Prezime, Spol, JMBG, Email, BrojTelefona, Adresa, PoslovnicaID, GradID) values (24, 'Giustino', 'Schrir', 'Male', 9351324806107, 'gschrirn@feedburner.com', '852-504-3935', '81369 Alpine Parkway', 10, 10);
insert into Zaposlenici (ZaposlenikID, Ime, Prezime, Spol, JMBG, Email, BrojTelefona, Adresa, PoslovnicaID, GradID) values (25, 'Maegan', 'Prisk', 'Female', 8003059173868, 'mprisko@businessinsider.com', '894-257-6162', '737 Melby Lane', 1, 2);
insert into Zaposlenici (ZaposlenikID, Ime, Prezime, Spol, JMBG, Email, BrojTelefona, Adresa, PoslovnicaID, GradID) values (26, 'Isabella', 'MacIlhargy', 'Female', 5069054746569, 'imacilhargyp@ca.gov', '379-570-7483', '41102 Towne Park', 1, 17);
insert into Zaposlenici (ZaposlenikID, Ime, Prezime, Spol, JMBG, Email, BrojTelefona, Adresa, PoslovnicaID, GradID) values (27, 'Andree', 'Powers', 'Female', 2441584130172, 'apowersq@flavors.me', '305-561-0678', '0 Arizona Hill', 1, 15);
insert into Zaposlenici (ZaposlenikID, Ime, Prezime, Spol, JMBG, Email, BrojTelefona, Adresa, PoslovnicaID, GradID) values (28, 'Court', 'Buttriss', 'Male', 8125990542249, 'cbuttrissr@shutterfly.com', '236-349-1037', '230 Cody Park', 7, 4);
insert into Zaposlenici (ZaposlenikID, Ime, Prezime, Spol, JMBG, Email, BrojTelefona, Adresa, PoslovnicaID, GradID) values (29, 'Remington', 'Gianelli', 'Male', 4022816891219, 'rgianellis@salon.com', '381-675-1991', '23609 Stuart Way', 9, 13);
insert into Zaposlenici (ZaposlenikID, Ime, Prezime, Spol, JMBG, Email, BrojTelefona, Adresa, PoslovnicaID, GradID) values (30, 'Gerhardt', 'Schonfeld', 'Male', 4078103119878, 'gschonfeldt@wiley.com', '878-406-5083', '6 Debra Drive', 10, 6);
insert into Zaposlenici (ZaposlenikID, Ime, Prezime, Spol, JMBG, Email, BrojTelefona, Adresa, PoslovnicaID, GradID) values (31, 'Patten', 'Westpfel', 'Male', 4810821326802, 'pwestpfelu@state.tx.us', '591-806-9471', '04555 Aberg Plaza', 6, 20);
insert into Zaposlenici (ZaposlenikID, Ime, Prezime, Spol, JMBG, Email, BrojTelefona, Adresa, PoslovnicaID, GradID) values (32, 'Jennica', 'Prangnell', 'Female', 3222891178597, 'jprangnellv@independent.co.uk', '600-245-6002', '34858 Veith Parkway', 7, 12);
insert into Zaposlenici (ZaposlenikID, Ime, Prezime, Spol, JMBG, Email, BrojTelefona, Adresa, PoslovnicaID, GradID) values (33, 'Osmond', 'Rignoldes', 'Male', 2255753219530, 'orignoldesw@ca.gov', '571-631-2933', '52721 Rieder Drive', 7, 18);
insert into Zaposlenici (ZaposlenikID, Ime, Prezime, Spol, JMBG, Email, BrojTelefona, Adresa, PoslovnicaID, GradID) values (34, 'Kimbell', 'Calvert', 'Male', 2222834051115, 'kcalvertx@youku.com', '197-199-6384', '0 Stang Junction', 3, 16);
insert into Zaposlenici (ZaposlenikID, Ime, Prezime, Spol, JMBG, Email, BrojTelefona, Adresa, PoslovnicaID, GradID) values (35, 'Car', 'Comins', 'Male', 1410548610003, 'ccominsy@fda.gov', '114-893-4671', '7 Bartelt Lane', 5, 9);
insert into Zaposlenici (ZaposlenikID, Ime, Prezime, Spol, JMBG, Email, BrojTelefona, Adresa, PoslovnicaID, GradID) values (36, 'Andria', 'Grandison', 'Female', 4087263977232, 'agrandisonz@si.edu', '574-785-0249', '4995 La Follette Lane', 1, 4);
insert into Zaposlenici (ZaposlenikID, Ime, Prezime, Spol, JMBG, Email, BrojTelefona, Adresa, PoslovnicaID, GradID) values (37, 'Murdock', 'Leppard', 'Male', 6593962221640, 'mleppard10@mail.ru', '549-687-2018', '3 Chive Court', 10, 17);
insert into Zaposlenici (ZaposlenikID, Ime, Prezime, Spol, JMBG, Email, BrojTelefona, Adresa, PoslovnicaID, GradID) values (38, 'Wallis', 'Newiss', 'Male', 5003343340322, 'wnewiss11@canalblog.com', '930-240-6146', '605 Menomonie Avenue', 7, 11);
insert into Zaposlenici (ZaposlenikID, Ime, Prezime, Spol, JMBG, Email, BrojTelefona, Adresa, PoslovnicaID, GradID) values (39, 'Korie', 'Castanyer', 'Female', 2202193841426, 'kcastanyer12@google.co.uk', '647-491-7246', '1 Trailsway Junction', 2, 12);
insert into Zaposlenici (ZaposlenikID, Ime, Prezime, Spol, JMBG, Email, BrojTelefona, Adresa, PoslovnicaID, GradID) values (40, 'Alvan', 'Holdworth', 'Male', 4893887151329, 'aholdworth13@gizmodo.com', '229-480-7687', '313 Kennedy Way', 4, 4);
insert into Zaposlenici (ZaposlenikID, Ime, Prezime, Spol, JMBG, Email, BrojTelefona, Adresa, PoslovnicaID, GradID) values (41, 'Skippie', 'Gerriets', 'Male', 7883307763124, 'sgerriets14@ustream.tv', '354-677-2243', '4163 Oak Avenue', 9, 2);
insert into Zaposlenici (ZaposlenikID, Ime, Prezime, Spol, JMBG, Email, BrojTelefona, Adresa, PoslovnicaID, GradID) values (42, 'Fulvia', 'Flook', 'Female', 3364356434033, 'fflook15@yelp.com', '375-228-9201', '29763 Southridge Crossing', 1, 9);
insert into Zaposlenici (ZaposlenikID, Ime, Prezime, Spol, JMBG, Email, BrojTelefona, Adresa, PoslovnicaID, GradID) values (43, 'Crin', 'Gounel', 'Female', 4267607216223, 'cgounel16@wufoo.com', '344-704-1113', '052 Mosinee Street', 1, 5);
insert into Zaposlenici (ZaposlenikID, Ime, Prezime, Spol, JMBG, Email, BrojTelefona, Adresa, PoslovnicaID, GradID) values (44, 'Herschel', 'Crampsy', 'Male', 2556984138552, 'hcrampsy17@gov.uk', '849-528-4431', '71607 Fallview Road', 3, 11);
insert into Zaposlenici (ZaposlenikID, Ime, Prezime, Spol, JMBG, Email, BrojTelefona, Adresa, PoslovnicaID, GradID) values (45, 'Fredrick', 'Tomankowski', 'Male', 4069418047122, 'ftomankowski18@joomla.org', '932-890-5576', '0 Sage Plaza', 4, 3);
insert into Zaposlenici (ZaposlenikID, Ime, Prezime, Spol, JMBG, Email, BrojTelefona, Adresa, PoslovnicaID, GradID) values (46, 'Sissie', 'Novik', 'Female', 6068746282681, 'snovik19@sciencedaily.com', '484-675-4018', '294 Northfield Parkway', 7, 9);
insert into Zaposlenici (ZaposlenikID, Ime, Prezime, Spol, JMBG, Email, BrojTelefona, Adresa, PoslovnicaID, GradID) values (47, 'Siusan', 'O''Henery', 'Female', 8054101152282, 'sohenery1a@marketwatch.com', '566-391-7483', '58520 Graceland Avenue', 1, 1);
insert into Zaposlenici (ZaposlenikID, Ime, Prezime, Spol, JMBG, Email, BrojTelefona, Adresa, PoslovnicaID, GradID) values (48, 'Clemmy', 'Ballay', 'Female', 9733599994247, 'cballay1b@fotki.com', '906-476-9709', '77218 Donald Parkway', 8, 20);
insert into Zaposlenici (ZaposlenikID, Ime, Prezime, Spol, JMBG, Email, BrojTelefona, Adresa, PoslovnicaID, GradID) values (49, 'Evvy', 'Butt', 'Female', 2952005448556, 'ebutt1c@ebay.com', '541-358-3271', '1332 Twin Pines Plaza', 1, 12);
insert into Zaposlenici (ZaposlenikID, Ime, Prezime, Spol, JMBG, Email, BrojTelefona, Adresa, PoslovnicaID, GradID) values (50, 'Marcellina', 'Gilberthorpe', 'Female', 8824849747113, 'mgilberthorpe1d@nifty.com', '785-213-8635', '1 Graceland Hill', 6, 14);
insert into Zaposlenici (ZaposlenikID, Ime, Prezime, Spol, JMBG, Email, BrojTelefona, Adresa, PoslovnicaID, GradID) values (51, 'Baillie', 'Assad', 'Male', 3549995647429, 'bassad1e@imdb.com', '636-644-6878', '59 Northland Crossing', 7, 2);
insert into Zaposlenici (ZaposlenikID, Ime, Prezime, Spol, JMBG, Email, BrojTelefona, Adresa, PoslovnicaID, GradID) values (52, 'Amerigo', 'Everil', 'Male', 9534843602793, 'aeveril1f@scribd.com', '215-662-9083', '99832 Shelley Street', 4, 8);
insert into Zaposlenici (ZaposlenikID, Ime, Prezime, Spol, JMBG, Email, BrojTelefona, Adresa, PoslovnicaID, GradID) values (53, 'Amery', 'Oyley', 'Male', 5888247628862, 'aoyley1g@imdb.com', '373-748-1799', '33 Summit Road', 10, 6);
insert into Zaposlenici (ZaposlenikID, Ime, Prezime, Spol, JMBG, Email, BrojTelefona, Adresa, PoslovnicaID, GradID) values (54, 'Lynett', 'Bulluck', 'Female', 3214738321015, 'lbulluck1h@ucsd.edu', '951-577-7920', '5041 Loeprich Circle', 5, 3);
insert into Zaposlenici (ZaposlenikID, Ime, Prezime, Spol, JMBG, Email, BrojTelefona, Adresa, PoslovnicaID, GradID) values (55, 'Olly', 'Rendall', 'Male', 1185574168645, 'orendall1i@europa.eu', '319-681-5919', '534 Sunfield Alley', 4, 4);
insert into Zaposlenici (ZaposlenikID, Ime, Prezime, Spol, JMBG, Email, BrojTelefona, Adresa, PoslovnicaID, GradID) values (56, 'Alfons', 'Zammett', 'Male', 7990141914582, 'azammett1j@bing.com', '787-851-0666', '074 Kedzie Point', 5, 13);
insert into Zaposlenici (ZaposlenikID, Ime, Prezime, Spol, JMBG, Email, BrojTelefona, Adresa, PoslovnicaID, GradID) values (57, 'Irene', 'Siss', 'Female', 8160444685161, 'isiss1k@studiopress.com', '379-486-5029', '1 Sycamore Place', 4, 18);
insert into Zaposlenici (ZaposlenikID, Ime, Prezime, Spol, JMBG, Email, BrojTelefona, Adresa, PoslovnicaID, GradID) values (58, 'Hamid', 'Tidy', 'Male', 3048729531643, 'htidy1l@ihg.com', '921-223-3614', '348 Atwood Junction', 8, 7);
insert into Zaposlenici (ZaposlenikID, Ime, Prezime, Spol, JMBG, Email, BrojTelefona, Adresa, PoslovnicaID, GradID) values (59, 'Marchelle', 'Mushett', 'Female', 9796867100964, 'mmushett1m@mysql.com', '651-635-0391', '608 Monterey Road', 4, 3);
insert into Zaposlenici (ZaposlenikID, Ime, Prezime, Spol, JMBG, Email, BrojTelefona, Adresa, PoslovnicaID, GradID) values (60, 'Jud', 'Marcu', 'Male', 5176509122888, 'jmarcu1n@google.ru', '780-572-1789', '27 Haas Court', 5, 5);
insert into Zaposlenici (ZaposlenikID, Ime, Prezime, Spol, JMBG, Email, BrojTelefona, Adresa, PoslovnicaID, GradID) values (61, 'Roanna', 'MacIntosh', 'Female', 8010816514277, 'rmacintosh1o@myspace.com', '894-177-9360', '8264 Algoma Alley', 2, 16);
insert into Zaposlenici (ZaposlenikID, Ime, Prezime, Spol, JMBG, Email, BrojTelefona, Adresa, PoslovnicaID, GradID) values (62, 'Antonietta', 'Trout', 'Female', 5030577457017, 'atrout1p@google.it', '804-731-8581', '3818 Dovetail Terrace', 2, 13);
insert into Zaposlenici (ZaposlenikID, Ime, Prezime, Spol, JMBG, Email, BrojTelefona, Adresa, PoslovnicaID, GradID) values (63, 'Flory', 'Banasik', 'Male', 1920216686617, 'fbanasik1q@printfriendly.com', '585-624-9464', '3059 7th Plaza', 9, 1);
insert into Zaposlenici (ZaposlenikID, Ime, Prezime, Spol, JMBG, Email, BrojTelefona, Adresa, PoslovnicaID, GradID) values (64, 'Atalanta', 'Janeczek', 'Female', 2206729016566, 'ajaneczek1r@com.com', '289-490-0095', '588 Gina Avenue', 5, 7);
insert into Zaposlenici (ZaposlenikID, Ime, Prezime, Spol, JMBG, Email, BrojTelefona, Adresa, PoslovnicaID, GradID) values (65, 'Dotty', 'Crowcum', 'Female', 8180486662952, 'dcrowcum1s@illinois.edu', '478-264-5224', '96262 Nelson Road', 8, 11);
insert into Zaposlenici (ZaposlenikID, Ime, Prezime, Spol, JMBG, Email, BrojTelefona, Adresa, PoslovnicaID, GradID) values (66, 'Buddie', 'Patching', 'Male', 9483781933355, 'bpatching1t@epa.gov', '445-586-0487', '15468 Bartillon Lane', 2, 15);
insert into Zaposlenici (ZaposlenikID, Ime, Prezime, Spol, JMBG, Email, BrojTelefona, Adresa, PoslovnicaID, GradID) values (67, 'Carie', 'Banbridge', 'Female', 8536123572057, 'cbanbridge1u@blinklist.com', '214-308-8659', '1 Green Ridge Center', 8, 16);
insert into Zaposlenici (ZaposlenikID, Ime, Prezime, Spol, JMBG, Email, BrojTelefona, Adresa, PoslovnicaID, GradID) values (68, 'Donnamarie', 'Jeff', 'Female', 2398160916923, 'djeff1v@spotify.com', '367-673-0495', '05977 Monument Alley', 2, 12);
insert into Zaposlenici (ZaposlenikID, Ime, Prezime, Spol, JMBG, Email, BrojTelefona, Adresa, PoslovnicaID, GradID) values (69, 'Reilly', 'Chaffe', 'Male', 4708568132980, 'rchaffe1w@latimes.com', '589-690-8303', '79 Kim Way', 6, 6);
insert into Zaposlenici (ZaposlenikID, Ime, Prezime, Spol, JMBG, Email, BrojTelefona, Adresa, PoslovnicaID, GradID) values (70, 'Blair', 'Latek', 'Male', 7350104430663, 'blatek1x@vistaprint.com', '528-596-7298', '766 Parkside Alley', 6, 12);
insert into Zaposlenici (ZaposlenikID, Ime, Prezime, Spol, JMBG, Email, BrojTelefona, Adresa, PoslovnicaID, GradID) values (71, 'Ailsun', 'Deetlof', 'Female', 5234959516743, 'adeetlof1y@illinois.edu', '219-392-1030', '586 Texas Avenue', 10, 15);
insert into Zaposlenici (ZaposlenikID, Ime, Prezime, Spol, JMBG, Email, BrojTelefona, Adresa, PoslovnicaID, GradID) values (72, 'Aldis', 'Hamshere', 'Male', 5387334633086, 'ahamshere1z@archive.org', '381-327-1526', '05 Forster Trail', 1, 12);
insert into Zaposlenici (ZaposlenikID, Ime, Prezime, Spol, JMBG, Email, BrojTelefona, Adresa, PoslovnicaID, GradID) values (73, 'Margy', 'Stolberg', 'Female', 4660097880851, 'mstolberg20@sfgate.com', '994-312-2541', '45 Kim Road', 6, 15);
insert into Zaposlenici (ZaposlenikID, Ime, Prezime, Spol, JMBG, Email, BrojTelefona, Adresa, PoslovnicaID, GradID) values (74, 'Tatiania', 'McGarvie', 'Female', 1519805068847, 'tmcgarvie21@businessinsider.com', '963-625-2048', '03 Lighthouse Bay Avenue', 1, 13);
insert into Zaposlenici (ZaposlenikID, Ime, Prezime, Spol, JMBG, Email, BrojTelefona, Adresa, PoslovnicaID, GradID) values (75, 'Symon', 'Purvess', 'Male', 8836621593199, 'spurvess22@youtu.be', '236-482-9829', '1 Burning Wood Parkway', 7, 1);
insert into Zaposlenici (ZaposlenikID, Ime, Prezime, Spol, JMBG, Email, BrojTelefona, Adresa, PoslovnicaID, GradID) values (76, 'Gibbie', 'Broader', 'Male', 7881674354427, 'gbroader23@bluehost.com', '287-718-9350', '05400 Drewry Junction', 1, 9);
insert into Zaposlenici (ZaposlenikID, Ime, Prezime, Spol, JMBG, Email, BrojTelefona, Adresa, PoslovnicaID, GradID) values (77, 'Ned', 'Lillecrop', 'Male', 3765485169461, 'nlillecrop24@liveinternet.ru', '673-212-4184', '400 Pond Court', 5, 14);
insert into Zaposlenici (ZaposlenikID, Ime, Prezime, Spol, JMBG, Email, BrojTelefona, Adresa, PoslovnicaID, GradID) values (78, 'Jeanine', 'Roadnight', 'Female', 2670700668749, 'jroadnight25@latimes.com', '513-374-2223', '32092 Loeprich Avenue', 8, 16);
insert into Zaposlenici (ZaposlenikID, Ime, Prezime, Spol, JMBG, Email, BrojTelefona, Adresa, PoslovnicaID, GradID) values (79, 'Gus', 'Redgate', 'Male', 2501401712300, 'gredgate26@mashable.com', '718-253-9789', '35 Westridge Terrace', 9, 20);
insert into Zaposlenici (ZaposlenikID, Ime, Prezime, Spol, JMBG, Email, BrojTelefona, Adresa, PoslovnicaID, GradID) values (80, 'Rancell', 'Ginity', 'Male', 5036604994484, 'rginity27@independent.co.uk', '980-291-4915', '7 Duke Lane', 10, 14);
insert into Zaposlenici (ZaposlenikID, Ime, Prezime, Spol, JMBG, Email, BrojTelefona, Adresa, PoslovnicaID, GradID) values (81, 'Brianne', 'Sleightholme', 'Female', 8334117850722, 'bsleightholme28@altervista.org', '356-815-2152', '4 1st Point', 3, 12);
insert into Zaposlenici (ZaposlenikID, Ime, Prezime, Spol, JMBG, Email, BrojTelefona, Adresa, PoslovnicaID, GradID) values (82, 'Filmore', 'Beney', 'Male', 7833863413517, 'fbeney29@china.com.cn', '780-332-2914', '68 Gina Pass', 5, 11);
insert into Zaposlenici (ZaposlenikID, Ime, Prezime, Spol, JMBG, Email, BrojTelefona, Adresa, PoslovnicaID, GradID) values (83, 'Cyrille', 'Boltwood', 'Male', 4129005401251, 'cboltwood2a@vkontakte.ru', '664-128-9977', '67 Coleman Park', 4, 11);
insert into Zaposlenici (ZaposlenikID, Ime, Prezime, Spol, JMBG, Email, BrojTelefona, Adresa, PoslovnicaID, GradID) values (84, 'Holt', 'Vinick', 'Male', 4109773327384, 'hvinick2b@telegraph.co.uk', '486-476-2212', '7 Forest Run Crossing', 8, 15);
insert into Zaposlenici (ZaposlenikID, Ime, Prezime, Spol, JMBG, Email, BrojTelefona, Adresa, PoslovnicaID, GradID) values (85, 'Kristyn', 'Alforde', 'Female', 4113405053172, 'kalforde2c@mlb.com', '668-319-3209', '60 Valley Edge Lane', 3, 11);
insert into Zaposlenici (ZaposlenikID, Ime, Prezime, Spol, JMBG, Email, BrojTelefona, Adresa, PoslovnicaID, GradID) values (86, 'Gabriell', 'De Malchar', 'Female', 2880491182529, 'gdemalchar2d@nymag.com', '861-941-5566', '9 Dryden Hill', 9, 2);
insert into Zaposlenici (ZaposlenikID, Ime, Prezime, Spol, JMBG, Email, BrojTelefona, Adresa, PoslovnicaID, GradID) values (87, 'Xever', 'Bonniface', 'Male', 2174965107276, 'xbonniface2e@facebook.com', '566-463-0304', '88 Wayridge Lane', 2, 9);
insert into Zaposlenici (ZaposlenikID, Ime, Prezime, Spol, JMBG, Email, BrojTelefona, Adresa, PoslovnicaID, GradID) values (88, 'Harli', 'Antos', 'Female', 2005397932810, 'hantos2f@ocn.ne.jp', '704-882-4628', '5880 Nevada Point', 8, 20);
insert into Zaposlenici (ZaposlenikID, Ime, Prezime, Spol, JMBG, Email, BrojTelefona, Adresa, PoslovnicaID, GradID) values (89, 'Chrisy', 'Fuentez', 'Male', 9309319205150, 'cfuentez2g@tinyurl.com', '367-989-0588', '67278 Hoffman Plaza', 1, 9);
insert into Zaposlenici (ZaposlenikID, Ime, Prezime, Spol, JMBG, Email, BrojTelefona, Adresa, PoslovnicaID, GradID) values (90, 'Nathan', 'MacLese', 'Male', 5341147705150, 'nmaclese2h@dedecms.com', '674-258-9486', '40 Mcbride Center', 5, 20);
insert into Zaposlenici (ZaposlenikID, Ime, Prezime, Spol, JMBG, Email, BrojTelefona, Adresa, PoslovnicaID, GradID) values (91, 'Nadia', 'Riley', 'Female', 9835381425335, 'nriley2i@indiegogo.com', '530-100-6121', '1 4th Terrace', 1, 12);
insert into Zaposlenici (ZaposlenikID, Ime, Prezime, Spol, JMBG, Email, BrojTelefona, Adresa, PoslovnicaID, GradID) values (92, 'Reynolds', 'Harby', 'Male', 4610232826841, 'rharby2j@sun.com', '699-789-9970', '89605 Riverside Parkway', 1, 19);
insert into Zaposlenici (ZaposlenikID, Ime, Prezime, Spol, JMBG, Email, BrojTelefona, Adresa, PoslovnicaID, GradID) values (93, 'Curry', 'Wooderson', 'Male', 4496759752883, 'cwooderson2k@usa.gov', '420-189-2736', '2 Aberg Plaza', 5, 8);
insert into Zaposlenici (ZaposlenikID, Ime, Prezime, Spol, JMBG, Email, BrojTelefona, Adresa, PoslovnicaID, GradID) values (94, 'Aleen', 'Dyne', 'Female', 5565502288957, 'adyne2l@gov.uk', '247-402-6576', '4 Green Alley', 4, 3);
insert into Zaposlenici (ZaposlenikID, Ime, Prezime, Spol, JMBG, Email, BrojTelefona, Adresa, PoslovnicaID, GradID) values (95, 'Julius', 'Tadlow', 'Male', 4919308149317, 'jtadlow2m@scribd.com', '186-752-6826', '797 Sherman Drive', 1, 15);
insert into Zaposlenici (ZaposlenikID, Ime, Prezime, Spol, JMBG, Email, BrojTelefona, Adresa, PoslovnicaID, GradID) values (96, 'Lorinda', 'Boutcher', 'Female', 7840882986726, 'lboutcher2n@fastcompany.com', '925-855-4191', '0093 Merchant Parkway', 10, 7);
insert into Zaposlenici (ZaposlenikID, Ime, Prezime, Spol, JMBG, Email, BrojTelefona, Adresa, PoslovnicaID, GradID) values (97, 'Toby', 'Licquorish', 'Male', 6240628320746, 'tlicquorish2o@eepurl.com', '905-178-7802', '09918 Tennessee Point', 2, 3);
insert into Zaposlenici (ZaposlenikID, Ime, Prezime, Spol, JMBG, Email, BrojTelefona, Adresa, PoslovnicaID, GradID) values (98, 'Lucina', 'Lube', 'Female', 7375224860570, 'llube2p@jugem.jp', '785-801-6629', '994 Claremont Lane', 7, 15);
insert into Zaposlenici (ZaposlenikID, Ime, Prezime, Spol, JMBG, Email, BrojTelefona, Adresa, PoslovnicaID, GradID) values (99, 'Nancy', 'Pedrick', 'Female', 5017011004984, 'npedrick2q@deliciousdays.com', '339-355-9693', '25993 Welch Terrace', 3, 9);
insert into Zaposlenici (ZaposlenikID, Ime, Prezime, Spol, JMBG, Email, BrojTelefona, Adresa, PoslovnicaID, GradID) values (100, 'Herschel', 'Redmain', 'Male', 5216937548021, 'hredmain2r@fema.gov', '643-411-7024', '192 Mallory Hill', 5, 13);

insert into Organizatori (OrganizatorID, GodineStaza, Fakultet) values (1, 20, 'Goldenrod');
insert into Organizatori (OrganizatorID, GodineStaza, Fakultet) values (2, 6, 'Red');
insert into Organizatori (OrganizatorID, GodineStaza, Fakultet) values (3, 4, 'Maroon');
insert into Organizatori (OrganizatorID, GodineStaza, Fakultet) values (4, 12, 'Violet');
insert into Organizatori (OrganizatorID, GodineStaza, Fakultet) values (5, 28, 'Crimson');
insert into Organizatori (OrganizatorID, GodineStaza, Fakultet) values (6, 7, 'Orange');
insert into Organizatori (OrganizatorID, GodineStaza, Fakultet) values (7, 18, 'Goldenrod');
insert into Organizatori (OrganizatorID, GodineStaza, Fakultet) values (8, 5, 'Mauv');
insert into Organizatori (OrganizatorID, GodineStaza, Fakultet) values (9, 4, 'Goldenrod');
insert into Organizatori (OrganizatorID, GodineStaza, Fakultet) values (10, 13, 'Mauv');
insert into Organizatori (OrganizatorID, GodineStaza, Fakultet) values (11, 7, 'Khaki');
insert into Organizatori (OrganizatorID, GodineStaza, Fakultet) values (12, 12, 'Aquamarine');
insert into Organizatori (OrganizatorID, GodineStaza, Fakultet) values (13, 17, 'Aquamarine');
insert into Organizatori (OrganizatorID, GodineStaza, Fakultet) values (14, 16, 'Blue');
insert into Organizatori (OrganizatorID, GodineStaza, Fakultet) values (15, 20, 'Purple');
insert into Organizatori (OrganizatorID, GodineStaza, Fakultet) values (16, 7, 'Yellow');
insert into Organizatori (OrganizatorID, GodineStaza, Fakultet) values (17, 22, 'Turquoise');
insert into Organizatori (OrganizatorID, GodineStaza, Fakultet) values (18, 9, 'Green');
insert into Organizatori (OrganizatorID, GodineStaza, Fakultet) values (19, 5, 'Violet');
insert into Organizatori (OrganizatorID, GodineStaza, Fakultet) values (20, 9, 'Green');
insert into Organizatori (OrganizatorID, GodineStaza, Fakultet) values (21, 9, 'Khaki');
insert into Organizatori (OrganizatorID, GodineStaza, Fakultet) values (22, 4, 'Indigo');
insert into Organizatori (OrganizatorID, GodineStaza, Fakultet) values (23, 28, 'Red');
insert into Organizatori (OrganizatorID, GodineStaza, Fakultet) values (24, 16, 'Puce');
insert into Organizatori (OrganizatorID, GodineStaza, Fakultet) values (25, 11, 'Green');
insert into Organizatori (OrganizatorID, GodineStaza, Fakultet) values (26, 9, 'Fuscia');
insert into Organizatori (OrganizatorID, GodineStaza, Fakultet) values (27, 9, 'Indigo');
insert into Organizatori (OrganizatorID, GodineStaza, Fakultet) values (28, 9, 'Mauv');
insert into Organizatori (OrganizatorID, GodineStaza, Fakultet) values (29, 2, 'Red');
insert into Organizatori (OrganizatorID, GodineStaza, Fakultet) values (30, 25, 'Goldenrod');
insert into Organizatori (OrganizatorID, GodineStaza, Fakultet) values (31, 3, 'Blue');
insert into Organizatori (OrganizatorID, GodineStaza, Fakultet) values (32, 7, 'Mauv');
insert into Organizatori (OrganizatorID, GodineStaza, Fakultet) values (33, 8, 'Teal');
insert into Organizatori (OrganizatorID, GodineStaza, Fakultet) values (34, 28, 'Aquamarine');
insert into Organizatori (OrganizatorID, GodineStaza, Fakultet) values (35, 13, 'Puce');
insert into Organizatori (OrganizatorID, GodineStaza, Fakultet) values (36, 25, 'Maroon');
insert into Organizatori (OrganizatorID, GodineStaza, Fakultet) values (37, 5, 'Green');
insert into Organizatori (OrganizatorID, GodineStaza, Fakultet) values (38, 11, 'Puce');
insert into Organizatori (OrganizatorID, GodineStaza, Fakultet) values (39, 22, 'Khaki');
insert into Organizatori (OrganizatorID, GodineStaza, Fakultet) values (40, 5, 'Puce');

update Organizatori set Organizatori.Fakultet = 'Project Management Degree' where OrganizatorID between 1 and 20
update Organizatori set Organizatori.Fakultet = 'Marketing Degree' where OrganizatorID between 21 and 30
update Organizatori set Organizatori.Fakultet = 'Human Resources Degree' where OrganizatorID between 31 and 34
update Organizatori set Organizatori.Fakultet = 'Business Administration' where OrganizatorID between 35 and 40

insert into Hostese (HostesaID, Jezik, Dostupnost) values (41, 'Tswana', 1);
insert into Hostese (HostesaID, Jezik, Dostupnost) values (42, 'Spanish', 0);
insert into Hostese (HostesaID, Jezik, Dostupnost) values (43, 'Hebrew', 1);
insert into Hostese (HostesaID, Jezik, Dostupnost) values (44, 'Portuguese', 0);
insert into Hostese (HostesaID, Jezik, Dostupnost) values (45, 'Bulgarian', 0);
insert into Hostese (HostesaID, Jezik, Dostupnost) values (46, 'Oriya', 0);
insert into Hostese (HostesaID, Jezik, Dostupnost) values (47, 'Estonian', 1);
insert into Hostese (HostesaID, Jezik, Dostupnost) values (48, 'Albanian', 0);
insert into Hostese (HostesaID, Jezik, Dostupnost) values (49, 'Ndebele', 0);
insert into Hostese (HostesaID, Jezik, Dostupnost) values (50, 'Swahili', 1);
insert into Hostese (HostesaID, Jezik, Dostupnost) values (51, 'Malagasy', 0);
insert into Hostese (HostesaID, Jezik, Dostupnost) values (52, 'Montenegrin', 1);
insert into Hostese (HostesaID, Jezik, Dostupnost) values (53, 'Montenegrin', 0);
insert into Hostese (HostesaID, Jezik, Dostupnost) values (54, 'Filipino', 0);
insert into Hostese (HostesaID, Jezik, Dostupnost) values (55, 'Estonian', 1);
insert into Hostese (HostesaID, Jezik, Dostupnost) values (56, 'Georgian', 0);
insert into Hostese (HostesaID, Jezik, Dostupnost) values (57, 'Kurdish', 0);
insert into Hostese (HostesaID, Jezik, Dostupnost) values (58, 'Mongolian', 1);
insert into Hostese (HostesaID, Jezik, Dostupnost) values (59, 'New Zealand Sign Language', 1);
insert into Hostese (HostesaID, Jezik, Dostupnost) values (60, 'Dzongkha', 0);
insert into Hostese (HostesaID, Jezik, Dostupnost) values (61, 'Malagasy', 0);
insert into Hostese (HostesaID, Jezik, Dostupnost) values (62, 'Croatian', 1);
insert into Hostese (HostesaID, Jezik, Dostupnost) values (63, 'Kazakh', 1);
insert into Hostese (HostesaID, Jezik, Dostupnost) values (64, 'Gujarati', 0);
insert into Hostese (HostesaID, Jezik, Dostupnost) values (65, 'Kyrgyz', 0);
insert into Hostese (HostesaID, Jezik, Dostupnost) values (66, 'Marathi', 0);
insert into Hostese (HostesaID, Jezik, Dostupnost) values (67, 'Kyrgyz', 0);
insert into Hostese (HostesaID, Jezik, Dostupnost) values (68, 'Georgian', 0);
insert into Hostese (HostesaID, Jezik, Dostupnost) values (69, 'Luxembourgish', 0);
insert into Hostese (HostesaID, Jezik, Dostupnost) values (70, 'Hebrew', 1);
insert into Hostese (HostesaID, Jezik, Dostupnost) values (71, 'Tetum', 1);
insert into Hostese (HostesaID, Jezik, Dostupnost) values (72, 'Northern Sotho', 0);
insert into Hostese (HostesaID, Jezik, Dostupnost) values (73, 'French', 1);
insert into Hostese (HostesaID, Jezik, Dostupnost) values (74, 'Swahili', 0);
insert into Hostese (HostesaID, Jezik, Dostupnost) values (75, 'Burmese', 0);
insert into Hostese (HostesaID, Jezik, Dostupnost) values (76, 'Latvian', 0);
insert into Hostese (HostesaID, Jezik, Dostupnost) values (77, 'Italian', 0);
insert into Hostese (HostesaID, Jezik, Dostupnost) values (78, 'Montenegrin', 1);
insert into Hostese (HostesaID, Jezik, Dostupnost) values (79, 'Sotho', 0);
insert into Hostese (HostesaID, Jezik, Dostupnost) values (80, 'Kashmiri', 0);
insert into Hostese (HostesaID, Jezik, Dostupnost) values (81, 'Macedonian', 1);
insert into Hostese (HostesaID, Jezik, Dostupnost) values (82, 'Indonesian', 0);
insert into Hostese (HostesaID, Jezik, Dostupnost) values (83, 'Dari', 0);
insert into Hostese (HostesaID, Jezik, Dostupnost) values (84, 'Macedonian', 0);
insert into Hostese (HostesaID, Jezik, Dostupnost) values (85, 'Zulu', 0);
insert into Hostese (HostesaID, Jezik, Dostupnost) values (86, 'Finnish', 0);
insert into Hostese (HostesaID, Jezik, Dostupnost) values (87, 'Northern Sotho', 1);
insert into Hostese (HostesaID, Jezik, Dostupnost) values (88, 'Filipino', 1);
insert into Hostese (HostesaID, Jezik, Dostupnost) values (89, 'Gujarati', 1);
insert into Hostese (HostesaID, Jezik, Dostupnost) values (90, 'Swahili', 0);
insert into Hostese (HostesaID, Jezik, Dostupnost) values (91, 'Persian', 1);
insert into Hostese (HostesaID, Jezik, Dostupnost) values (92, 'Hungarian', 1);
insert into Hostese (HostesaID, Jezik, Dostupnost) values (93, 'Irish Gaelic', 1);
insert into Hostese (HostesaID, Jezik, Dostupnost) values (94, 'Gujarati', 1);
insert into Hostese (HostesaID, Jezik, Dostupnost) values (95, 'Tajik', 1);
insert into Hostese (HostesaID, Jezik, Dostupnost) values (96, 'Montenegrin', 0);
insert into Hostese (HostesaID, Jezik, Dostupnost) values (97, 'Montenegrin', 1);
insert into Hostese (HostesaID, Jezik, Dostupnost) values (98, 'Burmese', 1);
insert into Hostese (HostesaID, Jezik, Dostupnost) values (99, 'Montenegrin', 1);
insert into Hostese (HostesaID, Jezik, Dostupnost) values (100, 'Persian', 1);
insert into HosteseDogadjaji (HosteseDogadjajiID, HostesaID, DogadjajID) values (1, 72, 212);
insert into HosteseDogadjaji (HosteseDogadjajiID, HostesaID, DogadjajID) values (2, 91, 110);
insert into HosteseDogadjaji (HosteseDogadjajiID, HostesaID, DogadjajID) values (3, 91, 256);
insert into HosteseDogadjaji (HosteseDogadjajiID, HostesaID, DogadjajID) values (4, 62, 96);
insert into HosteseDogadjaji (HosteseDogadjajiID, HostesaID, DogadjajID) values (5, 85, 156);
insert into HosteseDogadjaji (HosteseDogadjajiID, HostesaID, DogadjajID) values (6, 52, 202);
insert into HosteseDogadjaji (HosteseDogadjajiID, HostesaID, DogadjajID) values (7, 71, 110);
insert into HosteseDogadjaji (HosteseDogadjajiID, HostesaID, DogadjajID) values (8, 96, 155);
insert into HosteseDogadjaji (HosteseDogadjajiID, HostesaID, DogadjajID) values (9, 70, 179);
insert into HosteseDogadjaji (HosteseDogadjajiID, HostesaID, DogadjajID) values (10, 80, 162);
insert into HosteseDogadjaji (HosteseDogadjajiID, HostesaID, DogadjajID) values (11, 88, 176);
insert into HosteseDogadjaji (HosteseDogadjajiID, HostesaID, DogadjajID) values (12, 87, 307);
insert into HosteseDogadjaji (HosteseDogadjajiID, HostesaID, DogadjajID) values (13, 98, 177);
insert into HosteseDogadjaji (HosteseDogadjajiID, HostesaID, DogadjajID) values (14, 79, 301);
insert into HosteseDogadjaji (HosteseDogadjajiID, HostesaID, DogadjajID) values (15, 64, 263);
insert into HosteseDogadjaji (HosteseDogadjajiID, HostesaID, DogadjajID) values (16, 46, 3);
insert into HosteseDogadjaji (HosteseDogadjajiID, HostesaID, DogadjajID) values (17, 49, 89);
insert into HosteseDogadjaji (HosteseDogadjajiID, HostesaID, DogadjajID) values (18, 65, 339);
insert into HosteseDogadjaji (HosteseDogadjajiID, HostesaID, DogadjajID) values (19, 41, 178);
insert into HosteseDogadjaji (HosteseDogadjajiID, HostesaID, DogadjajID) values (20, 90, 73);
insert into HosteseDogadjaji (HosteseDogadjajiID, HostesaID, DogadjajID) values (21, 99, 29);
insert into HosteseDogadjaji (HosteseDogadjajiID, HostesaID, DogadjajID) values (22, 69, 304);
insert into HosteseDogadjaji (HosteseDogadjajiID, HostesaID, DogadjajID) values (23, 69, 105);
insert into HosteseDogadjaji (HosteseDogadjajiID, HostesaID, DogadjajID) values (24, 78, 295);
insert into HosteseDogadjaji (HosteseDogadjajiID, HostesaID, DogadjajID) values (25, 68, 36);
insert into HosteseDogadjaji (HosteseDogadjajiID, HostesaID, DogadjajID) values (26, 61, 37);
insert into HosteseDogadjaji (HosteseDogadjajiID, HostesaID, DogadjajID) values (27, 92, 94);
insert into HosteseDogadjaji (HosteseDogadjajiID, HostesaID, DogadjajID) values (28, 56, 235);
insert into HosteseDogadjaji (HosteseDogadjajiID, HostesaID, DogadjajID) values (29, 60, 223);
insert into HosteseDogadjaji (HosteseDogadjajiID, HostesaID, DogadjajID) values (30, 84, 344);
insert into HosteseDogadjaji (HosteseDogadjajiID, HostesaID, DogadjajID) values (31, 81, 15);
insert into HosteseDogadjaji (HosteseDogadjajiID, HostesaID, DogadjajID) values (32, 96, 154);
insert into HosteseDogadjaji (HosteseDogadjajiID, HostesaID, DogadjajID) values (33, 54, 46);
insert into HosteseDogadjaji (HosteseDogadjajiID, HostesaID, DogadjajID) values (34, 95, 225);
insert into HosteseDogadjaji (HosteseDogadjajiID, HostesaID, DogadjajID) values (35, 92, 204);
insert into HosteseDogadjaji (HosteseDogadjajiID, HostesaID, DogadjajID) values (36, 68, 303);
insert into HosteseDogadjaji (HosteseDogadjajiID, HostesaID, DogadjajID) values (37, 89, 288);
insert into HosteseDogadjaji (HosteseDogadjajiID, HostesaID, DogadjajID) values (38, 93, 13);
insert into HosteseDogadjaji (HosteseDogadjajiID, HostesaID, DogadjajID) values (39, 96, 149);
insert into HosteseDogadjaji (HosteseDogadjajiID, HostesaID, DogadjajID) values (40, 87, 231);
insert into HosteseDogadjaji (HosteseDogadjajiID, HostesaID, DogadjajID) values (41, 48, 98);
insert into HosteseDogadjaji (HosteseDogadjajiID, HostesaID, DogadjajID) values (42, 86, 155);
insert into HosteseDogadjaji (HosteseDogadjajiID, HostesaID, DogadjajID) values (43, 95, 149);
insert into HosteseDogadjaji (HosteseDogadjajiID, HostesaID, DogadjajID) values (44, 99, 279);
insert into HosteseDogadjaji (HosteseDogadjajiID, HostesaID, DogadjajID) values (45, 59, 317);
insert into HosteseDogadjaji (HosteseDogadjajiID, HostesaID, DogadjajID) values (46, 41, 266);
insert into HosteseDogadjaji (HosteseDogadjajiID, HostesaID, DogadjajID) values (47, 82, 71);
insert into HosteseDogadjaji (HosteseDogadjajiID, HostesaID, DogadjajID) values (48, 86, 88);
insert into HosteseDogadjaji (HosteseDogadjajiID, HostesaID, DogadjajID) values (49, 92, 149);
insert into HosteseDogadjaji (HosteseDogadjajiID, HostesaID, DogadjajID) values (50, 74, 297);
insert into HosteseDogadjaji (HosteseDogadjajiID, HostesaID, DogadjajID) values (51, 92, 102);
insert into HosteseDogadjaji (HosteseDogadjajiID, HostesaID, DogadjajID) values (52, 67, 195);
insert into HosteseDogadjaji (HosteseDogadjajiID, HostesaID, DogadjajID) values (53, 56, 297);
insert into HosteseDogadjaji (HosteseDogadjajiID, HostesaID, DogadjajID) values (54, 60, 68);
insert into HosteseDogadjaji (HosteseDogadjajiID, HostesaID, DogadjajID) values (55, 62, 277);
insert into HosteseDogadjaji (HosteseDogadjajiID, HostesaID, DogadjajID) values (56, 49, 303);
insert into HosteseDogadjaji (HosteseDogadjajiID, HostesaID, DogadjajID) values (57, 76, 225);
insert into HosteseDogadjaji (HosteseDogadjajiID, HostesaID, DogadjajID) values (58, 44, 77);
insert into HosteseDogadjaji (HosteseDogadjajiID, HostesaID, DogadjajID) values (59, 48, 95);
insert into HosteseDogadjaji (HosteseDogadjajiID, HostesaID, DogadjajID) values (60, 49, 49);
insert into HosteseDogadjaji (HosteseDogadjajiID, HostesaID, DogadjajID) values (61, 57, 165);
insert into HosteseDogadjaji (HosteseDogadjajiID, HostesaID, DogadjajID) values (62, 72, 23);
insert into HosteseDogadjaji (HosteseDogadjajiID, HostesaID, DogadjajID) values (63, 49, 68);
insert into HosteseDogadjaji (HosteseDogadjajiID, HostesaID, DogadjajID) values (64, 64, 249);
insert into HosteseDogadjaji (HosteseDogadjajiID, HostesaID, DogadjajID) values (65, 83, 9);
insert into HosteseDogadjaji (HosteseDogadjajiID, HostesaID, DogadjajID) values (66, 89, 163);
insert into HosteseDogadjaji (HosteseDogadjajiID, HostesaID, DogadjajID) values (67, 97, 85);
insert into HosteseDogadjaji (HosteseDogadjajiID, HostesaID, DogadjajID) values (68, 50, 223);
insert into HosteseDogadjaji (HosteseDogadjajiID, HostesaID, DogadjajID) values (69, 76, 13);
insert into HosteseDogadjaji (HosteseDogadjajiID, HostesaID, DogadjajID) values (70, 47, 305);
insert into HosteseDogadjaji (HosteseDogadjajiID, HostesaID, DogadjajID) values (71, 71, 71);
insert into HosteseDogadjaji (HosteseDogadjajiID, HostesaID, DogadjajID) values (72, 77, 82);
insert into HosteseDogadjaji (HosteseDogadjajiID, HostesaID, DogadjajID) values (73, 89, 146);
insert into HosteseDogadjaji (HosteseDogadjajiID, HostesaID, DogadjajID) values (74, 65, 154);
insert into HosteseDogadjaji (HosteseDogadjajiID, HostesaID, DogadjajID) values (75, 87, 3);
insert into HosteseDogadjaji (HosteseDogadjajiID, HostesaID, DogadjajID) values (76, 68, 291);
insert into HosteseDogadjaji (HosteseDogadjajiID, HostesaID, DogadjajID) values (77, 70, 139);
insert into HosteseDogadjaji (HosteseDogadjajiID, HostesaID, DogadjajID) values (78, 98, 57);
insert into HosteseDogadjaji (HosteseDogadjajiID, HostesaID, DogadjajID) values (79, 52, 208);
insert into HosteseDogadjaji (HosteseDogadjajiID, HostesaID, DogadjajID) values (80, 75, 89);
insert into HosteseDogadjaji (HosteseDogadjajiID, HostesaID, DogadjajID) values (81, 56, 314);
insert into HosteseDogadjaji (HosteseDogadjajiID, HostesaID, DogadjajID) values (82, 59, 321);
insert into HosteseDogadjaji (HosteseDogadjajiID, HostesaID, DogadjajID) values (83, 100, 58);
insert into HosteseDogadjaji (HosteseDogadjajiID, HostesaID, DogadjajID) values (84, 97, 305);
insert into HosteseDogadjaji (HosteseDogadjajiID, HostesaID, DogadjajID) values (85, 100, 163);
insert into HosteseDogadjaji (HosteseDogadjajiID, HostesaID, DogadjajID) values (86, 83, 212);
insert into HosteseDogadjaji (HosteseDogadjajiID, HostesaID, DogadjajID) values (87, 87, 19);
insert into HosteseDogadjaji (HosteseDogadjajiID, HostesaID, DogadjajID) values (88, 84, 3);
insert into HosteseDogadjaji (HosteseDogadjajiID, HostesaID, DogadjajID) values (89, 68, 262);
insert into HosteseDogadjaji (HosteseDogadjajiID, HostesaID, DogadjajID) values (90, 53, 322);
insert into HosteseDogadjaji (HosteseDogadjajiID, HostesaID, DogadjajID) values (91, 54, 74);
insert into HosteseDogadjaji (HosteseDogadjajiID, HostesaID, DogadjajID) values (92, 90, 41);
insert into HosteseDogadjaji (HosteseDogadjajiID, HostesaID, DogadjajID) values (93, 85, 320);
insert into HosteseDogadjaji (HosteseDogadjajiID, HostesaID, DogadjajID) values (94, 55, 23);
insert into HosteseDogadjaji (HosteseDogadjajiID, HostesaID, DogadjajID) values (95, 77, 176);
insert into HosteseDogadjaji (HosteseDogadjajiID, HostesaID, DogadjajID) values (96, 55, 58);
insert into HosteseDogadjaji (HosteseDogadjajiID, HostesaID, DogadjajID) values (97, 88, 277);
insert into HosteseDogadjaji (HosteseDogadjajiID, HostesaID, DogadjajID) values (98, 86, 27);
insert into HosteseDogadjaji (HosteseDogadjajiID, HostesaID, DogadjajID) values (99, 89, 79);
insert into HosteseDogadjaji (HosteseDogadjajiID, HostesaID, DogadjajID) values (100, 95, 30);
insert into HosteseDogadjaji (HosteseDogadjajiID, HostesaID, DogadjajID) values (101, 64, 54);
insert into HosteseDogadjaji (HosteseDogadjajiID, HostesaID, DogadjajID) values (102, 62, 138);
insert into HosteseDogadjaji (HosteseDogadjajiID, HostesaID, DogadjajID) values (103, 60, 185);
insert into HosteseDogadjaji (HosteseDogadjajiID, HostesaID, DogadjajID) values (104, 77, 285);
insert into HosteseDogadjaji (HosteseDogadjajiID, HostesaID, DogadjajID) values (105, 100, 46);
insert into HosteseDogadjaji (HosteseDogadjajiID, HostesaID, DogadjajID) values (106, 63, 144);
insert into HosteseDogadjaji (HosteseDogadjajiID, HostesaID, DogadjajID) values (107, 59, 264);
insert into HosteseDogadjaji (HosteseDogadjajiID, HostesaID, DogadjajID) values (108, 98, 289);
insert into HosteseDogadjaji (HosteseDogadjajiID, HostesaID, DogadjajID) values (109, 91, 73);
insert into HosteseDogadjaji (HosteseDogadjajiID, HostesaID, DogadjajID) values (110, 93, 126);
insert into HosteseDogadjaji (HosteseDogadjajiID, HostesaID, DogadjajID) values (111, 47, 322);
insert into HosteseDogadjaji (HosteseDogadjajiID, HostesaID, DogadjajID) values (112, 68, 74);
insert into HosteseDogadjaji (HosteseDogadjajiID, HostesaID, DogadjajID) values (113, 54, 61);
insert into HosteseDogadjaji (HosteseDogadjajiID, HostesaID, DogadjajID) values (114, 69, 40);
insert into HosteseDogadjaji (HosteseDogadjajiID, HostesaID, DogadjajID) values (115, 62, 60);
insert into HosteseDogadjaji (HosteseDogadjajiID, HostesaID, DogadjajID) values (116, 53, 289);
insert into HosteseDogadjaji (HosteseDogadjajiID, HostesaID, DogadjajID) values (117, 84, 316);
insert into HosteseDogadjaji (HosteseDogadjajiID, HostesaID, DogadjajID) values (118, 60, 190);
insert into HosteseDogadjaji (HosteseDogadjajiID, HostesaID, DogadjajID) values (119, 67, 194);
insert into HosteseDogadjaji (HosteseDogadjajiID, HostesaID, DogadjajID) values (120, 64, 210);
insert into HosteseDogadjaji (HosteseDogadjajiID, HostesaID, DogadjajID) values (121, 46, 333);
insert into HosteseDogadjaji (HosteseDogadjajiID, HostesaID, DogadjajID) values (122, 48, 166);
insert into HosteseDogadjaji (HosteseDogadjajiID, HostesaID, DogadjajID) values (123, 87, 315);
insert into HosteseDogadjaji (HosteseDogadjajiID, HostesaID, DogadjajID) values (124, 57, 139);
insert into HosteseDogadjaji (HosteseDogadjajiID, HostesaID, DogadjajID) values (125, 79, 335);
insert into HosteseDogadjaji (HosteseDogadjajiID, HostesaID, DogadjajID) values (126, 88, 183);
insert into HosteseDogadjaji (HosteseDogadjajiID, HostesaID, DogadjajID) values (127, 68, 289);
insert into HosteseDogadjaji (HosteseDogadjajiID, HostesaID, DogadjajID) values (128, 43, 44);
insert into HosteseDogadjaji (HosteseDogadjajiID, HostesaID, DogadjajID) values (129, 68, 136);
insert into HosteseDogadjaji (HosteseDogadjajiID, HostesaID, DogadjajID) values (130, 88, 61);
insert into HosteseDogadjaji (HosteseDogadjajiID, HostesaID, DogadjajID) values (131, 77, 141);
insert into HosteseDogadjaji (HosteseDogadjajiID, HostesaID, DogadjajID) values (132, 99, 230);
insert into HosteseDogadjaji (HosteseDogadjajiID, HostesaID, DogadjajID) values (133, 77, 328);
insert into HosteseDogadjaji (HosteseDogadjajiID, HostesaID, DogadjajID) values (134, 90, 251);
insert into HosteseDogadjaji (HosteseDogadjajiID, HostesaID, DogadjajID) values (135, 64, 161);
insert into HosteseDogadjaji (HosteseDogadjajiID, HostesaID, DogadjajID) values (136, 43, 13);
insert into HosteseDogadjaji (HosteseDogadjajiID, HostesaID, DogadjajID) values (137, 62, 254);
insert into HosteseDogadjaji (HosteseDogadjajiID, HostesaID, DogadjajID) values (138, 59, 278);
insert into HosteseDogadjaji (HosteseDogadjajiID, HostesaID, DogadjajID) values (139, 50, 271);
insert into HosteseDogadjaji (HosteseDogadjajiID, HostesaID, DogadjajID) values (140, 41, 225);
insert into HosteseDogadjaji (HosteseDogadjajiID, HostesaID, DogadjajID) values (141, 90, 168);
insert into HosteseDogadjaji (HosteseDogadjajiID, HostesaID, DogadjajID) values (142, 88, 348);
insert into HosteseDogadjaji (HosteseDogadjajiID, HostesaID, DogadjajID) values (143, 84, 59);
insert into HosteseDogadjaji (HosteseDogadjajiID, HostesaID, DogadjajID) values (144, 41, 21);
insert into HosteseDogadjaji (HosteseDogadjajiID, HostesaID, DogadjajID) values (145, 84, 315);
insert into HosteseDogadjaji (HosteseDogadjajiID, HostesaID, DogadjajID) values (146, 59, 271);
insert into HosteseDogadjaji (HosteseDogadjajiID, HostesaID, DogadjajID) values (147, 52, 182);
insert into HosteseDogadjaji (HosteseDogadjajiID, HostesaID, DogadjajID) values (148, 96, 213);
insert into HosteseDogadjaji (HosteseDogadjajiID, HostesaID, DogadjajID) values (149, 97, 246);
insert into HosteseDogadjaji (HosteseDogadjajiID, HostesaID, DogadjajID) values (150, 60, 60);
insert into HosteseDogadjaji (HosteseDogadjajiID, HostesaID, DogadjajID) values (151, 86, 231);
insert into HosteseDogadjaji (HosteseDogadjajiID, HostesaID, DogadjajID) values (152, 48, 262);
insert into HosteseDogadjaji (HosteseDogadjajiID, HostesaID, DogadjajID) values (153, 70, 39);
insert into HosteseDogadjaji (HosteseDogadjajiID, HostesaID, DogadjajID) values (154, 60, 104);
insert into HosteseDogadjaji (HosteseDogadjajiID, HostesaID, DogadjajID) values (155, 61, 152);
insert into HosteseDogadjaji (HosteseDogadjajiID, HostesaID, DogadjajID) values (156, 49, 195);
insert into HosteseDogadjaji (HosteseDogadjajiID, HostesaID, DogadjajID) values (157, 81, 274);
insert into HosteseDogadjaji (HosteseDogadjajiID, HostesaID, DogadjajID) values (158, 86, 325);
insert into HosteseDogadjaji (HosteseDogadjajiID, HostesaID, DogadjajID) values (159, 74, 276);
insert into HosteseDogadjaji (HosteseDogadjajiID, HostesaID, DogadjajID) values (160, 56, 271);
insert into HosteseDogadjaji (HosteseDogadjajiID, HostesaID, DogadjajID) values (161, 78, 228);
insert into HosteseDogadjaji (HosteseDogadjajiID, HostesaID, DogadjajID) values (162, 77, 281);
insert into HosteseDogadjaji (HosteseDogadjajiID, HostesaID, DogadjajID) values (163, 100, 149);
insert into HosteseDogadjaji (HosteseDogadjajiID, HostesaID, DogadjajID) values (164, 48, 113);
insert into HosteseDogadjaji (HosteseDogadjajiID, HostesaID, DogadjajID) values (165, 60, 24);
insert into HosteseDogadjaji (HosteseDogadjajiID, HostesaID, DogadjajID) values (166, 96, 77);
insert into HosteseDogadjaji (HosteseDogadjajiID, HostesaID, DogadjajID) values (167, 62, 191);
insert into HosteseDogadjaji (HosteseDogadjajiID, HostesaID, DogadjajID) values (168, 54, 232);
insert into HosteseDogadjaji (HosteseDogadjajiID, HostesaID, DogadjajID) values (169, 57, 181);
insert into HosteseDogadjaji (HosteseDogadjajiID, HostesaID, DogadjajID) values (170, 58, 240);
insert into HosteseDogadjaji (HosteseDogadjajiID, HostesaID, DogadjajID) values (171, 66, 35);
insert into HosteseDogadjaji (HosteseDogadjajiID, HostesaID, DogadjajID) values (172, 99, 6);
insert into HosteseDogadjaji (HosteseDogadjajiID, HostesaID, DogadjajID) values (173, 87, 338);
insert into HosteseDogadjaji (HosteseDogadjajiID, HostesaID, DogadjajID) values (174, 83, 313);
insert into HosteseDogadjaji (HosteseDogadjajiID, HostesaID, DogadjajID) values (175, 83, 125);
insert into HosteseDogadjaji (HosteseDogadjajiID, HostesaID, DogadjajID) values (176, 73, 152);
insert into HosteseDogadjaji (HosteseDogadjajiID, HostesaID, DogadjajID) values (177, 67, 249);
insert into HosteseDogadjaji (HosteseDogadjajiID, HostesaID, DogadjajID) values (178, 49, 99);
insert into HosteseDogadjaji (HosteseDogadjajiID, HostesaID, DogadjajID) values (179, 58, 63);
insert into HosteseDogadjaji (HosteseDogadjajiID, HostesaID, DogadjajID) values (180, 96, 138);
insert into HosteseDogadjaji (HosteseDogadjajiID, HostesaID, DogadjajID) values (181, 59, 21);
insert into HosteseDogadjaji (HosteseDogadjajiID, HostesaID, DogadjajID) values (182, 66, 88);
insert into HosteseDogadjaji (HosteseDogadjajiID, HostesaID, DogadjajID) values (183, 73, 227);
insert into HosteseDogadjaji (HosteseDogadjajiID, HostesaID, DogadjajID) values (184, 75, 21);
insert into HosteseDogadjaji (HosteseDogadjajiID, HostesaID, DogadjajID) values (185, 79, 277);
insert into HosteseDogadjaji (HosteseDogadjajiID, HostesaID, DogadjajID) values (186, 58, 57);
insert into HosteseDogadjaji (HosteseDogadjajiID, HostesaID, DogadjajID) values (187, 99, 71);
insert into HosteseDogadjaji (HosteseDogadjajiID, HostesaID, DogadjajID) values (188, 80, 338);
insert into HosteseDogadjaji (HosteseDogadjajiID, HostesaID, DogadjajID) values (189, 62, 33);
insert into HosteseDogadjaji (HosteseDogadjajiID, HostesaID, DogadjajID) values (190, 79, 182);
insert into HosteseDogadjaji (HosteseDogadjajiID, HostesaID, DogadjajID) values (191, 91, 199);
insert into HosteseDogadjaji (HosteseDogadjajiID, HostesaID, DogadjajID) values (192, 98, 66);
insert into HosteseDogadjaji (HosteseDogadjajiID, HostesaID, DogadjajID) values (193, 67, 136);
insert into HosteseDogadjaji (HosteseDogadjajiID, HostesaID, DogadjajID) values (194, 89, 241);
insert into HosteseDogadjaji (HosteseDogadjajiID, HostesaID, DogadjajID) values (195, 68, 68);
insert into HosteseDogadjaji (HosteseDogadjajiID, HostesaID, DogadjajID) values (196, 60, 289);
insert into HosteseDogadjaji (HosteseDogadjajiID, HostesaID, DogadjajID) values (197, 63, 334);
insert into HosteseDogadjaji (HosteseDogadjajiID, HostesaID, DogadjajID) values (198, 56, 20);
insert into HosteseDogadjaji (HosteseDogadjajiID, HostesaID, DogadjajID) values (199, 55, 31);
insert into HosteseDogadjaji (HosteseDogadjajiID, HostesaID, DogadjajID) values (200, 90, 3);
insert into HosteseDogadjaji (HosteseDogadjajiID, HostesaID, DogadjajID) values (201, 88, 35);
insert into HosteseDogadjaji (HosteseDogadjajiID, HostesaID, DogadjajID) values (202, 84, 183);
insert into HosteseDogadjaji (HosteseDogadjajiID, HostesaID, DogadjajID) values (203, 41, 270);
insert into HosteseDogadjaji (HosteseDogadjajiID, HostesaID, DogadjajID) values (204, 94, 159);
insert into HosteseDogadjaji (HosteseDogadjajiID, HostesaID, DogadjajID) values (205, 83, 79);
insert into HosteseDogadjaji (HosteseDogadjajiID, HostesaID, DogadjajID) values (206, 49, 274);
insert into HosteseDogadjaji (HosteseDogadjajiID, HostesaID, DogadjajID) values (207, 72, 288);
insert into HosteseDogadjaji (HosteseDogadjajiID, HostesaID, DogadjajID) values (208, 50, 250);
insert into HosteseDogadjaji (HosteseDogadjajiID, HostesaID, DogadjajID) values (209, 58, 98);
insert into HosteseDogadjaji (HosteseDogadjajiID, HostesaID, DogadjajID) values (210, 77, 318);
insert into HosteseDogadjaji (HosteseDogadjajiID, HostesaID, DogadjajID) values (211, 59, 39);
insert into HosteseDogadjaji (HosteseDogadjajiID, HostesaID, DogadjajID) values (212, 55, 137);
insert into HosteseDogadjaji (HosteseDogadjajiID, HostesaID, DogadjajID) values (213, 86, 208);
insert into HosteseDogadjaji (HosteseDogadjajiID, HostesaID, DogadjajID) values (214, 41, 187);
insert into HosteseDogadjaji (HosteseDogadjajiID, HostesaID, DogadjajID) values (215, 73, 77);
insert into HosteseDogadjaji (HosteseDogadjajiID, HostesaID, DogadjajID) values (216, 86, 256);
insert into HosteseDogadjaji (HosteseDogadjajiID, HostesaID, DogadjajID) values (217, 43, 222);
insert into HosteseDogadjaji (HosteseDogadjajiID, HostesaID, DogadjajID) values (218, 95, 43);
insert into HosteseDogadjaji (HosteseDogadjajiID, HostesaID, DogadjajID) values (219, 59, 310);
insert into HosteseDogadjaji (HosteseDogadjajiID, HostesaID, DogadjajID) values (220, 64, 144);
insert into HosteseDogadjaji (HosteseDogadjajiID, HostesaID, DogadjajID) values (221, 76, 25);
insert into HosteseDogadjaji (HosteseDogadjajiID, HostesaID, DogadjajID) values (222, 93, 199);
insert into HosteseDogadjaji (HosteseDogadjajiID, HostesaID, DogadjajID) values (223, 49, 189);
insert into HosteseDogadjaji (HosteseDogadjajiID, HostesaID, DogadjajID) values (224, 89, 57);
insert into HosteseDogadjaji (HosteseDogadjajiID, HostesaID, DogadjajID) values (225, 50, 210);
insert into HosteseDogadjaji (HosteseDogadjajiID, HostesaID, DogadjajID) values (226, 93, 349);
insert into HosteseDogadjaji (HosteseDogadjajiID, HostesaID, DogadjajID) values (227, 87, 322);
insert into HosteseDogadjaji (HosteseDogadjajiID, HostesaID, DogadjajID) values (228, 47, 49);
insert into HosteseDogadjaji (HosteseDogadjajiID, HostesaID, DogadjajID) values (229, 53, 16);
insert into HosteseDogadjaji (HosteseDogadjajiID, HostesaID, DogadjajID) values (230, 88, 240);
insert into HosteseDogadjaji (HosteseDogadjajiID, HostesaID, DogadjajID) values (231, 96, 164);
insert into HosteseDogadjaji (HosteseDogadjajiID, HostesaID, DogadjajID) values (232, 65, 99);
insert into HosteseDogadjaji (HosteseDogadjajiID, HostesaID, DogadjajID) values (233, 63, 115);
insert into HosteseDogadjaji (HosteseDogadjajiID, HostesaID, DogadjajID) values (234, 54, 167);
insert into HosteseDogadjaji (HosteseDogadjajiID, HostesaID, DogadjajID) values (235, 45, 242);
insert into HosteseDogadjaji (HosteseDogadjajiID, HostesaID, DogadjajID) values (236, 48, 97);
insert into HosteseDogadjaji (HosteseDogadjajiID, HostesaID, DogadjajID) values (237, 47, 341);
insert into HosteseDogadjaji (HosteseDogadjajiID, HostesaID, DogadjajID) values (238, 90, 303);
insert into HosteseDogadjaji (HosteseDogadjajiID, HostesaID, DogadjajID) values (239, 58, 255);
insert into HosteseDogadjaji (HosteseDogadjajiID, HostesaID, DogadjajID) values (240, 45, 110);
insert into HosteseDogadjaji (HosteseDogadjajiID, HostesaID, DogadjajID) values (241, 93, 327);
insert into HosteseDogadjaji (HosteseDogadjajiID, HostesaID, DogadjajID) values (242, 51, 79);
insert into HosteseDogadjaji (HosteseDogadjajiID, HostesaID, DogadjajID) values (243, 95, 64);
insert into HosteseDogadjaji (HosteseDogadjajiID, HostesaID, DogadjajID) values (244, 97, 140);
insert into HosteseDogadjaji (HosteseDogadjajiID, HostesaID, DogadjajID) values (245, 83, 30);
insert into HosteseDogadjaji (HosteseDogadjajiID, HostesaID, DogadjajID) values (246, 89, 99);
insert into HosteseDogadjaji (HosteseDogadjajiID, HostesaID, DogadjajID) values (247, 70, 72);
insert into HosteseDogadjaji (HosteseDogadjajiID, HostesaID, DogadjajID) values (248, 41, 44);
insert into HosteseDogadjaji (HosteseDogadjajiID, HostesaID, DogadjajID) values (249, 42, 325);
insert into HosteseDogadjaji (HosteseDogadjajiID, HostesaID, DogadjajID) values (250, 57, 59);
insert into HosteseDogadjaji (HosteseDogadjajiID, HostesaID, DogadjajID) values (251, 94, 9);
insert into HosteseDogadjaji (HosteseDogadjajiID, HostesaID, DogadjajID) values (252, 58, 324);
insert into HosteseDogadjaji (HosteseDogadjajiID, HostesaID, DogadjajID) values (253, 76, 146);
insert into HosteseDogadjaji (HosteseDogadjajiID, HostesaID, DogadjajID) values (254, 48, 62);
insert into HosteseDogadjaji (HosteseDogadjajiID, HostesaID, DogadjajID) values (255, 71, 206);
insert into HosteseDogadjaji (HosteseDogadjajiID, HostesaID, DogadjajID) values (256, 72, 287);
insert into HosteseDogadjaji (HosteseDogadjajiID, HostesaID, DogadjajID) values (257, 89, 311);
insert into HosteseDogadjaji (HosteseDogadjajiID, HostesaID, DogadjajID) values (258, 77, 340);
insert into HosteseDogadjaji (HosteseDogadjajiID, HostesaID, DogadjajID) values (259, 48, 209);
insert into HosteseDogadjaji (HosteseDogadjajiID, HostesaID, DogadjajID) values (260, 89, 214);
insert into HosteseDogadjaji (HosteseDogadjajiID, HostesaID, DogadjajID) values (261, 75, 126);
insert into HosteseDogadjaji (HosteseDogadjajiID, HostesaID, DogadjajID) values (262, 61, 340);
insert into HosteseDogadjaji (HosteseDogadjajiID, HostesaID, DogadjajID) values (263, 96, 12);
insert into HosteseDogadjaji (HosteseDogadjajiID, HostesaID, DogadjajID) values (264, 54, 176);
insert into HosteseDogadjaji (HosteseDogadjajiID, HostesaID, DogadjajID) values (265, 100, 201);
insert into HosteseDogadjaji (HosteseDogadjajiID, HostesaID, DogadjajID) values (266, 61, 65);
insert into HosteseDogadjaji (HosteseDogadjajiID, HostesaID, DogadjajID) values (267, 87, 266);
insert into HosteseDogadjaji (HosteseDogadjajiID, HostesaID, DogadjajID) values (268, 98, 127);
insert into HosteseDogadjaji (HosteseDogadjajiID, HostesaID, DogadjajID) values (269, 76, 84);
insert into HosteseDogadjaji (HosteseDogadjajiID, HostesaID, DogadjajID) values (270, 79, 247);
insert into HosteseDogadjaji (HosteseDogadjajiID, HostesaID, DogadjajID) values (271, 79, 343);
insert into HosteseDogadjaji (HosteseDogadjajiID, HostesaID, DogadjajID) values (272, 69, 181);
insert into HosteseDogadjaji (HosteseDogadjajiID, HostesaID, DogadjajID) values (273, 92, 350);
insert into HosteseDogadjaji (HosteseDogadjajiID, HostesaID, DogadjajID) values (274, 50, 227);
insert into HosteseDogadjaji (HosteseDogadjajiID, HostesaID, DogadjajID) values (275, 45, 53);
insert into HosteseDogadjaji (HosteseDogadjajiID, HostesaID, DogadjajID) values (276, 75, 330);
insert into HosteseDogadjaji (HosteseDogadjajiID, HostesaID, DogadjajID) values (277, 91, 41);
insert into HosteseDogadjaji (HosteseDogadjajiID, HostesaID, DogadjajID) values (278, 41, 83);
insert into HosteseDogadjaji (HosteseDogadjajiID, HostesaID, DogadjajID) values (279, 72, 161);
insert into HosteseDogadjaji (HosteseDogadjajiID, HostesaID, DogadjajID) values (280, 90, 143);
insert into HosteseDogadjaji (HosteseDogadjajiID, HostesaID, DogadjajID) values (281, 78, 241);
insert into HosteseDogadjaji (HosteseDogadjajiID, HostesaID, DogadjajID) values (282, 80, 179);
insert into HosteseDogadjaji (HosteseDogadjajiID, HostesaID, DogadjajID) values (283, 71, 291);
insert into HosteseDogadjaji (HosteseDogadjajiID, HostesaID, DogadjajID) values (284, 88, 98);
insert into HosteseDogadjaji (HosteseDogadjajiID, HostesaID, DogadjajID) values (285, 42, 268);
insert into HosteseDogadjaji (HosteseDogadjajiID, HostesaID, DogadjajID) values (286, 69, 227);
insert into HosteseDogadjaji (HosteseDogadjajiID, HostesaID, DogadjajID) values (287, 100, 262);
insert into HosteseDogadjaji (HosteseDogadjajiID, HostesaID, DogadjajID) values (288, 54, 169);
insert into HosteseDogadjaji (HosteseDogadjajiID, HostesaID, DogadjajID) values (289, 50, 345);
insert into HosteseDogadjaji (HosteseDogadjajiID, HostesaID, DogadjajID) values (290, 83, 336);
insert into HosteseDogadjaji (HosteseDogadjajiID, HostesaID, DogadjajID) values (291, 99, 170);
insert into HosteseDogadjaji (HosteseDogadjajiID, HostesaID, DogadjajID) values (292, 56, 205);
insert into HosteseDogadjaji (HosteseDogadjajiID, HostesaID, DogadjajID) values (293, 77, 11);
insert into HosteseDogadjaji (HosteseDogadjajiID, HostesaID, DogadjajID) values (294, 68, 202);
insert into HosteseDogadjaji (HosteseDogadjajiID, HostesaID, DogadjajID) values (295, 77, 287);
insert into HosteseDogadjaji (HosteseDogadjajiID, HostesaID, DogadjajID) values (296, 77, 18);
insert into HosteseDogadjaji (HosteseDogadjajiID, HostesaID, DogadjajID) values (297, 71, 326);
insert into HosteseDogadjaji (HosteseDogadjajiID, HostesaID, DogadjajID) values (298, 60, 263);
insert into HosteseDogadjaji (HosteseDogadjajiID, HostesaID, DogadjajID) values (299, 73, 215);
insert into HosteseDogadjaji (HosteseDogadjajiID, HostesaID, DogadjajID) values (300, 97, 280);
insert into HosteseDogadjaji (HosteseDogadjajiID, HostesaID, DogadjajID) values (301, 87, 44);
insert into HosteseDogadjaji (HosteseDogadjajiID, HostesaID, DogadjajID) values (302, 52, 292);
insert into HosteseDogadjaji (HosteseDogadjajiID, HostesaID, DogadjajID) values (303, 66, 20);
insert into HosteseDogadjaji (HosteseDogadjajiID, HostesaID, DogadjajID) values (304, 49, 243);
insert into HosteseDogadjaji (HosteseDogadjajiID, HostesaID, DogadjajID) values (305, 65, 35);
insert into HosteseDogadjaji (HosteseDogadjajiID, HostesaID, DogadjajID) values (306, 100, 157);
insert into HosteseDogadjaji (HosteseDogadjajiID, HostesaID, DogadjajID) values (307, 95, 223);
insert into HosteseDogadjaji (HosteseDogadjajiID, HostesaID, DogadjajID) values (308, 87, 169);
insert into HosteseDogadjaji (HosteseDogadjajiID, HostesaID, DogadjajID) values (309, 94, 77);
insert into HosteseDogadjaji (HosteseDogadjajiID, HostesaID, DogadjajID) values (310, 77, 155);
insert into HosteseDogadjaji (HosteseDogadjajiID, HostesaID, DogadjajID) values (311, 64, 202);
insert into HosteseDogadjaji (HosteseDogadjajiID, HostesaID, DogadjajID) values (312, 71, 183);
insert into HosteseDogadjaji (HosteseDogadjajiID, HostesaID, DogadjajID) values (313, 75, 256);
insert into HosteseDogadjaji (HosteseDogadjajiID, HostesaID, DogadjajID) values (314, 81, 16);
insert into HosteseDogadjaji (HosteseDogadjajiID, HostesaID, DogadjajID) values (315, 56, 11);
insert into HosteseDogadjaji (HosteseDogadjajiID, HostesaID, DogadjajID) values (316, 80, 220);
insert into HosteseDogadjaji (HosteseDogadjajiID, HostesaID, DogadjajID) values (317, 92, 343);
insert into HosteseDogadjaji (HosteseDogadjajiID, HostesaID, DogadjajID) values (318, 91, 28);
insert into HosteseDogadjaji (HosteseDogadjajiID, HostesaID, DogadjajID) values (319, 52, 71);
insert into HosteseDogadjaji (HosteseDogadjajiID, HostesaID, DogadjajID) values (320, 78, 92);
insert into HosteseDogadjaji (HosteseDogadjajiID, HostesaID, DogadjajID) values (321, 56, 17);
insert into HosteseDogadjaji (HosteseDogadjajiID, HostesaID, DogadjajID) values (322, 89, 119);
insert into HosteseDogadjaji (HosteseDogadjajiID, HostesaID, DogadjajID) values (323, 99, 138);
insert into HosteseDogadjaji (HosteseDogadjajiID, HostesaID, DogadjajID) values (324, 93, 141);
insert into HosteseDogadjaji (HosteseDogadjajiID, HostesaID, DogadjajID) values (325, 48, 113);
insert into HosteseDogadjaji (HosteseDogadjajiID, HostesaID, DogadjajID) values (326, 59, 296);
insert into HosteseDogadjaji (HosteseDogadjajiID, HostesaID, DogadjajID) values (327, 92, 180);
insert into HosteseDogadjaji (HosteseDogadjajiID, HostesaID, DogadjajID) values (328, 98, 267);
insert into HosteseDogadjaji (HosteseDogadjajiID, HostesaID, DogadjajID) values (329, 59, 19);
insert into HosteseDogadjaji (HosteseDogadjajiID, HostesaID, DogadjajID) values (330, 70, 144);
insert into HosteseDogadjaji (HosteseDogadjajiID, HostesaID, DogadjajID) values (331, 56, 130);
insert into HosteseDogadjaji (HosteseDogadjajiID, HostesaID, DogadjajID) values (332, 50, 40);
insert into HosteseDogadjaji (HosteseDogadjajiID, HostesaID, DogadjajID) values (333, 100, 4);
insert into HosteseDogadjaji (HosteseDogadjajiID, HostesaID, DogadjajID) values (334, 75, 118);
insert into HosteseDogadjaji (HosteseDogadjajiID, HostesaID, DogadjajID) values (335, 60, 329);
insert into HosteseDogadjaji (HosteseDogadjajiID, HostesaID, DogadjajID) values (336, 97, 340);
insert into HosteseDogadjaji (HosteseDogadjajiID, HostesaID, DogadjajID) values (337, 92, 198);
insert into HosteseDogadjaji (HosteseDogadjajiID, HostesaID, DogadjajID) values (338, 84, 38);
insert into HosteseDogadjaji (HosteseDogadjajiID, HostesaID, DogadjajID) values (339, 67, 205);
insert into HosteseDogadjaji (HosteseDogadjajiID, HostesaID, DogadjajID) values (340, 80, 47);
insert into HosteseDogadjaji (HosteseDogadjajiID, HostesaID, DogadjajID) values (341, 90, 260);
insert into HosteseDogadjaji (HosteseDogadjajiID, HostesaID, DogadjajID) values (342, 97, 78);
insert into HosteseDogadjaji (HosteseDogadjajiID, HostesaID, DogadjajID) values (343, 41, 325);
insert into HosteseDogadjaji (HosteseDogadjajiID, HostesaID, DogadjajID) values (344, 79, 163);
insert into HosteseDogadjaji (HosteseDogadjajiID, HostesaID, DogadjajID) values (345, 75, 157);
insert into HosteseDogadjaji (HosteseDogadjajiID, HostesaID, DogadjajID) values (346, 44, 59);
insert into HosteseDogadjaji (HosteseDogadjajiID, HostesaID, DogadjajID) values (347, 72, 67);
insert into HosteseDogadjaji (HosteseDogadjajiID, HostesaID, DogadjajID) values (348, 62, 101);
insert into HosteseDogadjaji (HosteseDogadjajiID, HostesaID, DogadjajID) values (349, 89, 172);
insert into HosteseDogadjaji (HosteseDogadjajiID, HostesaID, DogadjajID) values (350, 46, 222);
insert into HosteseDogadjaji (HosteseDogadjajiID, HostesaID, DogadjajID) values (351, 78, 79);
insert into HosteseDogadjaji (HosteseDogadjajiID, HostesaID, DogadjajID) values (352, 96, 126);
insert into HosteseDogadjaji (HosteseDogadjajiID, HostesaID, DogadjajID) values (353, 62, 75);
insert into HosteseDogadjaji (HosteseDogadjajiID, HostesaID, DogadjajID) values (354, 68, 36);
insert into HosteseDogadjaji (HosteseDogadjajiID, HostesaID, DogadjajID) values (355, 55, 34);
insert into HosteseDogadjaji (HosteseDogadjajiID, HostesaID, DogadjajID) values (356, 99, 87);
insert into HosteseDogadjaji (HosteseDogadjajiID, HostesaID, DogadjajID) values (357, 95, 302);
insert into HosteseDogadjaji (HosteseDogadjajiID, HostesaID, DogadjajID) values (358, 41, 94);
insert into HosteseDogadjaji (HosteseDogadjajiID, HostesaID, DogadjajID) values (359, 92, 291);
insert into HosteseDogadjaji (HosteseDogadjajiID, HostesaID, DogadjajID) values (360, 96, 103);
insert into HosteseDogadjaji (HosteseDogadjajiID, HostesaID, DogadjajID) values (361, 82, 251);
insert into HosteseDogadjaji (HosteseDogadjajiID, HostesaID, DogadjajID) values (362, 47, 348);
insert into HosteseDogadjaji (HosteseDogadjajiID, HostesaID, DogadjajID) values (363, 82, 175);
insert into HosteseDogadjaji (HosteseDogadjajiID, HostesaID, DogadjajID) values (364, 82, 251);
insert into HosteseDogadjaji (HosteseDogadjajiID, HostesaID, DogadjajID) values (365, 88, 212);
insert into HosteseDogadjaji (HosteseDogadjajiID, HostesaID, DogadjajID) values (366, 93, 183);
insert into HosteseDogadjaji (HosteseDogadjajiID, HostesaID, DogadjajID) values (367, 98, 208);
insert into HosteseDogadjaji (HosteseDogadjajiID, HostesaID, DogadjajID) values (368, 62, 297);
insert into HosteseDogadjaji (HosteseDogadjajiID, HostesaID, DogadjajID) values (369, 68, 296);
insert into HosteseDogadjaji (HosteseDogadjajiID, HostesaID, DogadjajID) values (370, 89, 12);
insert into HosteseDogadjaji (HosteseDogadjajiID, HostesaID, DogadjajID) values (371, 60, 124);
insert into HosteseDogadjaji (HosteseDogadjajiID, HostesaID, DogadjajID) values (372, 46, 229);
insert into HosteseDogadjaji (HosteseDogadjajiID, HostesaID, DogadjajID) values (373, 82, 169);
insert into HosteseDogadjaji (HosteseDogadjajiID, HostesaID, DogadjajID) values (374, 71, 73);
insert into HosteseDogadjaji (HosteseDogadjajiID, HostesaID, DogadjajID) values (375, 54, 347);
insert into HosteseDogadjaji (HosteseDogadjajiID, HostesaID, DogadjajID) values (376, 94, 193);
insert into HosteseDogadjaji (HosteseDogadjajiID, HostesaID, DogadjajID) values (377, 76, 247);
insert into HosteseDogadjaji (HosteseDogadjajiID, HostesaID, DogadjajID) values (378, 78, 73);
insert into HosteseDogadjaji (HosteseDogadjajiID, HostesaID, DogadjajID) values (379, 95, 7);
insert into HosteseDogadjaji (HosteseDogadjajiID, HostesaID, DogadjajID) values (380, 66, 58);
insert into HosteseDogadjaji (HosteseDogadjajiID, HostesaID, DogadjajID) values (381, 87, 272);
insert into HosteseDogadjaji (HosteseDogadjajiID, HostesaID, DogadjajID) values (382, 72, 304);
insert into HosteseDogadjaji (HosteseDogadjajiID, HostesaID, DogadjajID) values (383, 49, 108);
insert into HosteseDogadjaji (HosteseDogadjajiID, HostesaID, DogadjajID) values (384, 59, 170);
insert into HosteseDogadjaji (HosteseDogadjajiID, HostesaID, DogadjajID) values (385, 69, 134);
insert into HosteseDogadjaji (HosteseDogadjajiID, HostesaID, DogadjajID) values (386, 60, 127);
insert into HosteseDogadjaji (HosteseDogadjajiID, HostesaID, DogadjajID) values (387, 60, 20);
insert into HosteseDogadjaji (HosteseDogadjajiID, HostesaID, DogadjajID) values (388, 96, 294);
insert into HosteseDogadjaji (HosteseDogadjajiID, HostesaID, DogadjajID) values (389, 94, 133);
insert into HosteseDogadjaji (HosteseDogadjajiID, HostesaID, DogadjajID) values (390, 78, 3);
insert into HosteseDogadjaji (HosteseDogadjajiID, HostesaID, DogadjajID) values (391, 76, 110);
insert into HosteseDogadjaji (HosteseDogadjajiID, HostesaID, DogadjajID) values (392, 58, 129);
insert into HosteseDogadjaji (HosteseDogadjajiID, HostesaID, DogadjajID) values (393, 67, 138);
insert into HosteseDogadjaji (HosteseDogadjajiID, HostesaID, DogadjajID) values (394, 60, 320);
insert into HosteseDogadjaji (HosteseDogadjajiID, HostesaID, DogadjajID) values (395, 72, 235);
insert into HosteseDogadjaji (HosteseDogadjajiID, HostesaID, DogadjajID) values (396, 48, 239);
insert into HosteseDogadjaji (HosteseDogadjajiID, HostesaID, DogadjajID) values (397, 99, 56);
insert into HosteseDogadjaji (HosteseDogadjajiID, HostesaID, DogadjajID) values (398, 95, 86);
insert into HosteseDogadjaji (HosteseDogadjajiID, HostesaID, DogadjajID) values (399, 100, 155);
insert into HosteseDogadjaji (HosteseDogadjajiID, HostesaID, DogadjajID) values (400, 57, 155);
insert into HosteseDogadjaji (HosteseDogadjajiID, HostesaID, DogadjajID) values (401, 76, 315);
insert into HosteseDogadjaji (HosteseDogadjajiID, HostesaID, DogadjajID) values (402, 81, 161);
insert into HosteseDogadjaji (HosteseDogadjajiID, HostesaID, DogadjajID) values (403, 84, 160);
insert into HosteseDogadjaji (HosteseDogadjajiID, HostesaID, DogadjajID) values (404, 69, 94);
insert into HosteseDogadjaji (HosteseDogadjajiID, HostesaID, DogadjajID) values (405, 66, 335);
insert into HosteseDogadjaji (HosteseDogadjajiID, HostesaID, DogadjajID) values (406, 45, 94);
insert into HosteseDogadjaji (HosteseDogadjajiID, HostesaID, DogadjajID) values (407, 68, 173);
insert into HosteseDogadjaji (HosteseDogadjajiID, HostesaID, DogadjajID) values (408, 95, 192);
insert into HosteseDogadjaji (HosteseDogadjajiID, HostesaID, DogadjajID) values (409, 66, 317);
insert into HosteseDogadjaji (HosteseDogadjajiID, HostesaID, DogadjajID) values (410, 88, 257);
insert into HosteseDogadjaji (HosteseDogadjajiID, HostesaID, DogadjajID) values (411, 83, 122);
insert into HosteseDogadjaji (HosteseDogadjajiID, HostesaID, DogadjajID) values (412, 67, 286);
insert into HosteseDogadjaji (HosteseDogadjajiID, HostesaID, DogadjajID) values (413, 57, 9);
insert into HosteseDogadjaji (HosteseDogadjajiID, HostesaID, DogadjajID) values (414, 48, 334);
insert into HosteseDogadjaji (HosteseDogadjajiID, HostesaID, DogadjajID) values (415, 84, 240);
insert into HosteseDogadjaji (HosteseDogadjajiID, HostesaID, DogadjajID) values (416, 65, 280);
insert into HosteseDogadjaji (HosteseDogadjajiID, HostesaID, DogadjajID) values (417, 90, 241);
insert into HosteseDogadjaji (HosteseDogadjajiID, HostesaID, DogadjajID) values (418, 75, 327);
insert into HosteseDogadjaji (HosteseDogadjajiID, HostesaID, DogadjajID) values (419, 63, 149);
insert into HosteseDogadjaji (HosteseDogadjajiID, HostesaID, DogadjajID) values (420, 67, 160);
insert into HosteseDogadjaji (HosteseDogadjajiID, HostesaID, DogadjajID) values (421, 42, 289);
insert into HosteseDogadjaji (HosteseDogadjajiID, HostesaID, DogadjajID) values (422, 85, 200);
insert into HosteseDogadjaji (HosteseDogadjajiID, HostesaID, DogadjajID) values (423, 78, 185);
insert into HosteseDogadjaji (HosteseDogadjajiID, HostesaID, DogadjajID) values (424, 53, 210);
insert into HosteseDogadjaji (HosteseDogadjajiID, HostesaID, DogadjajID) values (425, 95, 57);
insert into HosteseDogadjaji (HosteseDogadjajiID, HostesaID, DogadjajID) values (426, 58, 246);
insert into HosteseDogadjaji (HosteseDogadjajiID, HostesaID, DogadjajID) values (427, 81, 182);
insert into HosteseDogadjaji (HosteseDogadjajiID, HostesaID, DogadjajID) values (428, 50, 241);
insert into HosteseDogadjaji (HosteseDogadjajiID, HostesaID, DogadjajID) values (429, 83, 17);
insert into HosteseDogadjaji (HosteseDogadjajiID, HostesaID, DogadjajID) values (430, 78, 87);
insert into HosteseDogadjaji (HosteseDogadjajiID, HostesaID, DogadjajID) values (431, 43, 206);
insert into HosteseDogadjaji (HosteseDogadjajiID, HostesaID, DogadjajID) values (432, 81, 135);
insert into HosteseDogadjaji (HosteseDogadjajiID, HostesaID, DogadjajID) values (433, 66, 328);
insert into HosteseDogadjaji (HosteseDogadjajiID, HostesaID, DogadjajID) values (434, 88, 286);
insert into HosteseDogadjaji (HosteseDogadjajiID, HostesaID, DogadjajID) values (435, 49, 325);
insert into HosteseDogadjaji (HosteseDogadjajiID, HostesaID, DogadjajID) values (436, 63, 63);
insert into HosteseDogadjaji (HosteseDogadjajiID, HostesaID, DogadjajID) values (437, 98, 164);
insert into HosteseDogadjaji (HosteseDogadjajiID, HostesaID, DogadjajID) values (438, 98, 291);
insert into HosteseDogadjaji (HosteseDogadjajiID, HostesaID, DogadjajID) values (439, 71, 26);
insert into HosteseDogadjaji (HosteseDogadjajiID, HostesaID, DogadjajID) values (440, 43, 297);
insert into HosteseDogadjaji (HosteseDogadjajiID, HostesaID, DogadjajID) values (441, 93, 1);
insert into HosteseDogadjaji (HosteseDogadjajiID, HostesaID, DogadjajID) values (442, 66, 246);
insert into HosteseDogadjaji (HosteseDogadjajiID, HostesaID, DogadjajID) values (443, 96, 196);
insert into HosteseDogadjaji (HosteseDogadjajiID, HostesaID, DogadjajID) values (444, 59, 22);
insert into HosteseDogadjaji (HosteseDogadjajiID, HostesaID, DogadjajID) values (445, 84, 335);
insert into HosteseDogadjaji (HosteseDogadjajiID, HostesaID, DogadjajID) values (446, 58, 336);
insert into HosteseDogadjaji (HosteseDogadjajiID, HostesaID, DogadjajID) values (447, 68, 292);
insert into HosteseDogadjaji (HosteseDogadjajiID, HostesaID, DogadjajID) values (448, 58, 8);
insert into HosteseDogadjaji (HosteseDogadjajiID, HostesaID, DogadjajID) values (449, 53, 113);
insert into HosteseDogadjaji (HosteseDogadjajiID, HostesaID, DogadjajID) values (450, 70, 114);
insert into HosteseDogadjaji (HosteseDogadjajiID, HostesaID, DogadjajID) values (451, 82, 55);
insert into HosteseDogadjaji (HosteseDogadjajiID, HostesaID, DogadjajID) values (452, 76, 15);
insert into HosteseDogadjaji (HosteseDogadjajiID, HostesaID, DogadjajID) values (453, 79, 275);
insert into HosteseDogadjaji (HosteseDogadjajiID, HostesaID, DogadjajID) values (454, 47, 218);
insert into HosteseDogadjaji (HosteseDogadjajiID, HostesaID, DogadjajID) values (455, 41, 332);
insert into HosteseDogadjaji (HosteseDogadjajiID, HostesaID, DogadjajID) values (456, 46, 34);
insert into HosteseDogadjaji (HosteseDogadjajiID, HostesaID, DogadjajID) values (457, 69, 316);
insert into HosteseDogadjaji (HosteseDogadjajiID, HostesaID, DogadjajID) values (458, 97, 198);
insert into HosteseDogadjaji (HosteseDogadjajiID, HostesaID, DogadjajID) values (459, 70, 276);
insert into HosteseDogadjaji (HosteseDogadjajiID, HostesaID, DogadjajID) values (460, 58, 299);
insert into HosteseDogadjaji (HosteseDogadjajiID, HostesaID, DogadjajID) values (461, 67, 319);
insert into HosteseDogadjaji (HosteseDogadjajiID, HostesaID, DogadjajID) values (462, 44, 188);
insert into HosteseDogadjaji (HosteseDogadjajiID, HostesaID, DogadjajID) values (463, 42, 2);
insert into HosteseDogadjaji (HosteseDogadjajiID, HostesaID, DogadjajID) values (464, 63, 287);
insert into HosteseDogadjaji (HosteseDogadjajiID, HostesaID, DogadjajID) values (465, 58, 70);
insert into HosteseDogadjaji (HosteseDogadjajiID, HostesaID, DogadjajID) values (466, 57, 75);
insert into HosteseDogadjaji (HosteseDogadjajiID, HostesaID, DogadjajID) values (467, 77, 211);
insert into HosteseDogadjaji (HosteseDogadjajiID, HostesaID, DogadjajID) values (468, 78, 209);
insert into HosteseDogadjaji (HosteseDogadjajiID, HostesaID, DogadjajID) values (469, 88, 335);
insert into HosteseDogadjaji (HosteseDogadjajiID, HostesaID, DogadjajID) values (470, 98, 323);
insert into HosteseDogadjaji (HosteseDogadjajiID, HostesaID, DogadjajID) values (471, 49, 8);
insert into HosteseDogadjaji (HosteseDogadjajiID, HostesaID, DogadjajID) values (472, 42, 88);
insert into HosteseDogadjaji (HosteseDogadjajiID, HostesaID, DogadjajID) values (473, 59, 66);
insert into HosteseDogadjaji (HosteseDogadjajiID, HostesaID, DogadjajID) values (474, 68, 279);
insert into HosteseDogadjaji (HosteseDogadjajiID, HostesaID, DogadjajID) values (475, 93, 85);
insert into HosteseDogadjaji (HosteseDogadjajiID, HostesaID, DogadjajID) values (476, 65, 283);
insert into HosteseDogadjaji (HosteseDogadjajiID, HostesaID, DogadjajID) values (477, 41, 128);
insert into HosteseDogadjaji (HosteseDogadjajiID, HostesaID, DogadjajID) values (478, 59, 122);
insert into HosteseDogadjaji (HosteseDogadjajiID, HostesaID, DogadjajID) values (479, 53, 293);
insert into HosteseDogadjaji (HosteseDogadjajiID, HostesaID, DogadjajID) values (480, 60, 333);
insert into HosteseDogadjaji (HosteseDogadjajiID, HostesaID, DogadjajID) values (481, 60, 87);
insert into HosteseDogadjaji (HosteseDogadjajiID, HostesaID, DogadjajID) values (482, 91, 101);
insert into HosteseDogadjaji (HosteseDogadjajiID, HostesaID, DogadjajID) values (483, 87, 78);
insert into HosteseDogadjaji (HosteseDogadjajiID, HostesaID, DogadjajID) values (484, 53, 2);
insert into HosteseDogadjaji (HosteseDogadjajiID, HostesaID, DogadjajID) values (485, 88, 34);
insert into HosteseDogadjaji (HosteseDogadjajiID, HostesaID, DogadjajID) values (486, 46, 27);
insert into HosteseDogadjaji (HosteseDogadjajiID, HostesaID, DogadjajID) values (487, 93, 196);
insert into HosteseDogadjaji (HosteseDogadjajiID, HostesaID, DogadjajID) values (488, 92, 50);
insert into HosteseDogadjaji (HosteseDogadjajiID, HostesaID, DogadjajID) values (489, 79, 126);
insert into HosteseDogadjaji (HosteseDogadjajiID, HostesaID, DogadjajID) values (490, 64, 58);
insert into HosteseDogadjaji (HosteseDogadjajiID, HostesaID, DogadjajID) values (491, 62, 50);
insert into HosteseDogadjaji (HosteseDogadjajiID, HostesaID, DogadjajID) values (492, 63, 106);
insert into HosteseDogadjaji (HosteseDogadjajiID, HostesaID, DogadjajID) values (493, 69, 317);
insert into HosteseDogadjaji (HosteseDogadjajiID, HostesaID, DogadjajID) values (494, 54, 237);
insert into HosteseDogadjaji (HosteseDogadjajiID, HostesaID, DogadjajID) values (495, 44, 82);
insert into HosteseDogadjaji (HosteseDogadjajiID, HostesaID, DogadjajID) values (496, 73, 344);
insert into HosteseDogadjaji (HosteseDogadjajiID, HostesaID, DogadjajID) values (497, 65, 334);
insert into HosteseDogadjaji (HosteseDogadjajiID, HostesaID, DogadjajID) values (498, 84, 4);
insert into HosteseDogadjaji (HosteseDogadjajiID, HostesaID, DogadjajID) values (499, 74, 269);
insert into HosteseDogadjaji (HosteseDogadjajiID, HostesaID, DogadjajID) values (500, 56, 111);

insert into HosteseDogadjaji (HosteseDogadjajiID, HostesaID, DogadjajID) values (501, 56, 473);
insert into HosteseDogadjaji (HosteseDogadjajiID, HostesaID, DogadjajID) values (502, 84, 458);
insert into HosteseDogadjaji (HosteseDogadjajiID, HostesaID, DogadjajID) values (503, 91, 507);
insert into HosteseDogadjaji (HosteseDogadjajiID, HostesaID, DogadjajID) values (504, 65, 648);
insert into HosteseDogadjaji (HosteseDogadjajiID, HostesaID, DogadjajID) values (505, 48, 623);
insert into HosteseDogadjaji (HosteseDogadjajiID, HostesaID, DogadjajID) values (506, 69, 434);
insert into HosteseDogadjaji (HosteseDogadjajiID, HostesaID, DogadjajID) values (507, 51, 598);
insert into HosteseDogadjaji (HosteseDogadjajiID, HostesaID, DogadjajID) values (508, 41, 574);
insert into HosteseDogadjaji (HosteseDogadjajiID, HostesaID, DogadjajID) values (509, 74, 506);
insert into HosteseDogadjaji (HosteseDogadjajiID, HostesaID, DogadjajID) values (510, 47, 650);
insert into HosteseDogadjaji (HosteseDogadjajiID, HostesaID, DogadjajID) values (511, 47, 613);
insert into HosteseDogadjaji (HosteseDogadjajiID, HostesaID, DogadjajID) values (512, 98, 617);
insert into HosteseDogadjaji (HosteseDogadjajiID, HostesaID, DogadjajID) values (513, 90, 360);
insert into HosteseDogadjaji (HosteseDogadjajiID, HostesaID, DogadjajID) values (514, 65, 632);
insert into HosteseDogadjaji (HosteseDogadjajiID, HostesaID, DogadjajID) values (515, 92, 375);
insert into HosteseDogadjaji (HosteseDogadjajiID, HostesaID, DogadjajID) values (516, 70, 472);
insert into HosteseDogadjaji (HosteseDogadjajiID, HostesaID, DogadjajID) values (517, 53, 380);
insert into HosteseDogadjaji (HosteseDogadjajiID, HostesaID, DogadjajID) values (518, 42, 538);
insert into HosteseDogadjaji (HosteseDogadjajiID, HostesaID, DogadjajID) values (519, 54, 597);
insert into HosteseDogadjaji (HosteseDogadjajiID, HostesaID, DogadjajID) values (520, 57, 381);
insert into HosteseDogadjaji (HosteseDogadjajiID, HostesaID, DogadjajID) values (521, 50, 537);
insert into HosteseDogadjaji (HosteseDogadjajiID, HostesaID, DogadjajID) values (522, 92, 385);
insert into HosteseDogadjaji (HosteseDogadjajiID, HostesaID, DogadjajID) values (523, 90, 502);
insert into HosteseDogadjaji (HosteseDogadjajiID, HostesaID, DogadjajID) values (524, 57, 413);
insert into HosteseDogadjaji (HosteseDogadjajiID, HostesaID, DogadjajID) values (525, 76, 580);
insert into HosteseDogadjaji (HosteseDogadjajiID, HostesaID, DogadjajID) values (526, 88, 382);
insert into HosteseDogadjaji (HosteseDogadjajiID, HostesaID, DogadjajID) values (527, 77, 530);
insert into HosteseDogadjaji (HosteseDogadjajiID, HostesaID, DogadjajID) values (528, 82, 497);
insert into HosteseDogadjaji (HosteseDogadjajiID, HostesaID, DogadjajID) values (529, 52, 561);
insert into HosteseDogadjaji (HosteseDogadjajiID, HostesaID, DogadjajID) values (530, 72, 413);
insert into HosteseDogadjaji (HosteseDogadjajiID, HostesaID, DogadjajID) values (531, 86, 672);
insert into HosteseDogadjaji (HosteseDogadjajiID, HostesaID, DogadjajID) values (532, 64, 610);
insert into HosteseDogadjaji (HosteseDogadjajiID, HostesaID, DogadjajID) values (533, 80, 380);
insert into HosteseDogadjaji (HosteseDogadjajiID, HostesaID, DogadjajID) values (534, 48, 453);
insert into HosteseDogadjaji (HosteseDogadjajiID, HostesaID, DogadjajID) values (535, 89, 593);
insert into HosteseDogadjaji (HosteseDogadjajiID, HostesaID, DogadjajID) values (536, 83, 446);
insert into HosteseDogadjaji (HosteseDogadjajiID, HostesaID, DogadjajID) values (537, 80, 543);
insert into HosteseDogadjaji (HosteseDogadjajiID, HostesaID, DogadjajID) values (538, 97, 580);
insert into HosteseDogadjaji (HosteseDogadjajiID, HostesaID, DogadjajID) values (539, 71, 423);
insert into HosteseDogadjaji (HosteseDogadjajiID, HostesaID, DogadjajID) values (540, 58, 632);
insert into HosteseDogadjaji (HosteseDogadjajiID, HostesaID, DogadjajID) values (541, 51, 600);
insert into HosteseDogadjaji (HosteseDogadjajiID, HostesaID, DogadjajID) values (542, 52, 663);
insert into HosteseDogadjaji (HosteseDogadjajiID, HostesaID, DogadjajID) values (543, 83, 548);
insert into HosteseDogadjaji (HosteseDogadjajiID, HostesaID, DogadjajID) values (544, 95, 424);
insert into HosteseDogadjaji (HosteseDogadjajiID, HostesaID, DogadjajID) values (545, 54, 530);
insert into HosteseDogadjaji (HosteseDogadjajiID, HostesaID, DogadjajID) values (546, 96, 377);
insert into HosteseDogadjaji (HosteseDogadjajiID, HostesaID, DogadjajID) values (547, 65, 487);
insert into HosteseDogadjaji (HosteseDogadjajiID, HostesaID, DogadjajID) values (548, 51, 638);
insert into HosteseDogadjaji (HosteseDogadjajiID, HostesaID, DogadjajID) values (549, 93, 360);
insert into HosteseDogadjaji (HosteseDogadjajiID, HostesaID, DogadjajID) values (550, 46, 412);
insert into HosteseDogadjaji (HosteseDogadjajiID, HostesaID, DogadjajID) values (551, 72, 520);
insert into HosteseDogadjaji (HosteseDogadjajiID, HostesaID, DogadjajID) values (552, 86, 520);
insert into HosteseDogadjaji (HosteseDogadjajiID, HostesaID, DogadjajID) values (553, 48, 699);
insert into HosteseDogadjaji (HosteseDogadjajiID, HostesaID, DogadjajID) values (554, 62, 419);
insert into HosteseDogadjaji (HosteseDogadjajiID, HostesaID, DogadjajID) values (555, 88, 695);
insert into HosteseDogadjaji (HosteseDogadjajiID, HostesaID, DogadjajID) values (556, 41, 496);
insert into HosteseDogadjaji (HosteseDogadjajiID, HostesaID, DogadjajID) values (557, 49, 494);
insert into HosteseDogadjaji (HosteseDogadjajiID, HostesaID, DogadjajID) values (558, 95, 437);
insert into HosteseDogadjaji (HosteseDogadjajiID, HostesaID, DogadjajID) values (559, 69, 419);
insert into HosteseDogadjaji (HosteseDogadjajiID, HostesaID, DogadjajID) values (560, 67, 513);
insert into HosteseDogadjaji (HosteseDogadjajiID, HostesaID, DogadjajID) values (561, 65, 490);
insert into HosteseDogadjaji (HosteseDogadjajiID, HostesaID, DogadjajID) values (562, 79, 665);
insert into HosteseDogadjaji (HosteseDogadjajiID, HostesaID, DogadjajID) values (563, 62, 400);
insert into HosteseDogadjaji (HosteseDogadjajiID, HostesaID, DogadjajID) values (564, 41, 652);
insert into HosteseDogadjaji (HosteseDogadjajiID, HostesaID, DogadjajID) values (565, 77, 670);
insert into HosteseDogadjaji (HosteseDogadjajiID, HostesaID, DogadjajID) values (566, 55, 374);
insert into HosteseDogadjaji (HosteseDogadjajiID, HostesaID, DogadjajID) values (567, 47, 599);
insert into HosteseDogadjaji (HosteseDogadjajiID, HostesaID, DogadjajID) values (568, 86, 621);
insert into HosteseDogadjaji (HosteseDogadjajiID, HostesaID, DogadjajID) values (569, 76, 597);
insert into HosteseDogadjaji (HosteseDogadjajiID, HostesaID, DogadjajID) values (570, 43, 537);
insert into HosteseDogadjaji (HosteseDogadjajiID, HostesaID, DogadjajID) values (571, 93, 452);
insert into HosteseDogadjaji (HosteseDogadjajiID, HostesaID, DogadjajID) values (572, 51, 657);
insert into HosteseDogadjaji (HosteseDogadjajiID, HostesaID, DogadjajID) values (573, 73, 390);
insert into HosteseDogadjaji (HosteseDogadjajiID, HostesaID, DogadjajID) values (574, 63, 625);
insert into HosteseDogadjaji (HosteseDogadjajiID, HostesaID, DogadjajID) values (575, 79, 456);
insert into HosteseDogadjaji (HosteseDogadjajiID, HostesaID, DogadjajID) values (576, 50, 599);
insert into HosteseDogadjaji (HosteseDogadjajiID, HostesaID, DogadjajID) values (577, 57, 468);
insert into HosteseDogadjaji (HosteseDogadjajiID, HostesaID, DogadjajID) values (578, 71, 616);
insert into HosteseDogadjaji (HosteseDogadjajiID, HostesaID, DogadjajID) values (579, 62, 387);
insert into HosteseDogadjaji (HosteseDogadjajiID, HostesaID, DogadjajID) values (580, 48, 606);
insert into HosteseDogadjaji (HosteseDogadjajiID, HostesaID, DogadjajID) values (581, 60, 700);
insert into HosteseDogadjaji (HosteseDogadjajiID, HostesaID, DogadjajID) values (582, 85, 386);
insert into HosteseDogadjaji (HosteseDogadjajiID, HostesaID, DogadjajID) values (583, 49, 452);
insert into HosteseDogadjaji (HosteseDogadjajiID, HostesaID, DogadjajID) values (584, 62, 479);
insert into HosteseDogadjaji (HosteseDogadjajiID, HostesaID, DogadjajID) values (585, 81, 588);
insert into HosteseDogadjaji (HosteseDogadjajiID, HostesaID, DogadjajID) values (586, 42, 464);
insert into HosteseDogadjaji (HosteseDogadjajiID, HostesaID, DogadjajID) values (587, 55, 546);
insert into HosteseDogadjaji (HosteseDogadjajiID, HostesaID, DogadjajID) values (588, 89, 478);
insert into HosteseDogadjaji (HosteseDogadjajiID, HostesaID, DogadjajID) values (589, 41, 436);
insert into HosteseDogadjaji (HosteseDogadjajiID, HostesaID, DogadjajID) values (590, 42, 523);
insert into HosteseDogadjaji (HosteseDogadjajiID, HostesaID, DogadjajID) values (591, 59, 382);
insert into HosteseDogadjaji (HosteseDogadjajiID, HostesaID, DogadjajID) values (592, 86, 356);
insert into HosteseDogadjaji (HosteseDogadjajiID, HostesaID, DogadjajID) values (593, 83, 534);
insert into HosteseDogadjaji (HosteseDogadjajiID, HostesaID, DogadjajID) values (594, 91, 603);
insert into HosteseDogadjaji (HosteseDogadjajiID, HostesaID, DogadjajID) values (595, 91, 650);
insert into HosteseDogadjaji (HosteseDogadjajiID, HostesaID, DogadjajID) values (596, 68, 595);
insert into HosteseDogadjaji (HosteseDogadjajiID, HostesaID, DogadjajID) values (597, 43, 696);
insert into HosteseDogadjaji (HosteseDogadjajiID, HostesaID, DogadjajID) values (598, 72, 691);
insert into HosteseDogadjaji (HosteseDogadjajiID, HostesaID, DogadjajID) values (599, 73, 492);
insert into HosteseDogadjaji (HosteseDogadjajiID, HostesaID, DogadjajID) values (600, 91, 431);
insert into HosteseDogadjaji (HosteseDogadjajiID, HostesaID, DogadjajID) values (601, 57, 601);
insert into HosteseDogadjaji (HosteseDogadjajiID, HostesaID, DogadjajID) values (602, 90, 464);
insert into HosteseDogadjaji (HosteseDogadjajiID, HostesaID, DogadjajID) values (603, 74, 575);
insert into HosteseDogadjaji (HosteseDogadjajiID, HostesaID, DogadjajID) values (604, 59, 575);
insert into HosteseDogadjaji (HosteseDogadjajiID, HostesaID, DogadjajID) values (605, 74, 430);
insert into HosteseDogadjaji (HosteseDogadjajiID, HostesaID, DogadjajID) values (606, 72, 636);
insert into HosteseDogadjaji (HosteseDogadjajiID, HostesaID, DogadjajID) values (607, 92, 536);
insert into HosteseDogadjaji (HosteseDogadjajiID, HostesaID, DogadjajID) values (608, 41, 493);
insert into HosteseDogadjaji (HosteseDogadjajiID, HostesaID, DogadjajID) values (609, 81, 368);
insert into HosteseDogadjaji (HosteseDogadjajiID, HostesaID, DogadjajID) values (610, 63, 621);
insert into HosteseDogadjaji (HosteseDogadjajiID, HostesaID, DogadjajID) values (611, 66, 506);
insert into HosteseDogadjaji (HosteseDogadjajiID, HostesaID, DogadjajID) values (612, 49, 530);
insert into HosteseDogadjaji (HosteseDogadjajiID, HostesaID, DogadjajID) values (613, 96, 473);
insert into HosteseDogadjaji (HosteseDogadjajiID, HostesaID, DogadjajID) values (614, 88, 691);
insert into HosteseDogadjaji (HosteseDogadjajiID, HostesaID, DogadjajID) values (615, 70, 436);
insert into HosteseDogadjaji (HosteseDogadjajiID, HostesaID, DogadjajID) values (616, 73, 379);
insert into HosteseDogadjaji (HosteseDogadjajiID, HostesaID, DogadjajID) values (617, 62, 366);
insert into HosteseDogadjaji (HosteseDogadjajiID, HostesaID, DogadjajID) values (618, 49, 627);
insert into HosteseDogadjaji (HosteseDogadjajiID, HostesaID, DogadjajID) values (619, 49, 571);
insert into HosteseDogadjaji (HosteseDogadjajiID, HostesaID, DogadjajID) values (620, 83, 615);
insert into HosteseDogadjaji (HosteseDogadjajiID, HostesaID, DogadjajID) values (621, 63, 377);
insert into HosteseDogadjaji (HosteseDogadjajiID, HostesaID, DogadjajID) values (622, 72, 380);
insert into HosteseDogadjaji (HosteseDogadjajiID, HostesaID, DogadjajID) values (623, 75, 635);
insert into HosteseDogadjaji (HosteseDogadjajiID, HostesaID, DogadjajID) values (624, 69, 686);
insert into HosteseDogadjaji (HosteseDogadjajiID, HostesaID, DogadjajID) values (625, 91, 407);
insert into HosteseDogadjaji (HosteseDogadjajiID, HostesaID, DogadjajID) values (626, 84, 588);
insert into HosteseDogadjaji (HosteseDogadjajiID, HostesaID, DogadjajID) values (627, 54, 617);
insert into HosteseDogadjaji (HosteseDogadjajiID, HostesaID, DogadjajID) values (628, 100, 603);
insert into HosteseDogadjaji (HosteseDogadjajiID, HostesaID, DogadjajID) values (629, 44, 466);
insert into HosteseDogadjaji (HosteseDogadjajiID, HostesaID, DogadjajID) values (630, 87, 564);
insert into HosteseDogadjaji (HosteseDogadjajiID, HostesaID, DogadjajID) values (631, 96, 513);
insert into HosteseDogadjaji (HosteseDogadjajiID, HostesaID, DogadjajID) values (632, 59, 553);
insert into HosteseDogadjaji (HosteseDogadjajiID, HostesaID, DogadjajID) values (633, 95, 411);
insert into HosteseDogadjaji (HosteseDogadjajiID, HostesaID, DogadjajID) values (634, 93, 672);
insert into HosteseDogadjaji (HosteseDogadjajiID, HostesaID, DogadjajID) values (635, 83, 583);
insert into HosteseDogadjaji (HosteseDogadjajiID, HostesaID, DogadjajID) values (636, 68, 377);
insert into HosteseDogadjaji (HosteseDogadjajiID, HostesaID, DogadjajID) values (637, 84, 533);
insert into HosteseDogadjaji (HosteseDogadjajiID, HostesaID, DogadjajID) values (638, 82, 395);
insert into HosteseDogadjaji (HosteseDogadjajiID, HostesaID, DogadjajID) values (639, 76, 649);
insert into HosteseDogadjaji (HosteseDogadjajiID, HostesaID, DogadjajID) values (640, 60, 462);
insert into HosteseDogadjaji (HosteseDogadjajiID, HostesaID, DogadjajID) values (641, 41, 652);
insert into HosteseDogadjaji (HosteseDogadjajiID, HostesaID, DogadjajID) values (642, 87, 495);
insert into HosteseDogadjaji (HosteseDogadjajiID, HostesaID, DogadjajID) values (643, 41, 448);
insert into HosteseDogadjaji (HosteseDogadjajiID, HostesaID, DogadjajID) values (644, 62, 596);
insert into HosteseDogadjaji (HosteseDogadjajiID, HostesaID, DogadjajID) values (645, 56, 575);
insert into HosteseDogadjaji (HosteseDogadjajiID, HostesaID, DogadjajID) values (646, 86, 455);
insert into HosteseDogadjaji (HosteseDogadjajiID, HostesaID, DogadjajID) values (647, 58, 390);
insert into HosteseDogadjaji (HosteseDogadjajiID, HostesaID, DogadjajID) values (648, 46, 359);
insert into HosteseDogadjaji (HosteseDogadjajiID, HostesaID, DogadjajID) values (649, 41, 663);
insert into HosteseDogadjaji (HosteseDogadjajiID, HostesaID, DogadjajID) values (650, 59, 672);
insert into HosteseDogadjaji (HosteseDogadjajiID, HostesaID, DogadjajID) values (651, 56, 370);
insert into HosteseDogadjaji (HosteseDogadjajiID, HostesaID, DogadjajID) values (652, 45, 595);
insert into HosteseDogadjaji (HosteseDogadjajiID, HostesaID, DogadjajID) values (653, 77, 523);
insert into HosteseDogadjaji (HosteseDogadjajiID, HostesaID, DogadjajID) values (654, 77, 433);
insert into HosteseDogadjaji (HosteseDogadjajiID, HostesaID, DogadjajID) values (655, 47, 579);
insert into HosteseDogadjaji (HosteseDogadjajiID, HostesaID, DogadjajID) values (656, 62, 494);
insert into HosteseDogadjaji (HosteseDogadjajiID, HostesaID, DogadjajID) values (657, 73, 379);
insert into HosteseDogadjaji (HosteseDogadjajiID, HostesaID, DogadjajID) values (658, 42, 679);
insert into HosteseDogadjaji (HosteseDogadjajiID, HostesaID, DogadjajID) values (659, 43, 400);
insert into HosteseDogadjaji (HosteseDogadjajiID, HostesaID, DogadjajID) values (660, 42, 563);
insert into HosteseDogadjaji (HosteseDogadjajiID, HostesaID, DogadjajID) values (661, 56, 512);
insert into HosteseDogadjaji (HosteseDogadjajiID, HostesaID, DogadjajID) values (662, 57, 650);
insert into HosteseDogadjaji (HosteseDogadjajiID, HostesaID, DogadjajID) values (663, 50, 405);
insert into HosteseDogadjaji (HosteseDogadjajiID, HostesaID, DogadjajID) values (664, 89, 593);
insert into HosteseDogadjaji (HosteseDogadjajiID, HostesaID, DogadjajID) values (665, 54, 653);
insert into HosteseDogadjaji (HosteseDogadjajiID, HostesaID, DogadjajID) values (666, 84, 570);
insert into HosteseDogadjaji (HosteseDogadjajiID, HostesaID, DogadjajID) values (667, 63, 629);
insert into HosteseDogadjaji (HosteseDogadjajiID, HostesaID, DogadjajID) values (668, 91, 529);
insert into HosteseDogadjaji (HosteseDogadjajiID, HostesaID, DogadjajID) values (669, 59, 550);
insert into HosteseDogadjaji (HosteseDogadjajiID, HostesaID, DogadjajID) values (670, 90, 534);
insert into HosteseDogadjaji (HosteseDogadjajiID, HostesaID, DogadjajID) values (671, 98, 479);
insert into HosteseDogadjaji (HosteseDogadjajiID, HostesaID, DogadjajID) values (672, 88, 514);
insert into HosteseDogadjaji (HosteseDogadjajiID, HostesaID, DogadjajID) values (673, 75, 484);
insert into HosteseDogadjaji (HosteseDogadjajiID, HostesaID, DogadjajID) values (674, 100, 423);
insert into HosteseDogadjaji (HosteseDogadjajiID, HostesaID, DogadjajID) values (675, 67, 400);
insert into HosteseDogadjaji (HosteseDogadjajiID, HostesaID, DogadjajID) values (676, 49, 589);
insert into HosteseDogadjaji (HosteseDogadjajiID, HostesaID, DogadjajID) values (677, 61, 675);
insert into HosteseDogadjaji (HosteseDogadjajiID, HostesaID, DogadjajID) values (678, 60, 669);
insert into HosteseDogadjaji (HosteseDogadjajiID, HostesaID, DogadjajID) values (679, 98, 504);
insert into HosteseDogadjaji (HosteseDogadjajiID, HostesaID, DogadjajID) values (680, 90, 543);
insert into HosteseDogadjaji (HosteseDogadjajiID, HostesaID, DogadjajID) values (681, 61, 576);
insert into HosteseDogadjaji (HosteseDogadjajiID, HostesaID, DogadjajID) values (682, 91, 621);
insert into HosteseDogadjaji (HosteseDogadjajiID, HostesaID, DogadjajID) values (683, 98, 470);
insert into HosteseDogadjaji (HosteseDogadjajiID, HostesaID, DogadjajID) values (684, 70, 443);
insert into HosteseDogadjaji (HosteseDogadjajiID, HostesaID, DogadjajID) values (685, 96, 450);
insert into HosteseDogadjaji (HosteseDogadjajiID, HostesaID, DogadjajID) values (686, 47, 593);
insert into HosteseDogadjaji (HosteseDogadjajiID, HostesaID, DogadjajID) values (687, 81, 549);
insert into HosteseDogadjaji (HosteseDogadjajiID, HostesaID, DogadjajID) values (688, 64, 530);
insert into HosteseDogadjaji (HosteseDogadjajiID, HostesaID, DogadjajID) values (689, 87, 572);
insert into HosteseDogadjaji (HosteseDogadjajiID, HostesaID, DogadjajID) values (690, 71, 603);
insert into HosteseDogadjaji (HosteseDogadjajiID, HostesaID, DogadjajID) values (691, 87, 670);
insert into HosteseDogadjaji (HosteseDogadjajiID, HostesaID, DogadjajID) values (692, 54, 359);
insert into HosteseDogadjaji (HosteseDogadjajiID, HostesaID, DogadjajID) values (693, 52, 437);
insert into HosteseDogadjaji (HosteseDogadjajiID, HostesaID, DogadjajID) values (694, 41, 567);
insert into HosteseDogadjaji (HosteseDogadjajiID, HostesaID, DogadjajID) values (695, 63, 387);
insert into HosteseDogadjaji (HosteseDogadjajiID, HostesaID, DogadjajID) values (696, 70, 478);
insert into HosteseDogadjaji (HosteseDogadjajiID, HostesaID, DogadjajID) values (697, 43, 577);
insert into HosteseDogadjaji (HosteseDogadjajiID, HostesaID, DogadjajID) values (698, 50, 618);
insert into HosteseDogadjaji (HosteseDogadjajiID, HostesaID, DogadjajID) values (699, 71, 638);
insert into HosteseDogadjaji (HosteseDogadjajiID, HostesaID, DogadjajID) values (700, 90, 414);
insert into HosteseDogadjaji (HosteseDogadjajiID, HostesaID, DogadjajID) values (701, 80, 541);
insert into HosteseDogadjaji (HosteseDogadjajiID, HostesaID, DogadjajID) values (702, 69, 678);
insert into HosteseDogadjaji (HosteseDogadjajiID, HostesaID, DogadjajID) values (703, 85, 388);
insert into HosteseDogadjaji (HosteseDogadjajiID, HostesaID, DogadjajID) values (704, 43, 430);
insert into HosteseDogadjaji (HosteseDogadjajiID, HostesaID, DogadjajID) values (705, 51, 451);
insert into HosteseDogadjaji (HosteseDogadjajiID, HostesaID, DogadjajID) values (706, 89, 467);
insert into HosteseDogadjaji (HosteseDogadjajiID, HostesaID, DogadjajID) values (707, 60, 696);
insert into HosteseDogadjaji (HosteseDogadjajiID, HostesaID, DogadjajID) values (708, 97, 644);
insert into HosteseDogadjaji (HosteseDogadjajiID, HostesaID, DogadjajID) values (709, 65, 358);
insert into HosteseDogadjaji (HosteseDogadjajiID, HostesaID, DogadjajID) values (710, 45, 530);
insert into HosteseDogadjaji (HosteseDogadjajiID, HostesaID, DogadjajID) values (711, 98, 614);
insert into HosteseDogadjaji (HosteseDogadjajiID, HostesaID, DogadjajID) values (712, 98, 644);
insert into HosteseDogadjaji (HosteseDogadjajiID, HostesaID, DogadjajID) values (713, 42, 507);
insert into HosteseDogadjaji (HosteseDogadjajiID, HostesaID, DogadjajID) values (714, 58, 494);
insert into HosteseDogadjaji (HosteseDogadjajiID, HostesaID, DogadjajID) values (715, 87, 483);
insert into HosteseDogadjaji (HosteseDogadjajiID, HostesaID, DogadjajID) values (716, 44, 364);
insert into HosteseDogadjaji (HosteseDogadjajiID, HostesaID, DogadjajID) values (717, 50, 419);
insert into HosteseDogadjaji (HosteseDogadjajiID, HostesaID, DogadjajID) values (718, 47, 588);
insert into HosteseDogadjaji (HosteseDogadjajiID, HostesaID, DogadjajID) values (719, 93, 553);
insert into HosteseDogadjaji (HosteseDogadjajiID, HostesaID, DogadjajID) values (720, 88, 619);
insert into HosteseDogadjaji (HosteseDogadjajiID, HostesaID, DogadjajID) values (721, 54, 470);
insert into HosteseDogadjaji (HosteseDogadjajiID, HostesaID, DogadjajID) values (722, 91, 586);
insert into HosteseDogadjaji (HosteseDogadjajiID, HostesaID, DogadjajID) values (723, 63, 438);
insert into HosteseDogadjaji (HosteseDogadjajiID, HostesaID, DogadjajID) values (724, 68, 598);
insert into HosteseDogadjaji (HosteseDogadjajiID, HostesaID, DogadjajID) values (725, 44, 682);
insert into HosteseDogadjaji (HosteseDogadjajiID, HostesaID, DogadjajID) values (726, 79, 651);
insert into HosteseDogadjaji (HosteseDogadjajiID, HostesaID, DogadjajID) values (727, 54, 454);
insert into HosteseDogadjaji (HosteseDogadjajiID, HostesaID, DogadjajID) values (728, 71, 439);
insert into HosteseDogadjaji (HosteseDogadjajiID, HostesaID, DogadjajID) values (729, 88, 657);
insert into HosteseDogadjaji (HosteseDogadjajiID, HostesaID, DogadjajID) values (730, 68, 617);
insert into HosteseDogadjaji (HosteseDogadjajiID, HostesaID, DogadjajID) values (731, 62, 698);
insert into HosteseDogadjaji (HosteseDogadjajiID, HostesaID, DogadjajID) values (732, 55, 508);
insert into HosteseDogadjaji (HosteseDogadjajiID, HostesaID, DogadjajID) values (733, 90, 401);
insert into HosteseDogadjaji (HosteseDogadjajiID, HostesaID, DogadjajID) values (734, 63, 471);
insert into HosteseDogadjaji (HosteseDogadjajiID, HostesaID, DogadjajID) values (735, 69, 598);
insert into HosteseDogadjaji (HosteseDogadjajiID, HostesaID, DogadjajID) values (736, 90, 404);
insert into HosteseDogadjaji (HosteseDogadjajiID, HostesaID, DogadjajID) values (737, 98, 496);
insert into HosteseDogadjaji (HosteseDogadjajiID, HostesaID, DogadjajID) values (738, 58, 469);
insert into HosteseDogadjaji (HosteseDogadjajiID, HostesaID, DogadjajID) values (739, 67, 565);
insert into HosteseDogadjaji (HosteseDogadjajiID, HostesaID, DogadjajID) values (740, 48, 398);
insert into HosteseDogadjaji (HosteseDogadjajiID, HostesaID, DogadjajID) values (741, 44, 573);
insert into HosteseDogadjaji (HosteseDogadjajiID, HostesaID, DogadjajID) values (742, 96, 366);
insert into HosteseDogadjaji (HosteseDogadjajiID, HostesaID, DogadjajID) values (743, 53, 673);
insert into HosteseDogadjaji (HosteseDogadjajiID, HostesaID, DogadjajID) values (744, 70, 382);
insert into HosteseDogadjaji (HosteseDogadjajiID, HostesaID, DogadjajID) values (745, 54, 517);
insert into HosteseDogadjaji (HosteseDogadjajiID, HostesaID, DogadjajID) values (746, 72, 573);
insert into HosteseDogadjaji (HosteseDogadjajiID, HostesaID, DogadjajID) values (747, 56, 698);
insert into HosteseDogadjaji (HosteseDogadjajiID, HostesaID, DogadjajID) values (748, 81, 603);
insert into HosteseDogadjaji (HosteseDogadjajiID, HostesaID, DogadjajID) values (749, 95, 390);
insert into HosteseDogadjaji (HosteseDogadjajiID, HostesaID, DogadjajID) values (750, 41, 407);
insert into HosteseDogadjaji (HosteseDogadjajiID, HostesaID, DogadjajID) values (751, 53, 376);
insert into HosteseDogadjaji (HosteseDogadjajiID, HostesaID, DogadjajID) values (752, 79, 469);
insert into HosteseDogadjaji (HosteseDogadjajiID, HostesaID, DogadjajID) values (753, 73, 401);
insert into HosteseDogadjaji (HosteseDogadjajiID, HostesaID, DogadjajID) values (754, 91, 582);
insert into HosteseDogadjaji (HosteseDogadjajiID, HostesaID, DogadjajID) values (755, 67, 663);
insert into HosteseDogadjaji (HosteseDogadjajiID, HostesaID, DogadjajID) values (756, 85, 428);
insert into HosteseDogadjaji (HosteseDogadjajiID, HostesaID, DogadjajID) values (757, 93, 523);
insert into HosteseDogadjaji (HosteseDogadjajiID, HostesaID, DogadjajID) values (758, 73, 540);
insert into HosteseDogadjaji (HosteseDogadjajiID, HostesaID, DogadjajID) values (759, 59, 388);
insert into HosteseDogadjaji (HosteseDogadjajiID, HostesaID, DogadjajID) values (760, 61, 545);
insert into HosteseDogadjaji (HosteseDogadjajiID, HostesaID, DogadjajID) values (761, 85, 511);
insert into HosteseDogadjaji (HosteseDogadjajiID, HostesaID, DogadjajID) values (762, 77, 632);
insert into HosteseDogadjaji (HosteseDogadjajiID, HostesaID, DogadjajID) values (763, 98, 380);
insert into HosteseDogadjaji (HosteseDogadjajiID, HostesaID, DogadjajID) values (764, 79, 354);
insert into HosteseDogadjaji (HosteseDogadjajiID, HostesaID, DogadjajID) values (765, 91, 406);
insert into HosteseDogadjaji (HosteseDogadjajiID, HostesaID, DogadjajID) values (766, 68, 664);
insert into HosteseDogadjaji (HosteseDogadjajiID, HostesaID, DogadjajID) values (767, 93, 363);
insert into HosteseDogadjaji (HosteseDogadjajiID, HostesaID, DogadjajID) values (768, 98, 671);
insert into HosteseDogadjaji (HosteseDogadjajiID, HostesaID, DogadjajID) values (769, 56, 605);
insert into HosteseDogadjaji (HosteseDogadjajiID, HostesaID, DogadjajID) values (770, 67, 689);
insert into HosteseDogadjaji (HosteseDogadjajiID, HostesaID, DogadjajID) values (771, 67, 514);
insert into HosteseDogadjaji (HosteseDogadjajiID, HostesaID, DogadjajID) values (772, 50, 372);
insert into HosteseDogadjaji (HosteseDogadjajiID, HostesaID, DogadjajID) values (773, 89, 380);
insert into HosteseDogadjaji (HosteseDogadjajiID, HostesaID, DogadjajID) values (774, 49, 602);
insert into HosteseDogadjaji (HosteseDogadjajiID, HostesaID, DogadjajID) values (775, 96, 511);
insert into HosteseDogadjaji (HosteseDogadjajiID, HostesaID, DogadjajID) values (776, 97, 678);
insert into HosteseDogadjaji (HosteseDogadjajiID, HostesaID, DogadjajID) values (777, 69, 385);
insert into HosteseDogadjaji (HosteseDogadjajiID, HostesaID, DogadjajID) values (778, 93, 434);
insert into HosteseDogadjaji (HosteseDogadjajiID, HostesaID, DogadjajID) values (779, 88, 488);
insert into HosteseDogadjaji (HosteseDogadjajiID, HostesaID, DogadjajID) values (780, 71, 591);
insert into HosteseDogadjaji (HosteseDogadjajiID, HostesaID, DogadjajID) values (781, 84, 425);
insert into HosteseDogadjaji (HosteseDogadjajiID, HostesaID, DogadjajID) values (782, 98, 369);
insert into HosteseDogadjaji (HosteseDogadjajiID, HostesaID, DogadjajID) values (783, 50, 565);
insert into HosteseDogadjaji (HosteseDogadjajiID, HostesaID, DogadjajID) values (784, 73, 584);
insert into HosteseDogadjaji (HosteseDogadjajiID, HostesaID, DogadjajID) values (785, 53, 673);
insert into HosteseDogadjaji (HosteseDogadjajiID, HostesaID, DogadjajID) values (786, 97, 503);
insert into HosteseDogadjaji (HosteseDogadjajiID, HostesaID, DogadjajID) values (787, 44, 419);
insert into HosteseDogadjaji (HosteseDogadjajiID, HostesaID, DogadjajID) values (788, 73, 432);
insert into HosteseDogadjaji (HosteseDogadjajiID, HostesaID, DogadjajID) values (789, 83, 442);
insert into HosteseDogadjaji (HosteseDogadjajiID, HostesaID, DogadjajID) values (790, 60, 572);
insert into HosteseDogadjaji (HosteseDogadjajiID, HostesaID, DogadjajID) values (791, 50, 684);
insert into HosteseDogadjaji (HosteseDogadjajiID, HostesaID, DogadjajID) values (792, 49, 482);
insert into HosteseDogadjaji (HosteseDogadjajiID, HostesaID, DogadjajID) values (793, 84, 604);
insert into HosteseDogadjaji (HosteseDogadjajiID, HostesaID, DogadjajID) values (794, 75, 427);
insert into HosteseDogadjaji (HosteseDogadjajiID, HostesaID, DogadjajID) values (795, 60, 392);
insert into HosteseDogadjaji (HosteseDogadjajiID, HostesaID, DogadjajID) values (796, 81, 420);
insert into HosteseDogadjaji (HosteseDogadjajiID, HostesaID, DogadjajID) values (797, 87, 368);
insert into HosteseDogadjaji (HosteseDogadjajiID, HostesaID, DogadjajID) values (798, 92, 362);
insert into HosteseDogadjaji (HosteseDogadjajiID, HostesaID, DogadjajID) values (799, 69, 648);
insert into HosteseDogadjaji (HosteseDogadjajiID, HostesaID, DogadjajID) values (800, 58, 377);
insert into HosteseDogadjaji (HosteseDogadjajiID, HostesaID, DogadjajID) values (801, 47, 510);
insert into HosteseDogadjaji (HosteseDogadjajiID, HostesaID, DogadjajID) values (802, 98, 374);
insert into HosteseDogadjaji (HosteseDogadjajiID, HostesaID, DogadjajID) values (803, 86, 598);
insert into HosteseDogadjaji (HosteseDogadjajiID, HostesaID, DogadjajID) values (804, 77, 405);
insert into HosteseDogadjaji (HosteseDogadjajiID, HostesaID, DogadjajID) values (805, 60, 625);
insert into HosteseDogadjaji (HosteseDogadjajiID, HostesaID, DogadjajID) values (806, 62, 425);
insert into HosteseDogadjaji (HosteseDogadjajiID, HostesaID, DogadjajID) values (807, 50, 670);
insert into HosteseDogadjaji (HosteseDogadjajiID, HostesaID, DogadjajID) values (808, 65, 541);
insert into HosteseDogadjaji (HosteseDogadjajiID, HostesaID, DogadjajID) values (809, 53, 538);
insert into HosteseDogadjaji (HosteseDogadjajiID, HostesaID, DogadjajID) values (810, 100, 682);
insert into HosteseDogadjaji (HosteseDogadjajiID, HostesaID, DogadjajID) values (811, 42, 622);
insert into HosteseDogadjaji (HosteseDogadjajiID, HostesaID, DogadjajID) values (812, 61, 359);
insert into HosteseDogadjaji (HosteseDogadjajiID, HostesaID, DogadjajID) values (813, 47, 412);
insert into HosteseDogadjaji (HosteseDogadjajiID, HostesaID, DogadjajID) values (814, 61, 694);
insert into HosteseDogadjaji (HosteseDogadjajiID, HostesaID, DogadjajID) values (815, 52, 641);
insert into HosteseDogadjaji (HosteseDogadjajiID, HostesaID, DogadjajID) values (816, 41, 692);
insert into HosteseDogadjaji (HosteseDogadjajiID, HostesaID, DogadjajID) values (817, 87, 619);
insert into HosteseDogadjaji (HosteseDogadjajiID, HostesaID, DogadjajID) values (818, 84, 399);
insert into HosteseDogadjaji (HosteseDogadjajiID, HostesaID, DogadjajID) values (819, 100, 606);
insert into HosteseDogadjaji (HosteseDogadjajiID, HostesaID, DogadjajID) values (820, 58, 384);
insert into HosteseDogadjaji (HosteseDogadjajiID, HostesaID, DogadjajID) values (821, 88, 623);
insert into HosteseDogadjaji (HosteseDogadjajiID, HostesaID, DogadjajID) values (822, 99, 578);
insert into HosteseDogadjaji (HosteseDogadjajiID, HostesaID, DogadjajID) values (823, 84, 511);
insert into HosteseDogadjaji (HosteseDogadjajiID, HostesaID, DogadjajID) values (824, 48, 669);
insert into HosteseDogadjaji (HosteseDogadjajiID, HostesaID, DogadjajID) values (825, 58, 620);
insert into HosteseDogadjaji (HosteseDogadjajiID, HostesaID, DogadjajID) values (826, 96, 540);
insert into HosteseDogadjaji (HosteseDogadjajiID, HostesaID, DogadjajID) values (827, 74, 546);
insert into HosteseDogadjaji (HosteseDogadjajiID, HostesaID, DogadjajID) values (828, 51, 535);
insert into HosteseDogadjaji (HosteseDogadjajiID, HostesaID, DogadjajID) values (829, 70, 393);
insert into HosteseDogadjaji (HosteseDogadjajiID, HostesaID, DogadjajID) values (830, 65, 591);
insert into HosteseDogadjaji (HosteseDogadjajiID, HostesaID, DogadjajID) values (831, 64, 466);
insert into HosteseDogadjaji (HosteseDogadjajiID, HostesaID, DogadjajID) values (832, 74, 626);
insert into HosteseDogadjaji (HosteseDogadjajiID, HostesaID, DogadjajID) values (833, 74, 589);
insert into HosteseDogadjaji (HosteseDogadjajiID, HostesaID, DogadjajID) values (834, 78, 412);
insert into HosteseDogadjaji (HosteseDogadjajiID, HostesaID, DogadjajID) values (835, 61, 588);
insert into HosteseDogadjaji (HosteseDogadjajiID, HostesaID, DogadjajID) values (836, 88, 691);
insert into HosteseDogadjaji (HosteseDogadjajiID, HostesaID, DogadjajID) values (837, 79, 642);
insert into HosteseDogadjaji (HosteseDogadjajiID, HostesaID, DogadjajID) values (838, 56, 687);
insert into HosteseDogadjaji (HosteseDogadjajiID, HostesaID, DogadjajID) values (839, 67, 544);
insert into HosteseDogadjaji (HosteseDogadjajiID, HostesaID, DogadjajID) values (840, 64, 629);
insert into HosteseDogadjaji (HosteseDogadjajiID, HostesaID, DogadjajID) values (841, 99, 673);
insert into HosteseDogadjaji (HosteseDogadjajiID, HostesaID, DogadjajID) values (842, 57, 369);
insert into HosteseDogadjaji (HosteseDogadjajiID, HostesaID, DogadjajID) values (843, 50, 643);
insert into HosteseDogadjaji (HosteseDogadjajiID, HostesaID, DogadjajID) values (844, 69, 599);
insert into HosteseDogadjaji (HosteseDogadjajiID, HostesaID, DogadjajID) values (845, 63, 537);
insert into HosteseDogadjaji (HosteseDogadjajiID, HostesaID, DogadjajID) values (846, 63, 536);
insert into HosteseDogadjaji (HosteseDogadjajiID, HostesaID, DogadjajID) values (847, 46, 541);
insert into HosteseDogadjaji (HosteseDogadjajiID, HostesaID, DogadjajID) values (848, 91, 491);
insert into HosteseDogadjaji (HosteseDogadjajiID, HostesaID, DogadjajID) values (849, 93, 436);
insert into HosteseDogadjaji (HosteseDogadjajiID, HostesaID, DogadjajID) values (850, 99, 640);
insert into HosteseDogadjaji (HosteseDogadjajiID, HostesaID, DogadjajID) values (851, 99, 352);
insert into HosteseDogadjaji (HosteseDogadjajiID, HostesaID, DogadjajID) values (852, 58, 644);
insert into HosteseDogadjaji (HosteseDogadjajiID, HostesaID, DogadjajID) values (853, 62, 486);
insert into HosteseDogadjaji (HosteseDogadjajiID, HostesaID, DogadjajID) values (854, 87, 395);
insert into HosteseDogadjaji (HosteseDogadjajiID, HostesaID, DogadjajID) values (855, 98, 524);
insert into HosteseDogadjaji (HosteseDogadjajiID, HostesaID, DogadjajID) values (856, 92, 660);
insert into HosteseDogadjaji (HosteseDogadjajiID, HostesaID, DogadjajID) values (857, 64, 414);
insert into HosteseDogadjaji (HosteseDogadjajiID, HostesaID, DogadjajID) values (858, 91, 564);
insert into HosteseDogadjaji (HosteseDogadjajiID, HostesaID, DogadjajID) values (859, 64, 599);
insert into HosteseDogadjaji (HosteseDogadjajiID, HostesaID, DogadjajID) values (860, 54, 439);
insert into HosteseDogadjaji (HosteseDogadjajiID, HostesaID, DogadjajID) values (861, 100, 501);
insert into HosteseDogadjaji (HosteseDogadjajiID, HostesaID, DogadjajID) values (862, 75, 487);
insert into HosteseDogadjaji (HosteseDogadjajiID, HostesaID, DogadjajID) values (863, 42, 586);
insert into HosteseDogadjaji (HosteseDogadjajiID, HostesaID, DogadjajID) values (864, 43, 429);
insert into HosteseDogadjaji (HosteseDogadjajiID, HostesaID, DogadjajID) values (865, 90, 629);
insert into HosteseDogadjaji (HosteseDogadjajiID, HostesaID, DogadjajID) values (866, 82, 691);
insert into HosteseDogadjaji (HosteseDogadjajiID, HostesaID, DogadjajID) values (867, 43, 575);
insert into HosteseDogadjaji (HosteseDogadjajiID, HostesaID, DogadjajID) values (868, 56, 679);
insert into HosteseDogadjaji (HosteseDogadjajiID, HostesaID, DogadjajID) values (869, 53, 556);
insert into HosteseDogadjaji (HosteseDogadjajiID, HostesaID, DogadjajID) values (870, 63, 523);
insert into HosteseDogadjaji (HosteseDogadjajiID, HostesaID, DogadjajID) values (871, 51, 368);
insert into HosteseDogadjaji (HosteseDogadjajiID, HostesaID, DogadjajID) values (872, 75, 644);
insert into HosteseDogadjaji (HosteseDogadjajiID, HostesaID, DogadjajID) values (873, 79, 603);
insert into HosteseDogadjaji (HosteseDogadjajiID, HostesaID, DogadjajID) values (874, 58, 699);
insert into HosteseDogadjaji (HosteseDogadjajiID, HostesaID, DogadjajID) values (875, 75, 505);
insert into HosteseDogadjaji (HosteseDogadjajiID, HostesaID, DogadjajID) values (876, 53, 585);
insert into HosteseDogadjaji (HosteseDogadjajiID, HostesaID, DogadjajID) values (877, 46, 654);
insert into HosteseDogadjaji (HosteseDogadjajiID, HostesaID, DogadjajID) values (878, 80, 484);
insert into HosteseDogadjaji (HosteseDogadjajiID, HostesaID, DogadjajID) values (879, 56, 654);
insert into HosteseDogadjaji (HosteseDogadjajiID, HostesaID, DogadjajID) values (880, 95, 666);
insert into HosteseDogadjaji (HosteseDogadjajiID, HostesaID, DogadjajID) values (881, 64, 700);
insert into HosteseDogadjaji (HosteseDogadjajiID, HostesaID, DogadjajID) values (882, 92, 463);
insert into HosteseDogadjaji (HosteseDogadjajiID, HostesaID, DogadjajID) values (883, 47, 407);
insert into HosteseDogadjaji (HosteseDogadjajiID, HostesaID, DogadjajID) values (884, 85, 411);
insert into HosteseDogadjaji (HosteseDogadjajiID, HostesaID, DogadjajID) values (885, 56, 371);
insert into HosteseDogadjaji (HosteseDogadjajiID, HostesaID, DogadjajID) values (886, 90, 688);
insert into HosteseDogadjaji (HosteseDogadjajiID, HostesaID, DogadjajID) values (887, 44, 536);
insert into HosteseDogadjaji (HosteseDogadjajiID, HostesaID, DogadjajID) values (888, 84, 395);
insert into HosteseDogadjaji (HosteseDogadjajiID, HostesaID, DogadjajID) values (889, 87, 417);
insert into HosteseDogadjaji (HosteseDogadjajiID, HostesaID, DogadjajID) values (890, 77, 634);
insert into HosteseDogadjaji (HosteseDogadjajiID, HostesaID, DogadjajID) values (891, 51, 665);
insert into HosteseDogadjaji (HosteseDogadjajiID, HostesaID, DogadjajID) values (892, 96, 399);
insert into HosteseDogadjaji (HosteseDogadjajiID, HostesaID, DogadjajID) values (893, 44, 674);
insert into HosteseDogadjaji (HosteseDogadjajiID, HostesaID, DogadjajID) values (894, 48, 387);
insert into HosteseDogadjaji (HosteseDogadjajiID, HostesaID, DogadjajID) values (895, 79, 542);
insert into HosteseDogadjaji (HosteseDogadjajiID, HostesaID, DogadjajID) values (896, 69, 646);
insert into HosteseDogadjaji (HosteseDogadjajiID, HostesaID, DogadjajID) values (897, 95, 432);
insert into HosteseDogadjaji (HosteseDogadjajiID, HostesaID, DogadjajID) values (898, 89, 648);
insert into HosteseDogadjaji (HosteseDogadjajiID, HostesaID, DogadjajID) values (899, 60, 371);
insert into HosteseDogadjaji (HosteseDogadjajiID, HostesaID, DogadjajID) values (900, 99, 512);
insert into HosteseDogadjaji (HosteseDogadjajiID, HostesaID, DogadjajID) values (901, 93, 570);
insert into HosteseDogadjaji (HosteseDogadjajiID, HostesaID, DogadjajID) values (902, 84, 520);
insert into HosteseDogadjaji (HosteseDogadjajiID, HostesaID, DogadjajID) values (903, 48, 513);
insert into HosteseDogadjaji (HosteseDogadjajiID, HostesaID, DogadjajID) values (904, 85, 378);
insert into HosteseDogadjaji (HosteseDogadjajiID, HostesaID, DogadjajID) values (905, 50, 478);
insert into HosteseDogadjaji (HosteseDogadjajiID, HostesaID, DogadjajID) values (906, 97, 536);
insert into HosteseDogadjaji (HosteseDogadjajiID, HostesaID, DogadjajID) values (907, 72, 480);
insert into HosteseDogadjaji (HosteseDogadjajiID, HostesaID, DogadjajID) values (908, 99, 579);
insert into HosteseDogadjaji (HosteseDogadjajiID, HostesaID, DogadjajID) values (909, 62, 415);
insert into HosteseDogadjaji (HosteseDogadjajiID, HostesaID, DogadjajID) values (910, 97, 393);
insert into HosteseDogadjaji (HosteseDogadjajiID, HostesaID, DogadjajID) values (911, 89, 481);
insert into HosteseDogadjaji (HosteseDogadjajiID, HostesaID, DogadjajID) values (912, 43, 536);
insert into HosteseDogadjaji (HosteseDogadjajiID, HostesaID, DogadjajID) values (913, 87, 550);
insert into HosteseDogadjaji (HosteseDogadjajiID, HostesaID, DogadjajID) values (914, 56, 522);
insert into HosteseDogadjaji (HosteseDogadjajiID, HostesaID, DogadjajID) values (915, 79, 550);
insert into HosteseDogadjaji (HosteseDogadjajiID, HostesaID, DogadjajID) values (916, 42, 589);
insert into HosteseDogadjaji (HosteseDogadjajiID, HostesaID, DogadjajID) values (917, 56, 528);
insert into HosteseDogadjaji (HosteseDogadjajiID, HostesaID, DogadjajID) values (918, 85, 437);
insert into HosteseDogadjaji (HosteseDogadjajiID, HostesaID, DogadjajID) values (919, 87, 484);
insert into HosteseDogadjaji (HosteseDogadjajiID, HostesaID, DogadjajID) values (920, 42, 509);
insert into HosteseDogadjaji (HosteseDogadjajiID, HostesaID, DogadjajID) values (921, 71, 551);
insert into HosteseDogadjaji (HosteseDogadjajiID, HostesaID, DogadjajID) values (922, 71, 695);
insert into HosteseDogadjaji (HosteseDogadjajiID, HostesaID, DogadjajID) values (923, 68, 675);
insert into HosteseDogadjaji (HosteseDogadjajiID, HostesaID, DogadjajID) values (924, 55, 670);
insert into HosteseDogadjaji (HosteseDogadjajiID, HostesaID, DogadjajID) values (925, 78, 699);
insert into HosteseDogadjaji (HosteseDogadjajiID, HostesaID, DogadjajID) values (926, 67, 679);
insert into HosteseDogadjaji (HosteseDogadjajiID, HostesaID, DogadjajID) values (927, 67, 386);
insert into HosteseDogadjaji (HosteseDogadjajiID, HostesaID, DogadjajID) values (928, 98, 492);
insert into HosteseDogadjaji (HosteseDogadjajiID, HostesaID, DogadjajID) values (929, 74, 587);
insert into HosteseDogadjaji (HosteseDogadjajiID, HostesaID, DogadjajID) values (930, 56, 373);
insert into HosteseDogadjaji (HosteseDogadjajiID, HostesaID, DogadjajID) values (931, 89, 679);
insert into HosteseDogadjaji (HosteseDogadjajiID, HostesaID, DogadjajID) values (932, 65, 498);
insert into HosteseDogadjaji (HosteseDogadjajiID, HostesaID, DogadjajID) values (933, 82, 457);
insert into HosteseDogadjaji (HosteseDogadjajiID, HostesaID, DogadjajID) values (934, 41, 396);
insert into HosteseDogadjaji (HosteseDogadjajiID, HostesaID, DogadjajID) values (935, 99, 513);
insert into HosteseDogadjaji (HosteseDogadjajiID, HostesaID, DogadjajID) values (936, 99, 603);
insert into HosteseDogadjaji (HosteseDogadjajiID, HostesaID, DogadjajID) values (937, 85, 453);
insert into HosteseDogadjaji (HosteseDogadjajiID, HostesaID, DogadjajID) values (938, 93, 617);
insert into HosteseDogadjaji (HosteseDogadjajiID, HostesaID, DogadjajID) values (939, 59, 534);
insert into HosteseDogadjaji (HosteseDogadjajiID, HostesaID, DogadjajID) values (940, 44, 624);
insert into HosteseDogadjaji (HosteseDogadjajiID, HostesaID, DogadjajID) values (941, 46, 362);
insert into HosteseDogadjaji (HosteseDogadjajiID, HostesaID, DogadjajID) values (942, 82, 523);
insert into HosteseDogadjaji (HosteseDogadjajiID, HostesaID, DogadjajID) values (943, 69, 441);
insert into HosteseDogadjaji (HosteseDogadjajiID, HostesaID, DogadjajID) values (944, 85, 549);
insert into HosteseDogadjaji (HosteseDogadjajiID, HostesaID, DogadjajID) values (945, 57, 422);
insert into HosteseDogadjaji (HosteseDogadjajiID, HostesaID, DogadjajID) values (946, 72, 635);
insert into HosteseDogadjaji (HosteseDogadjajiID, HostesaID, DogadjajID) values (947, 70, 509);
insert into HosteseDogadjaji (HosteseDogadjajiID, HostesaID, DogadjajID) values (948, 47, 370);
insert into HosteseDogadjaji (HosteseDogadjajiID, HostesaID, DogadjajID) values (949, 77, 369);
insert into HosteseDogadjaji (HosteseDogadjajiID, HostesaID, DogadjajID) values (950, 95, 454);
insert into HosteseDogadjaji (HosteseDogadjajiID, HostesaID, DogadjajID) values (951, 74, 388);
insert into HosteseDogadjaji (HosteseDogadjajiID, HostesaID, DogadjajID) values (952, 54, 594);
insert into HosteseDogadjaji (HosteseDogadjajiID, HostesaID, DogadjajID) values (953, 82, 371);
insert into HosteseDogadjaji (HosteseDogadjajiID, HostesaID, DogadjajID) values (954, 70, 487);
insert into HosteseDogadjaji (HosteseDogadjajiID, HostesaID, DogadjajID) values (955, 77, 403);
insert into HosteseDogadjaji (HosteseDogadjajiID, HostesaID, DogadjajID) values (956, 63, 482);
insert into HosteseDogadjaji (HosteseDogadjajiID, HostesaID, DogadjajID) values (957, 43, 609);
insert into HosteseDogadjaji (HosteseDogadjajiID, HostesaID, DogadjajID) values (958, 97, 669);
insert into HosteseDogadjaji (HosteseDogadjajiID, HostesaID, DogadjajID) values (959, 89, 522);
insert into HosteseDogadjaji (HosteseDogadjajiID, HostesaID, DogadjajID) values (960, 92, 691);
insert into HosteseDogadjaji (HosteseDogadjajiID, HostesaID, DogadjajID) values (961, 79, 389);
insert into HosteseDogadjaji (HosteseDogadjajiID, HostesaID, DogadjajID) values (962, 87, 440);
insert into HosteseDogadjaji (HosteseDogadjajiID, HostesaID, DogadjajID) values (963, 89, 419);
insert into HosteseDogadjaji (HosteseDogadjajiID, HostesaID, DogadjajID) values (964, 79, 622);
insert into HosteseDogadjaji (HosteseDogadjajiID, HostesaID, DogadjajID) values (965, 98, 639);
insert into HosteseDogadjaji (HosteseDogadjajiID, HostesaID, DogadjajID) values (966, 87, 449);
insert into HosteseDogadjaji (HosteseDogadjajiID, HostesaID, DogadjajID) values (967, 84, 378);
insert into HosteseDogadjaji (HosteseDogadjajiID, HostesaID, DogadjajID) values (968, 70, 672);
insert into HosteseDogadjaji (HosteseDogadjajiID, HostesaID, DogadjajID) values (969, 83, 416);
insert into HosteseDogadjaji (HosteseDogadjajiID, HostesaID, DogadjajID) values (970, 74, 507);
insert into HosteseDogadjaji (HosteseDogadjajiID, HostesaID, DogadjajID) values (971, 45, 361);
insert into HosteseDogadjaji (HosteseDogadjajiID, HostesaID, DogadjajID) values (972, 94, 368);
insert into HosteseDogadjaji (HosteseDogadjajiID, HostesaID, DogadjajID) values (973, 88, 567);
insert into HosteseDogadjaji (HosteseDogadjajiID, HostesaID, DogadjajID) values (974, 76, 415);
insert into HosteseDogadjaji (HosteseDogadjajiID, HostesaID, DogadjajID) values (975, 97, 482);
insert into HosteseDogadjaji (HosteseDogadjajiID, HostesaID, DogadjajID) values (976, 70, 409);
insert into HosteseDogadjaji (HosteseDogadjajiID, HostesaID, DogadjajID) values (977, 57, 452);
insert into HosteseDogadjaji (HosteseDogadjajiID, HostesaID, DogadjajID) values (978, 56, 361);
insert into HosteseDogadjaji (HosteseDogadjajiID, HostesaID, DogadjajID) values (979, 92, 582);
insert into HosteseDogadjaji (HosteseDogadjajiID, HostesaID, DogadjajID) values (980, 94, 498);
insert into HosteseDogadjaji (HosteseDogadjajiID, HostesaID, DogadjajID) values (981, 57, 426);
insert into HosteseDogadjaji (HosteseDogadjajiID, HostesaID, DogadjajID) values (982, 85, 606);
insert into HosteseDogadjaji (HosteseDogadjajiID, HostesaID, DogadjajID) values (983, 68, 699);
insert into HosteseDogadjaji (HosteseDogadjajiID, HostesaID, DogadjajID) values (984, 51, 595);
insert into HosteseDogadjaji (HosteseDogadjajiID, HostesaID, DogadjajID) values (985, 53, 539);
insert into HosteseDogadjaji (HosteseDogadjajiID, HostesaID, DogadjajID) values (986, 100, 606);
insert into HosteseDogadjaji (HosteseDogadjajiID, HostesaID, DogadjajID) values (987, 54, 421);
insert into HosteseDogadjaji (HosteseDogadjajiID, HostesaID, DogadjajID) values (988, 46, 700);
insert into HosteseDogadjaji (HosteseDogadjajiID, HostesaID, DogadjajID) values (989, 61, 463);
insert into HosteseDogadjaji (HosteseDogadjajiID, HostesaID, DogadjajID) values (990, 90, 375);
insert into HosteseDogadjaji (HosteseDogadjajiID, HostesaID, DogadjajID) values (991, 46, 533);
insert into HosteseDogadjaji (HosteseDogadjajiID, HostesaID, DogadjajID) values (992, 58, 619);
insert into HosteseDogadjaji (HosteseDogadjajiID, HostesaID, DogadjajID) values (993, 91, 659);
insert into HosteseDogadjaji (HosteseDogadjajiID, HostesaID, DogadjajID) values (994, 72, 643);
insert into HosteseDogadjaji (HosteseDogadjajiID, HostesaID, DogadjajID) values (995, 72, 497);
insert into HosteseDogadjaji (HosteseDogadjajiID, HostesaID, DogadjajID) values (996, 100, 587);
insert into HosteseDogadjaji (HosteseDogadjajiID, HostesaID, DogadjajID) values (997, 76, 558);
insert into HosteseDogadjaji (HosteseDogadjajiID, HostesaID, DogadjajID) values (998, 56, 388);
insert into HosteseDogadjaji (HosteseDogadjajiID, HostesaID, DogadjajID) values (999, 97, 384);
insert into HosteseDogadjaji (HosteseDogadjajiID, HostesaID, DogadjajID) values (1000, 83, 449);

insert into OrganizatoriDogadjaji (OrganizatoriDogadjajiID, OrganizatorID, DogadjajID) values (1, 11, 598);
insert into OrganizatoriDogadjaji (OrganizatoriDogadjajiID, OrganizatorID, DogadjajID) values (2, 13, 639);
insert into OrganizatoriDogadjaji (OrganizatoriDogadjajiID, OrganizatorID, DogadjajID) values (3, 12, 386);
insert into OrganizatoriDogadjaji (OrganizatoriDogadjajiID, OrganizatorID, DogadjajID) values (4, 10, 5);
insert into OrganizatoriDogadjaji (OrganizatoriDogadjajiID, OrganizatorID, DogadjajID) values (5, 39, 27);
insert into OrganizatoriDogadjaji (OrganizatoriDogadjajiID, OrganizatorID, DogadjajID) values (6, 34, 116);
insert into OrganizatoriDogadjaji (OrganizatoriDogadjajiID, OrganizatorID, DogadjajID) values (7, 13, 13);
insert into OrganizatoriDogadjaji (OrganizatoriDogadjajiID, OrganizatorID, DogadjajID) values (8, 36, 127);
insert into OrganizatoriDogadjaji (OrganizatoriDogadjajiID, OrganizatorID, DogadjajID) values (9, 13, 553);
insert into OrganizatoriDogadjaji (OrganizatoriDogadjajiID, OrganizatorID, DogadjajID) values (10, 29, 285);
insert into OrganizatoriDogadjaji (OrganizatoriDogadjajiID, OrganizatorID, DogadjajID) values (11, 39, 267);
insert into OrganizatoriDogadjaji (OrganizatoriDogadjajiID, OrganizatorID, DogadjajID) values (12, 34, 47);
insert into OrganizatoriDogadjaji (OrganizatoriDogadjajiID, OrganizatorID, DogadjajID) values (13, 35, 467);
insert into OrganizatoriDogadjaji (OrganizatoriDogadjajiID, OrganizatorID, DogadjajID) values (14, 31, 553);
insert into OrganizatoriDogadjaji (OrganizatoriDogadjajiID, OrganizatorID, DogadjajID) values (15, 11, 315);
insert into OrganizatoriDogadjaji (OrganizatoriDogadjajiID, OrganizatorID, DogadjajID) values (16, 15, 106);
insert into OrganizatoriDogadjaji (OrganizatoriDogadjajiID, OrganizatorID, DogadjajID) values (17, 13, 132);
insert into OrganizatoriDogadjaji (OrganizatoriDogadjajiID, OrganizatorID, DogadjajID) values (18, 7, 585);
insert into OrganizatoriDogadjaji (OrganizatoriDogadjajiID, OrganizatorID, DogadjajID) values (19, 33, 696);
insert into OrganizatoriDogadjaji (OrganizatoriDogadjajiID, OrganizatorID, DogadjajID) values (20, 17, 356);
insert into OrganizatoriDogadjaji (OrganizatoriDogadjajiID, OrganizatorID, DogadjajID) values (21, 40, 319);
insert into OrganizatoriDogadjaji (OrganizatoriDogadjajiID, OrganizatorID, DogadjajID) values (22, 33, 146);
insert into OrganizatoriDogadjaji (OrganizatoriDogadjajiID, OrganizatorID, DogadjajID) values (23, 6, 394);
insert into OrganizatoriDogadjaji (OrganizatoriDogadjajiID, OrganizatorID, DogadjajID) values (24, 38, 24);
insert into OrganizatoriDogadjaji (OrganizatoriDogadjajiID, OrganizatorID, DogadjajID) values (25, 6, 220);
insert into OrganizatoriDogadjaji (OrganizatoriDogadjajiID, OrganizatorID, DogadjajID) values (26, 15, 206);
insert into OrganizatoriDogadjaji (OrganizatoriDogadjajiID, OrganizatorID, DogadjajID) values (27, 1, 146);
insert into OrganizatoriDogadjaji (OrganizatoriDogadjajiID, OrganizatorID, DogadjajID) values (28, 28, 209);
insert into OrganizatoriDogadjaji (OrganizatoriDogadjajiID, OrganizatorID, DogadjajID) values (29, 31, 628);
insert into OrganizatoriDogadjaji (OrganizatoriDogadjajiID, OrganizatorID, DogadjajID) values (30, 35, 360);
insert into OrganizatoriDogadjaji (OrganizatoriDogadjajiID, OrganizatorID, DogadjajID) values (31, 9, 458);
insert into OrganizatoriDogadjaji (OrganizatoriDogadjajiID, OrganizatorID, DogadjajID) values (32, 1, 323);
insert into OrganizatoriDogadjaji (OrganizatoriDogadjajiID, OrganizatorID, DogadjajID) values (33, 6, 605);
insert into OrganizatoriDogadjaji (OrganizatoriDogadjajiID, OrganizatorID, DogadjajID) values (34, 8, 216);
insert into OrganizatoriDogadjaji (OrganizatoriDogadjajiID, OrganizatorID, DogadjajID) values (35, 3, 527);
insert into OrganizatoriDogadjaji (OrganizatoriDogadjajiID, OrganizatorID, DogadjajID) values (36, 30, 671);
insert into OrganizatoriDogadjaji (OrganizatoriDogadjajiID, OrganizatorID, DogadjajID) values (37, 27, 612);
insert into OrganizatoriDogadjaji (OrganizatoriDogadjajiID, OrganizatorID, DogadjajID) values (38, 37, 348);
insert into OrganizatoriDogadjaji (OrganizatoriDogadjajiID, OrganizatorID, DogadjajID) values (39, 29, 422);
insert into OrganizatoriDogadjaji (OrganizatoriDogadjajiID, OrganizatorID, DogadjajID) values (40, 14, 322);
insert into OrganizatoriDogadjaji (OrganizatoriDogadjajiID, OrganizatorID, DogadjajID) values (41, 20, 489);
insert into OrganizatoriDogadjaji (OrganizatoriDogadjajiID, OrganizatorID, DogadjajID) values (42, 32, 238);
insert into OrganizatoriDogadjaji (OrganizatoriDogadjajiID, OrganizatorID, DogadjajID) values (43, 29, 314);
insert into OrganizatoriDogadjaji (OrganizatoriDogadjajiID, OrganizatorID, DogadjajID) values (44, 3, 608);
insert into OrganizatoriDogadjaji (OrganizatoriDogadjajiID, OrganizatorID, DogadjajID) values (45, 21, 521);
insert into OrganizatoriDogadjaji (OrganizatoriDogadjajiID, OrganizatorID, DogadjajID) values (46, 4, 214);
insert into OrganizatoriDogadjaji (OrganizatoriDogadjajiID, OrganizatorID, DogadjajID) values (47, 4, 140);
insert into OrganizatoriDogadjaji (OrganizatoriDogadjajiID, OrganizatorID, DogadjajID) values (48, 20, 30);
insert into OrganizatoriDogadjaji (OrganizatoriDogadjajiID, OrganizatorID, DogadjajID) values (49, 34, 338);
insert into OrganizatoriDogadjaji (OrganizatoriDogadjajiID, OrganizatorID, DogadjajID) values (50, 31, 545);
insert into OrganizatoriDogadjaji (OrganizatoriDogadjajiID, OrganizatorID, DogadjajID) values (51, 18, 270);
insert into OrganizatoriDogadjaji (OrganizatoriDogadjajiID, OrganizatorID, DogadjajID) values (52, 37, 598);
insert into OrganizatoriDogadjaji (OrganizatoriDogadjajiID, OrganizatorID, DogadjajID) values (53, 37, 10);
insert into OrganizatoriDogadjaji (OrganizatoriDogadjajiID, OrganizatorID, DogadjajID) values (54, 18, 33);
insert into OrganizatoriDogadjaji (OrganizatoriDogadjajiID, OrganizatorID, DogadjajID) values (55, 4, 317);
insert into OrganizatoriDogadjaji (OrganizatoriDogadjajiID, OrganizatorID, DogadjajID) values (56, 9, 497);
insert into OrganizatoriDogadjaji (OrganizatoriDogadjajiID, OrganizatorID, DogadjajID) values (57, 19, 437);
insert into OrganizatoriDogadjaji (OrganizatoriDogadjajiID, OrganizatorID, DogadjajID) values (58, 8, 34);
insert into OrganizatoriDogadjaji (OrganizatoriDogadjajiID, OrganizatorID, DogadjajID) values (59, 14, 187);
insert into OrganizatoriDogadjaji (OrganizatoriDogadjajiID, OrganizatorID, DogadjajID) values (60, 15, 371);
insert into OrganizatoriDogadjaji (OrganizatoriDogadjajiID, OrganizatorID, DogadjajID) values (61, 4, 188);
insert into OrganizatoriDogadjaji (OrganizatoriDogadjajiID, OrganizatorID, DogadjajID) values (62, 7, 648);
insert into OrganizatoriDogadjaji (OrganizatoriDogadjajiID, OrganizatorID, DogadjajID) values (63, 34, 116);
insert into OrganizatoriDogadjaji (OrganizatoriDogadjajiID, OrganizatorID, DogadjajID) values (64, 7, 593);
insert into OrganizatoriDogadjaji (OrganizatoriDogadjajiID, OrganizatorID, DogadjajID) values (65, 8, 13);
insert into OrganizatoriDogadjaji (OrganizatoriDogadjajiID, OrganizatorID, DogadjajID) values (66, 27, 296);
insert into OrganizatoriDogadjaji (OrganizatoriDogadjajiID, OrganizatorID, DogadjajID) values (67, 6, 574);
insert into OrganizatoriDogadjaji (OrganizatoriDogadjajiID, OrganizatorID, DogadjajID) values (68, 34, 688);
insert into OrganizatoriDogadjaji (OrganizatoriDogadjajiID, OrganizatorID, DogadjajID) values (69, 15, 238);
insert into OrganizatoriDogadjaji (OrganizatoriDogadjajiID, OrganizatorID, DogadjajID) values (70, 35, 207);
insert into OrganizatoriDogadjaji (OrganizatoriDogadjajiID, OrganizatorID, DogadjajID) values (71, 5, 590);
insert into OrganizatoriDogadjaji (OrganizatoriDogadjajiID, OrganizatorID, DogadjajID) values (72, 38, 481);
insert into OrganizatoriDogadjaji (OrganizatoriDogadjajiID, OrganizatorID, DogadjajID) values (73, 27, 641);
insert into OrganizatoriDogadjaji (OrganizatoriDogadjajiID, OrganizatorID, DogadjajID) values (74, 16, 204);
insert into OrganizatoriDogadjaji (OrganizatoriDogadjajiID, OrganizatorID, DogadjajID) values (75, 18, 200);
insert into OrganizatoriDogadjaji (OrganizatoriDogadjajiID, OrganizatorID, DogadjajID) values (76, 39, 693);
insert into OrganizatoriDogadjaji (OrganizatoriDogadjajiID, OrganizatorID, DogadjajID) values (77, 39, 518);
insert into OrganizatoriDogadjaji (OrganizatoriDogadjajiID, OrganizatorID, DogadjajID) values (78, 31, 202);
insert into OrganizatoriDogadjaji (OrganizatoriDogadjajiID, OrganizatorID, DogadjajID) values (79, 33, 70);
insert into OrganizatoriDogadjaji (OrganizatoriDogadjajiID, OrganizatorID, DogadjajID) values (80, 9, 15);
insert into OrganizatoriDogadjaji (OrganizatoriDogadjajiID, OrganizatorID, DogadjajID) values (81, 1, 401);
insert into OrganizatoriDogadjaji (OrganizatoriDogadjajiID, OrganizatorID, DogadjajID) values (82, 31, 383);
insert into OrganizatoriDogadjaji (OrganizatoriDogadjajiID, OrganizatorID, DogadjajID) values (83, 17, 162);
insert into OrganizatoriDogadjaji (OrganizatoriDogadjajiID, OrganizatorID, DogadjajID) values (84, 5, 252);
insert into OrganizatoriDogadjaji (OrganizatoriDogadjajiID, OrganizatorID, DogadjajID) values (85, 9, 515);
insert into OrganizatoriDogadjaji (OrganizatoriDogadjajiID, OrganizatorID, DogadjajID) values (86, 28, 452);
insert into OrganizatoriDogadjaji (OrganizatoriDogadjajiID, OrganizatorID, DogadjajID) values (87, 18, 364);
insert into OrganizatoriDogadjaji (OrganizatoriDogadjajiID, OrganizatorID, DogadjajID) values (88, 33, 649);
insert into OrganizatoriDogadjaji (OrganizatoriDogadjajiID, OrganizatorID, DogadjajID) values (89, 27, 586);
insert into OrganizatoriDogadjaji (OrganizatoriDogadjajiID, OrganizatorID, DogadjajID) values (90, 1, 364);
insert into OrganizatoriDogadjaji (OrganizatoriDogadjajiID, OrganizatorID, DogadjajID) values (91, 29, 697);
insert into OrganizatoriDogadjaji (OrganizatoriDogadjajiID, OrganizatorID, DogadjajID) values (92, 25, 255);
insert into OrganizatoriDogadjaji (OrganizatoriDogadjajiID, OrganizatorID, DogadjajID) values (93, 10, 408);
insert into OrganizatoriDogadjaji (OrganizatoriDogadjajiID, OrganizatorID, DogadjajID) values (94, 29, 511);
insert into OrganizatoriDogadjaji (OrganizatoriDogadjajiID, OrganizatorID, DogadjajID) values (95, 22, 495);
insert into OrganizatoriDogadjaji (OrganizatoriDogadjajiID, OrganizatorID, DogadjajID) values (96, 40, 236);
insert into OrganizatoriDogadjaji (OrganizatoriDogadjajiID, OrganizatorID, DogadjajID) values (97, 9, 135);
insert into OrganizatoriDogadjaji (OrganizatoriDogadjajiID, OrganizatorID, DogadjajID) values (98, 9, 120);
insert into OrganizatoriDogadjaji (OrganizatoriDogadjajiID, OrganizatorID, DogadjajID) values (99, 22, 621);
insert into OrganizatoriDogadjaji (OrganizatoriDogadjajiID, OrganizatorID, DogadjajID) values (100, 22, 426);
insert into OrganizatoriDogadjaji (OrganizatoriDogadjajiID, OrganizatorID, DogadjajID) values (101, 19, 668);
insert into OrganizatoriDogadjaji (OrganizatoriDogadjajiID, OrganizatorID, DogadjajID) values (102, 8, 541);
insert into OrganizatoriDogadjaji (OrganizatoriDogadjajiID, OrganizatorID, DogadjajID) values (103, 5, 306);
insert into OrganizatoriDogadjaji (OrganizatoriDogadjajiID, OrganizatorID, DogadjajID) values (104, 18, 73);
insert into OrganizatoriDogadjaji (OrganizatoriDogadjajiID, OrganizatorID, DogadjajID) values (105, 38, 655);
insert into OrganizatoriDogadjaji (OrganizatoriDogadjajiID, OrganizatorID, DogadjajID) values (106, 21, 567);
insert into OrganizatoriDogadjaji (OrganizatoriDogadjajiID, OrganizatorID, DogadjajID) values (107, 10, 176);
insert into OrganizatoriDogadjaji (OrganizatoriDogadjajiID, OrganizatorID, DogadjajID) values (108, 17, 116);
insert into OrganizatoriDogadjaji (OrganizatoriDogadjajiID, OrganizatorID, DogadjajID) values (109, 1, 364);
insert into OrganizatoriDogadjaji (OrganizatoriDogadjajiID, OrganizatorID, DogadjajID) values (110, 10, 641);
insert into OrganizatoriDogadjaji (OrganizatoriDogadjajiID, OrganizatorID, DogadjajID) values (111, 39, 697);
insert into OrganizatoriDogadjaji (OrganizatoriDogadjajiID, OrganizatorID, DogadjajID) values (112, 37, 42);
insert into OrganizatoriDogadjaji (OrganizatoriDogadjajiID, OrganizatorID, DogadjajID) values (113, 16, 661);
insert into OrganizatoriDogadjaji (OrganizatoriDogadjajiID, OrganizatorID, DogadjajID) values (114, 28, 169);
insert into OrganizatoriDogadjaji (OrganizatoriDogadjajiID, OrganizatorID, DogadjajID) values (115, 34, 237);
insert into OrganizatoriDogadjaji (OrganizatoriDogadjajiID, OrganizatorID, DogadjajID) values (116, 30, 698);
insert into OrganizatoriDogadjaji (OrganizatoriDogadjajiID, OrganizatorID, DogadjajID) values (117, 22, 679);
insert into OrganizatoriDogadjaji (OrganizatoriDogadjajiID, OrganizatorID, DogadjajID) values (118, 39, 179);
insert into OrganizatoriDogadjaji (OrganizatoriDogadjajiID, OrganizatorID, DogadjajID) values (119, 33, 419);
insert into OrganizatoriDogadjaji (OrganizatoriDogadjajiID, OrganizatorID, DogadjajID) values (120, 15, 132);
insert into OrganizatoriDogadjaji (OrganizatoriDogadjajiID, OrganizatorID, DogadjajID) values (121, 10, 71);
insert into OrganizatoriDogadjaji (OrganizatoriDogadjajiID, OrganizatorID, DogadjajID) values (122, 12, 463);
insert into OrganizatoriDogadjaji (OrganizatoriDogadjajiID, OrganizatorID, DogadjajID) values (123, 25, 616);
insert into OrganizatoriDogadjaji (OrganizatoriDogadjajiID, OrganizatorID, DogadjajID) values (124, 35, 512);
insert into OrganizatoriDogadjaji (OrganizatoriDogadjajiID, OrganizatorID, DogadjajID) values (125, 9, 205);
insert into OrganizatoriDogadjaji (OrganizatoriDogadjajiID, OrganizatorID, DogadjajID) values (126, 28, 662);
insert into OrganizatoriDogadjaji (OrganizatoriDogadjajiID, OrganizatorID, DogadjajID) values (127, 9, 611);
insert into OrganizatoriDogadjaji (OrganizatoriDogadjajiID, OrganizatorID, DogadjajID) values (128, 3, 619);
insert into OrganizatoriDogadjaji (OrganizatoriDogadjajiID, OrganizatorID, DogadjajID) values (129, 4, 667);
insert into OrganizatoriDogadjaji (OrganizatoriDogadjajiID, OrganizatorID, DogadjajID) values (130, 8, 377);
insert into OrganizatoriDogadjaji (OrganizatoriDogadjajiID, OrganizatorID, DogadjajID) values (131, 1, 312);
insert into OrganizatoriDogadjaji (OrganizatoriDogadjajiID, OrganizatorID, DogadjajID) values (132, 32, 332);
insert into OrganizatoriDogadjaji (OrganizatoriDogadjajiID, OrganizatorID, DogadjajID) values (133, 35, 367);
insert into OrganizatoriDogadjaji (OrganizatoriDogadjajiID, OrganizatorID, DogadjajID) values (134, 39, 587);
insert into OrganizatoriDogadjaji (OrganizatoriDogadjajiID, OrganizatorID, DogadjajID) values (135, 35, 71);
insert into OrganizatoriDogadjaji (OrganizatoriDogadjajiID, OrganizatorID, DogadjajID) values (136, 39, 617);
insert into OrganizatoriDogadjaji (OrganizatoriDogadjajiID, OrganizatorID, DogadjajID) values (137, 28, 614);
insert into OrganizatoriDogadjaji (OrganizatoriDogadjajiID, OrganizatorID, DogadjajID) values (138, 36, 118);
insert into OrganizatoriDogadjaji (OrganizatoriDogadjajiID, OrganizatorID, DogadjajID) values (139, 18, 385);
insert into OrganizatoriDogadjaji (OrganizatoriDogadjajiID, OrganizatorID, DogadjajID) values (140, 12, 166);
insert into OrganizatoriDogadjaji (OrganizatoriDogadjajiID, OrganizatorID, DogadjajID) values (141, 31, 344);
insert into OrganizatoriDogadjaji (OrganizatoriDogadjajiID, OrganizatorID, DogadjajID) values (142, 10, 336);
insert into OrganizatoriDogadjaji (OrganizatoriDogadjajiID, OrganizatorID, DogadjajID) values (143, 32, 624);
insert into OrganizatoriDogadjaji (OrganizatoriDogadjajiID, OrganizatorID, DogadjajID) values (144, 11, 587);
insert into OrganizatoriDogadjaji (OrganizatoriDogadjajiID, OrganizatorID, DogadjajID) values (145, 24, 561);
insert into OrganizatoriDogadjaji (OrganizatoriDogadjajiID, OrganizatorID, DogadjajID) values (146, 22, 551);
insert into OrganizatoriDogadjaji (OrganizatoriDogadjajiID, OrganizatorID, DogadjajID) values (147, 29, 172);
insert into OrganizatoriDogadjaji (OrganizatoriDogadjajiID, OrganizatorID, DogadjajID) values (148, 28, 47);
insert into OrganizatoriDogadjaji (OrganizatoriDogadjajiID, OrganizatorID, DogadjajID) values (149, 29, 528);
insert into OrganizatoriDogadjaji (OrganizatoriDogadjajiID, OrganizatorID, DogadjajID) values (150, 1, 535);
insert into OrganizatoriDogadjaji (OrganizatoriDogadjajiID, OrganizatorID, DogadjajID) values (151, 29, 364);
insert into OrganizatoriDogadjaji (OrganizatoriDogadjajiID, OrganizatorID, DogadjajID) values (152, 5, 250);
insert into OrganizatoriDogadjaji (OrganizatoriDogadjajiID, OrganizatorID, DogadjajID) values (153, 34, 458);
insert into OrganizatoriDogadjaji (OrganizatoriDogadjajiID, OrganizatorID, DogadjajID) values (154, 40, 217);
insert into OrganizatoriDogadjaji (OrganizatoriDogadjajiID, OrganizatorID, DogadjajID) values (155, 26, 594);
insert into OrganizatoriDogadjaji (OrganizatoriDogadjajiID, OrganizatorID, DogadjajID) values (156, 23, 63);
insert into OrganizatoriDogadjaji (OrganizatoriDogadjajiID, OrganizatorID, DogadjajID) values (157, 1, 527);
insert into OrganizatoriDogadjaji (OrganizatoriDogadjajiID, OrganizatorID, DogadjajID) values (158, 25, 344);
insert into OrganizatoriDogadjaji (OrganizatoriDogadjajiID, OrganizatorID, DogadjajID) values (159, 25, 608);
insert into OrganizatoriDogadjaji (OrganizatoriDogadjajiID, OrganizatorID, DogadjajID) values (160, 35, 250);
insert into OrganizatoriDogadjaji (OrganizatoriDogadjajiID, OrganizatorID, DogadjajID) values (161, 28, 519);
insert into OrganizatoriDogadjaji (OrganizatoriDogadjajiID, OrganizatorID, DogadjajID) values (162, 31, 421);
insert into OrganizatoriDogadjaji (OrganizatoriDogadjajiID, OrganizatorID, DogadjajID) values (163, 14, 552);
insert into OrganizatoriDogadjaji (OrganizatoriDogadjajiID, OrganizatorID, DogadjajID) values (164, 14, 444);
insert into OrganizatoriDogadjaji (OrganizatoriDogadjajiID, OrganizatorID, DogadjajID) values (165, 17, 582);
insert into OrganizatoriDogadjaji (OrganizatoriDogadjajiID, OrganizatorID, DogadjajID) values (166, 9, 409);
insert into OrganizatoriDogadjaji (OrganizatoriDogadjajiID, OrganizatorID, DogadjajID) values (167, 22, 552);
insert into OrganizatoriDogadjaji (OrganizatoriDogadjajiID, OrganizatorID, DogadjajID) values (168, 9, 64);
insert into OrganizatoriDogadjaji (OrganizatoriDogadjajiID, OrganizatorID, DogadjajID) values (169, 24, 478);
insert into OrganizatoriDogadjaji (OrganizatoriDogadjajiID, OrganizatorID, DogadjajID) values (170, 34, 531);
insert into OrganizatoriDogadjaji (OrganizatoriDogadjajiID, OrganizatorID, DogadjajID) values (171, 2, 562);
insert into OrganizatoriDogadjaji (OrganizatoriDogadjajiID, OrganizatorID, DogadjajID) values (172, 9, 70);
insert into OrganizatoriDogadjaji (OrganizatoriDogadjajiID, OrganizatorID, DogadjajID) values (173, 17, 213);
insert into OrganizatoriDogadjaji (OrganizatoriDogadjajiID, OrganizatorID, DogadjajID) values (174, 5, 651);
insert into OrganizatoriDogadjaji (OrganizatoriDogadjajiID, OrganizatorID, DogadjajID) values (175, 17, 1);
insert into OrganizatoriDogadjaji (OrganizatoriDogadjajiID, OrganizatorID, DogadjajID) values (176, 2, 34);
insert into OrganizatoriDogadjaji (OrganizatoriDogadjajiID, OrganizatorID, DogadjajID) values (177, 1, 524);
insert into OrganizatoriDogadjaji (OrganizatoriDogadjajiID, OrganizatorID, DogadjajID) values (178, 22, 292);
insert into OrganizatoriDogadjaji (OrganizatoriDogadjajiID, OrganizatorID, DogadjajID) values (179, 23, 218);
insert into OrganizatoriDogadjaji (OrganizatoriDogadjajiID, OrganizatorID, DogadjajID) values (180, 2, 488);
insert into OrganizatoriDogadjaji (OrganizatoriDogadjajiID, OrganizatorID, DogadjajID) values (181, 12, 54);
insert into OrganizatoriDogadjaji (OrganizatoriDogadjajiID, OrganizatorID, DogadjajID) values (182, 6, 204);
insert into OrganizatoriDogadjaji (OrganizatoriDogadjajiID, OrganizatorID, DogadjajID) values (183, 8, 428);
insert into OrganizatoriDogadjaji (OrganizatoriDogadjajiID, OrganizatorID, DogadjajID) values (184, 32, 257);
insert into OrganizatoriDogadjaji (OrganizatoriDogadjajiID, OrganizatorID, DogadjajID) values (185, 8, 145);
insert into OrganizatoriDogadjaji (OrganizatoriDogadjajiID, OrganizatorID, DogadjajID) values (186, 26, 88);
insert into OrganizatoriDogadjaji (OrganizatoriDogadjajiID, OrganizatorID, DogadjajID) values (187, 1, 293);
insert into OrganizatoriDogadjaji (OrganizatoriDogadjajiID, OrganizatorID, DogadjajID) values (188, 32, 323);
insert into OrganizatoriDogadjaji (OrganizatoriDogadjajiID, OrganizatorID, DogadjajID) values (189, 14, 475);
insert into OrganizatoriDogadjaji (OrganizatoriDogadjajiID, OrganizatorID, DogadjajID) values (190, 26, 94);
insert into OrganizatoriDogadjaji (OrganizatoriDogadjajiID, OrganizatorID, DogadjajID) values (191, 5, 168);
insert into OrganizatoriDogadjaji (OrganizatoriDogadjajiID, OrganizatorID, DogadjajID) values (192, 31, 227);
insert into OrganizatoriDogadjaji (OrganizatoriDogadjajiID, OrganizatorID, DogadjajID) values (193, 19, 425);
insert into OrganizatoriDogadjaji (OrganizatoriDogadjajiID, OrganizatorID, DogadjajID) values (194, 39, 286);
insert into OrganizatoriDogadjaji (OrganizatoriDogadjajiID, OrganizatorID, DogadjajID) values (195, 40, 102);
insert into OrganizatoriDogadjaji (OrganizatoriDogadjajiID, OrganizatorID, DogadjajID) values (196, 22, 642);
insert into OrganizatoriDogadjaji (OrganizatoriDogadjajiID, OrganizatorID, DogadjajID) values (197, 10, 603);
insert into OrganizatoriDogadjaji (OrganizatoriDogadjajiID, OrganizatorID, DogadjajID) values (198, 32, 138);
insert into OrganizatoriDogadjaji (OrganizatoriDogadjajiID, OrganizatorID, DogadjajID) values (199, 40, 361);
insert into OrganizatoriDogadjaji (OrganizatoriDogadjajiID, OrganizatorID, DogadjajID) values (200, 34, 115);
insert into OrganizatoriDogadjaji (OrganizatoriDogadjajiID, OrganizatorID, DogadjajID) values (201, 4, 439);
insert into OrganizatoriDogadjaji (OrganizatoriDogadjajiID, OrganizatorID, DogadjajID) values (202, 3, 370);
insert into OrganizatoriDogadjaji (OrganizatoriDogadjajiID, OrganizatorID, DogadjajID) values (203, 25, 193);
insert into OrganizatoriDogadjaji (OrganizatoriDogadjajiID, OrganizatorID, DogadjajID) values (204, 22, 625);
insert into OrganizatoriDogadjaji (OrganizatoriDogadjajiID, OrganizatorID, DogadjajID) values (205, 35, 182);
insert into OrganizatoriDogadjaji (OrganizatoriDogadjajiID, OrganizatorID, DogadjajID) values (206, 5, 623);
insert into OrganizatoriDogadjaji (OrganizatoriDogadjajiID, OrganizatorID, DogadjajID) values (207, 31, 568);
insert into OrganizatoriDogadjaji (OrganizatoriDogadjajiID, OrganizatorID, DogadjajID) values (208, 3, 64);
insert into OrganizatoriDogadjaji (OrganizatoriDogadjajiID, OrganizatorID, DogadjajID) values (209, 25, 67);
insert into OrganizatoriDogadjaji (OrganizatoriDogadjajiID, OrganizatorID, DogadjajID) values (210, 22, 525);
insert into OrganizatoriDogadjaji (OrganizatoriDogadjajiID, OrganizatorID, DogadjajID) values (211, 31, 256);
insert into OrganizatoriDogadjaji (OrganizatoriDogadjajiID, OrganizatorID, DogadjajID) values (212, 9, 400);
insert into OrganizatoriDogadjaji (OrganizatoriDogadjajiID, OrganizatorID, DogadjajID) values (213, 35, 159);
insert into OrganizatoriDogadjaji (OrganizatoriDogadjajiID, OrganizatorID, DogadjajID) values (214, 33, 640);
insert into OrganizatoriDogadjaji (OrganizatoriDogadjajiID, OrganizatorID, DogadjajID) values (215, 17, 464);
insert into OrganizatoriDogadjaji (OrganizatoriDogadjajiID, OrganizatorID, DogadjajID) values (216, 18, 450);
insert into OrganizatoriDogadjaji (OrganizatoriDogadjajiID, OrganizatorID, DogadjajID) values (217, 38, 631);
insert into OrganizatoriDogadjaji (OrganizatoriDogadjajiID, OrganizatorID, DogadjajID) values (218, 18, 459);
insert into OrganizatoriDogadjaji (OrganizatoriDogadjajiID, OrganizatorID, DogadjajID) values (219, 26, 628);
insert into OrganizatoriDogadjaji (OrganizatoriDogadjajiID, OrganizatorID, DogadjajID) values (220, 25, 199);
insert into OrganizatoriDogadjaji (OrganizatoriDogadjajiID, OrganizatorID, DogadjajID) values (221, 30, 290);
insert into OrganizatoriDogadjaji (OrganizatoriDogadjajiID, OrganizatorID, DogadjajID) values (222, 33, 218);
insert into OrganizatoriDogadjaji (OrganizatoriDogadjajiID, OrganizatorID, DogadjajID) values (223, 36, 103);
insert into OrganizatoriDogadjaji (OrganizatoriDogadjajiID, OrganizatorID, DogadjajID) values (224, 3, 498);
insert into OrganizatoriDogadjaji (OrganizatoriDogadjajiID, OrganizatorID, DogadjajID) values (225, 18, 154);
insert into OrganizatoriDogadjaji (OrganizatoriDogadjajiID, OrganizatorID, DogadjajID) values (226, 15, 629);
insert into OrganizatoriDogadjaji (OrganizatoriDogadjajiID, OrganizatorID, DogadjajID) values (227, 14, 562);
insert into OrganizatoriDogadjaji (OrganizatoriDogadjajiID, OrganizatorID, DogadjajID) values (228, 17, 32);
insert into OrganizatoriDogadjaji (OrganizatoriDogadjajiID, OrganizatorID, DogadjajID) values (229, 15, 288);
insert into OrganizatoriDogadjaji (OrganizatoriDogadjajiID, OrganizatorID, DogadjajID) values (230, 4, 453);
insert into OrganizatoriDogadjaji (OrganizatoriDogadjajiID, OrganizatorID, DogadjajID) values (231, 4, 608);
insert into OrganizatoriDogadjaji (OrganizatoriDogadjajiID, OrganizatorID, DogadjajID) values (232, 24, 679);
insert into OrganizatoriDogadjaji (OrganizatoriDogadjajiID, OrganizatorID, DogadjajID) values (233, 1, 109);
insert into OrganizatoriDogadjaji (OrganizatoriDogadjajiID, OrganizatorID, DogadjajID) values (234, 23, 51);
insert into OrganizatoriDogadjaji (OrganizatoriDogadjajiID, OrganizatorID, DogadjajID) values (235, 24, 159);
insert into OrganizatoriDogadjaji (OrganizatoriDogadjajiID, OrganizatorID, DogadjajID) values (236, 17, 449);
insert into OrganizatoriDogadjaji (OrganizatoriDogadjajiID, OrganizatorID, DogadjajID) values (237, 14, 639);
insert into OrganizatoriDogadjaji (OrganizatoriDogadjajiID, OrganizatorID, DogadjajID) values (238, 37, 497);
insert into OrganizatoriDogadjaji (OrganizatoriDogadjajiID, OrganizatorID, DogadjajID) values (239, 32, 603);
insert into OrganizatoriDogadjaji (OrganizatoriDogadjajiID, OrganizatorID, DogadjajID) values (240, 5, 454);
insert into OrganizatoriDogadjaji (OrganizatoriDogadjajiID, OrganizatorID, DogadjajID) values (241, 8, 219);
insert into OrganizatoriDogadjaji (OrganizatoriDogadjajiID, OrganizatorID, DogadjajID) values (242, 24, 418);
insert into OrganizatoriDogadjaji (OrganizatoriDogadjajiID, OrganizatorID, DogadjajID) values (243, 26, 223);
insert into OrganizatoriDogadjaji (OrganizatoriDogadjajiID, OrganizatorID, DogadjajID) values (244, 19, 441);
insert into OrganizatoriDogadjaji (OrganizatoriDogadjajiID, OrganizatorID, DogadjajID) values (245, 22, 19);
insert into OrganizatoriDogadjaji (OrganizatoriDogadjajiID, OrganizatorID, DogadjajID) values (246, 39, 371);
insert into OrganizatoriDogadjaji (OrganizatoriDogadjajiID, OrganizatorID, DogadjajID) values (247, 34, 72);
insert into OrganizatoriDogadjaji (OrganizatoriDogadjajiID, OrganizatorID, DogadjajID) values (248, 5, 538);
insert into OrganizatoriDogadjaji (OrganizatoriDogadjajiID, OrganizatorID, DogadjajID) values (249, 32, 193);
insert into OrganizatoriDogadjaji (OrganizatoriDogadjajiID, OrganizatorID, DogadjajID) values (250, 28, 44);
insert into OrganizatoriDogadjaji (OrganizatoriDogadjajiID, OrganizatorID, DogadjajID) values (251, 6, 302);
insert into OrganizatoriDogadjaji (OrganizatoriDogadjajiID, OrganizatorID, DogadjajID) values (252, 13, 599);
insert into OrganizatoriDogadjaji (OrganizatoriDogadjajiID, OrganizatorID, DogadjajID) values (253, 32, 145);
insert into OrganizatoriDogadjaji (OrganizatoriDogadjajiID, OrganizatorID, DogadjajID) values (254, 37, 416);
insert into OrganizatoriDogadjaji (OrganizatoriDogadjajiID, OrganizatorID, DogadjajID) values (255, 4, 200);
insert into OrganizatoriDogadjaji (OrganizatoriDogadjajiID, OrganizatorID, DogadjajID) values (256, 31, 318);
insert into OrganizatoriDogadjaji (OrganizatoriDogadjajiID, OrganizatorID, DogadjajID) values (257, 30, 476);
insert into OrganizatoriDogadjaji (OrganizatoriDogadjajiID, OrganizatorID, DogadjajID) values (258, 31, 358);
insert into OrganizatoriDogadjaji (OrganizatoriDogadjajiID, OrganizatorID, DogadjajID) values (259, 39, 159);
insert into OrganizatoriDogadjaji (OrganizatoriDogadjajiID, OrganizatorID, DogadjajID) values (260, 10, 389);
insert into OrganizatoriDogadjaji (OrganizatoriDogadjajiID, OrganizatorID, DogadjajID) values (261, 28, 62);
insert into OrganizatoriDogadjaji (OrganizatoriDogadjajiID, OrganizatorID, DogadjajID) values (262, 25, 581);
insert into OrganizatoriDogadjaji (OrganizatoriDogadjajiID, OrganizatorID, DogadjajID) values (263, 25, 661);
insert into OrganizatoriDogadjaji (OrganizatoriDogadjajiID, OrganizatorID, DogadjajID) values (264, 39, 350);
insert into OrganizatoriDogadjaji (OrganizatoriDogadjajiID, OrganizatorID, DogadjajID) values (265, 12, 565);
insert into OrganizatoriDogadjaji (OrganizatoriDogadjajiID, OrganizatorID, DogadjajID) values (266, 33, 20);
insert into OrganizatoriDogadjaji (OrganizatoriDogadjajiID, OrganizatorID, DogadjajID) values (267, 13, 416);
insert into OrganizatoriDogadjaji (OrganizatoriDogadjajiID, OrganizatorID, DogadjajID) values (268, 7, 297);
insert into OrganizatoriDogadjaji (OrganizatoriDogadjajiID, OrganizatorID, DogadjajID) values (269, 3, 9);
insert into OrganizatoriDogadjaji (OrganizatoriDogadjajiID, OrganizatorID, DogadjajID) values (270, 26, 611);
insert into OrganizatoriDogadjaji (OrganizatoriDogadjajiID, OrganizatorID, DogadjajID) values (271, 24, 121);
insert into OrganizatoriDogadjaji (OrganizatoriDogadjajiID, OrganizatorID, DogadjajID) values (272, 35, 680);
insert into OrganizatoriDogadjaji (OrganizatoriDogadjajiID, OrganizatorID, DogadjajID) values (273, 16, 247);
insert into OrganizatoriDogadjaji (OrganizatoriDogadjajiID, OrganizatorID, DogadjajID) values (274, 10, 143);
insert into OrganizatoriDogadjaji (OrganizatoriDogadjajiID, OrganizatorID, DogadjajID) values (275, 38, 232);
insert into OrganizatoriDogadjaji (OrganizatoriDogadjajiID, OrganizatorID, DogadjajID) values (276, 40, 503);
insert into OrganizatoriDogadjaji (OrganizatoriDogadjajiID, OrganizatorID, DogadjajID) values (277, 26, 681);
insert into OrganizatoriDogadjaji (OrganizatoriDogadjajiID, OrganizatorID, DogadjajID) values (278, 16, 588);
insert into OrganizatoriDogadjaji (OrganizatoriDogadjajiID, OrganizatorID, DogadjajID) values (279, 8, 278);
insert into OrganizatoriDogadjaji (OrganizatoriDogadjajiID, OrganizatorID, DogadjajID) values (280, 20, 318);
insert into OrganizatoriDogadjaji (OrganizatoriDogadjajiID, OrganizatorID, DogadjajID) values (281, 31, 370);
insert into OrganizatoriDogadjaji (OrganizatoriDogadjajiID, OrganizatorID, DogadjajID) values (282, 18, 634);
insert into OrganizatoriDogadjaji (OrganizatoriDogadjajiID, OrganizatorID, DogadjajID) values (283, 8, 496);
insert into OrganizatoriDogadjaji (OrganizatoriDogadjajiID, OrganizatorID, DogadjajID) values (284, 22, 33);
insert into OrganizatoriDogadjaji (OrganizatoriDogadjajiID, OrganizatorID, DogadjajID) values (285, 32, 10);
insert into OrganizatoriDogadjaji (OrganizatoriDogadjajiID, OrganizatorID, DogadjajID) values (286, 13, 346);
insert into OrganizatoriDogadjaji (OrganizatoriDogadjajiID, OrganizatorID, DogadjajID) values (287, 35, 640);
insert into OrganizatoriDogadjaji (OrganizatoriDogadjajiID, OrganizatorID, DogadjajID) values (288, 9, 501);
insert into OrganizatoriDogadjaji (OrganizatoriDogadjajiID, OrganizatorID, DogadjajID) values (289, 30, 641);
insert into OrganizatoriDogadjaji (OrganizatoriDogadjajiID, OrganizatorID, DogadjajID) values (290, 36, 496);
insert into OrganizatoriDogadjaji (OrganizatoriDogadjajiID, OrganizatorID, DogadjajID) values (291, 5, 303);
insert into OrganizatoriDogadjaji (OrganizatoriDogadjajiID, OrganizatorID, DogadjajID) values (292, 40, 640);
insert into OrganizatoriDogadjaji (OrganizatoriDogadjajiID, OrganizatorID, DogadjajID) values (293, 30, 162);
insert into OrganizatoriDogadjaji (OrganizatoriDogadjajiID, OrganizatorID, DogadjajID) values (294, 17, 16);
insert into OrganizatoriDogadjaji (OrganizatoriDogadjajiID, OrganizatorID, DogadjajID) values (295, 25, 548);
insert into OrganizatoriDogadjaji (OrganizatoriDogadjajiID, OrganizatorID, DogadjajID) values (296, 13, 205);
insert into OrganizatoriDogadjaji (OrganizatoriDogadjajiID, OrganizatorID, DogadjajID) values (297, 19, 76);
insert into OrganizatoriDogadjaji (OrganizatoriDogadjajiID, OrganizatorID, DogadjajID) values (298, 38, 412);
insert into OrganizatoriDogadjaji (OrganizatoriDogadjajiID, OrganizatorID, DogadjajID) values (299, 28, 364);
insert into OrganizatoriDogadjaji (OrganizatoriDogadjajiID, OrganizatorID, DogadjajID) values (300, 37, 330);
insert into OrganizatoriDogadjaji (OrganizatoriDogadjajiID, OrganizatorID, DogadjajID) values (301, 37, 692);
insert into OrganizatoriDogadjaji (OrganizatoriDogadjajiID, OrganizatorID, DogadjajID) values (302, 31, 201);
insert into OrganizatoriDogadjaji (OrganizatoriDogadjajiID, OrganizatorID, DogadjajID) values (303, 22, 106);
insert into OrganizatoriDogadjaji (OrganizatoriDogadjajiID, OrganizatorID, DogadjajID) values (304, 4, 387);
insert into OrganizatoriDogadjaji (OrganizatoriDogadjajiID, OrganizatorID, DogadjajID) values (305, 24, 456);
insert into OrganizatoriDogadjaji (OrganizatoriDogadjajiID, OrganizatorID, DogadjajID) values (306, 35, 500);
insert into OrganizatoriDogadjaji (OrganizatoriDogadjajiID, OrganizatorID, DogadjajID) values (307, 18, 653);
insert into OrganizatoriDogadjaji (OrganizatoriDogadjajiID, OrganizatorID, DogadjajID) values (308, 13, 316);
insert into OrganizatoriDogadjaji (OrganizatoriDogadjajiID, OrganizatorID, DogadjajID) values (309, 1, 566);
insert into OrganizatoriDogadjaji (OrganizatoriDogadjajiID, OrganizatorID, DogadjajID) values (310, 12, 473);
insert into OrganizatoriDogadjaji (OrganizatoriDogadjajiID, OrganizatorID, DogadjajID) values (311, 28, 276);
insert into OrganizatoriDogadjaji (OrganizatoriDogadjajiID, OrganizatorID, DogadjajID) values (312, 36, 420);
insert into OrganizatoriDogadjaji (OrganizatoriDogadjajiID, OrganizatorID, DogadjajID) values (313, 24, 492);
insert into OrganizatoriDogadjaji (OrganizatoriDogadjajiID, OrganizatorID, DogadjajID) values (314, 38, 433);
insert into OrganizatoriDogadjaji (OrganizatoriDogadjajiID, OrganizatorID, DogadjajID) values (315, 2, 212);
insert into OrganizatoriDogadjaji (OrganizatoriDogadjajiID, OrganizatorID, DogadjajID) values (316, 40, 444);
insert into OrganizatoriDogadjaji (OrganizatoriDogadjajiID, OrganizatorID, DogadjajID) values (317, 22, 305);
insert into OrganizatoriDogadjaji (OrganizatoriDogadjajiID, OrganizatorID, DogadjajID) values (318, 13, 34);
insert into OrganizatoriDogadjaji (OrganizatoriDogadjajiID, OrganizatorID, DogadjajID) values (319, 24, 181);
insert into OrganizatoriDogadjaji (OrganizatoriDogadjajiID, OrganizatorID, DogadjajID) values (320, 23, 403);
insert into OrganizatoriDogadjaji (OrganizatoriDogadjajiID, OrganizatorID, DogadjajID) values (321, 32, 224);
insert into OrganizatoriDogadjaji (OrganizatoriDogadjajiID, OrganizatorID, DogadjajID) values (322, 10, 655);
insert into OrganizatoriDogadjaji (OrganizatoriDogadjajiID, OrganizatorID, DogadjajID) values (323, 22, 400);
insert into OrganizatoriDogadjaji (OrganizatoriDogadjajiID, OrganizatorID, DogadjajID) values (324, 15, 698);
insert into OrganizatoriDogadjaji (OrganizatoriDogadjajiID, OrganizatorID, DogadjajID) values (325, 11, 360);
insert into OrganizatoriDogadjaji (OrganizatoriDogadjajiID, OrganizatorID, DogadjajID) values (326, 32, 646);
insert into OrganizatoriDogadjaji (OrganizatoriDogadjajiID, OrganizatorID, DogadjajID) values (327, 2, 62);
insert into OrganizatoriDogadjaji (OrganizatoriDogadjajiID, OrganizatorID, DogadjajID) values (328, 20, 420);
insert into OrganizatoriDogadjaji (OrganizatoriDogadjajiID, OrganizatorID, DogadjajID) values (329, 27, 140);
insert into OrganizatoriDogadjaji (OrganizatoriDogadjajiID, OrganizatorID, DogadjajID) values (330, 10, 181);
insert into OrganizatoriDogadjaji (OrganizatoriDogadjajiID, OrganizatorID, DogadjajID) values (331, 22, 56);
insert into OrganizatoriDogadjaji (OrganizatoriDogadjajiID, OrganizatorID, DogadjajID) values (332, 2, 220);
insert into OrganizatoriDogadjaji (OrganizatoriDogadjajiID, OrganizatorID, DogadjajID) values (333, 28, 313);
insert into OrganizatoriDogadjaji (OrganizatoriDogadjajiID, OrganizatorID, DogadjajID) values (334, 19, 102);
insert into OrganizatoriDogadjaji (OrganizatoriDogadjajiID, OrganizatorID, DogadjajID) values (335, 3, 601);
insert into OrganizatoriDogadjaji (OrganizatoriDogadjajiID, OrganizatorID, DogadjajID) values (336, 7, 567);
insert into OrganizatoriDogadjaji (OrganizatoriDogadjajiID, OrganizatorID, DogadjajID) values (337, 13, 254);
insert into OrganizatoriDogadjaji (OrganizatoriDogadjajiID, OrganizatorID, DogadjajID) values (338, 18, 306);
insert into OrganizatoriDogadjaji (OrganizatoriDogadjajiID, OrganizatorID, DogadjajID) values (339, 7, 128);
insert into OrganizatoriDogadjaji (OrganizatoriDogadjajiID, OrganizatorID, DogadjajID) values (340, 4, 531);
insert into OrganizatoriDogadjaji (OrganizatoriDogadjajiID, OrganizatorID, DogadjajID) values (341, 1, 63);
insert into OrganizatoriDogadjaji (OrganizatoriDogadjajiID, OrganizatorID, DogadjajID) values (342, 12, 53);
insert into OrganizatoriDogadjaji (OrganizatoriDogadjajiID, OrganizatorID, DogadjajID) values (343, 30, 90);
insert into OrganizatoriDogadjaji (OrganizatoriDogadjajiID, OrganizatorID, DogadjajID) values (344, 12, 563);
insert into OrganizatoriDogadjaji (OrganizatoriDogadjajiID, OrganizatorID, DogadjajID) values (345, 11, 48);
insert into OrganizatoriDogadjaji (OrganizatoriDogadjajiID, OrganizatorID, DogadjajID) values (346, 6, 671);
insert into OrganizatoriDogadjaji (OrganizatoriDogadjajiID, OrganizatorID, DogadjajID) values (347, 27, 126);
insert into OrganizatoriDogadjaji (OrganizatoriDogadjajiID, OrganizatorID, DogadjajID) values (348, 6, 54);
insert into OrganizatoriDogadjaji (OrganizatoriDogadjajiID, OrganizatorID, DogadjajID) values (349, 21, 615);
insert into OrganizatoriDogadjaji (OrganizatoriDogadjajiID, OrganizatorID, DogadjajID) values (350, 2, 323);
insert into OrganizatoriDogadjaji (OrganizatoriDogadjajiID, OrganizatorID, DogadjajID) values (351, 3, 601);
insert into OrganizatoriDogadjaji (OrganizatoriDogadjajiID, OrganizatorID, DogadjajID) values (352, 2, 162);
insert into OrganizatoriDogadjaji (OrganizatoriDogadjajiID, OrganizatorID, DogadjajID) values (353, 13, 327);
insert into OrganizatoriDogadjaji (OrganizatoriDogadjajiID, OrganizatorID, DogadjajID) values (354, 37, 2);
insert into OrganizatoriDogadjaji (OrganizatoriDogadjajiID, OrganizatorID, DogadjajID) values (355, 35, 417);
insert into OrganizatoriDogadjaji (OrganizatoriDogadjajiID, OrganizatorID, DogadjajID) values (356, 17, 526);
insert into OrganizatoriDogadjaji (OrganizatoriDogadjajiID, OrganizatorID, DogadjajID) values (357, 10, 664);
insert into OrganizatoriDogadjaji (OrganizatoriDogadjajiID, OrganizatorID, DogadjajID) values (358, 12, 495);
insert into OrganizatoriDogadjaji (OrganizatoriDogadjajiID, OrganizatorID, DogadjajID) values (359, 19, 360);
insert into OrganizatoriDogadjaji (OrganizatoriDogadjajiID, OrganizatorID, DogadjajID) values (360, 29, 632);
insert into OrganizatoriDogadjaji (OrganizatoriDogadjajiID, OrganizatorID, DogadjajID) values (361, 17, 583);
insert into OrganizatoriDogadjaji (OrganizatoriDogadjajiID, OrganizatorID, DogadjajID) values (362, 37, 607);
insert into OrganizatoriDogadjaji (OrganizatoriDogadjajiID, OrganizatorID, DogadjajID) values (363, 15, 458);
insert into OrganizatoriDogadjaji (OrganizatoriDogadjajiID, OrganizatorID, DogadjajID) values (364, 27, 132);
insert into OrganizatoriDogadjaji (OrganizatoriDogadjajiID, OrganizatorID, DogadjajID) values (365, 19, 323);
insert into OrganizatoriDogadjaji (OrganizatoriDogadjajiID, OrganizatorID, DogadjajID) values (366, 16, 235);
insert into OrganizatoriDogadjaji (OrganizatoriDogadjajiID, OrganizatorID, DogadjajID) values (367, 15, 384);
insert into OrganizatoriDogadjaji (OrganizatoriDogadjajiID, OrganizatorID, DogadjajID) values (368, 35, 223);
insert into OrganizatoriDogadjaji (OrganizatoriDogadjajiID, OrganizatorID, DogadjajID) values (369, 33, 186);
insert into OrganizatoriDogadjaji (OrganizatoriDogadjajiID, OrganizatorID, DogadjajID) values (370, 19, 531);
insert into OrganizatoriDogadjaji (OrganizatoriDogadjajiID, OrganizatorID, DogadjajID) values (371, 35, 12);
insert into OrganizatoriDogadjaji (OrganizatoriDogadjajiID, OrganizatorID, DogadjajID) values (372, 36, 690);
insert into OrganizatoriDogadjaji (OrganizatoriDogadjajiID, OrganizatorID, DogadjajID) values (373, 12, 381);
insert into OrganizatoriDogadjaji (OrganizatoriDogadjajiID, OrganizatorID, DogadjajID) values (374, 32, 557);
insert into OrganizatoriDogadjaji (OrganizatoriDogadjajiID, OrganizatorID, DogadjajID) values (375, 17, 568);
insert into OrganizatoriDogadjaji (OrganizatoriDogadjajiID, OrganizatorID, DogadjajID) values (376, 11, 223);
insert into OrganizatoriDogadjaji (OrganizatoriDogadjajiID, OrganizatorID, DogadjajID) values (377, 1, 147);
insert into OrganizatoriDogadjaji (OrganizatoriDogadjajiID, OrganizatorID, DogadjajID) values (378, 22, 354);
insert into OrganizatoriDogadjaji (OrganizatoriDogadjajiID, OrganizatorID, DogadjajID) values (379, 40, 2);
insert into OrganizatoriDogadjaji (OrganizatoriDogadjajiID, OrganizatorID, DogadjajID) values (380, 31, 304);
insert into OrganizatoriDogadjaji (OrganizatoriDogadjajiID, OrganizatorID, DogadjajID) values (381, 38, 648);
insert into OrganizatoriDogadjaji (OrganizatoriDogadjajiID, OrganizatorID, DogadjajID) values (382, 21, 563);
insert into OrganizatoriDogadjaji (OrganizatoriDogadjajiID, OrganizatorID, DogadjajID) values (383, 9, 41);
insert into OrganizatoriDogadjaji (OrganizatoriDogadjajiID, OrganizatorID, DogadjajID) values (384, 25, 564);
insert into OrganizatoriDogadjaji (OrganizatoriDogadjajiID, OrganizatorID, DogadjajID) values (385, 17, 6);
insert into OrganizatoriDogadjaji (OrganizatoriDogadjajiID, OrganizatorID, DogadjajID) values (386, 19, 294);
insert into OrganizatoriDogadjaji (OrganizatoriDogadjajiID, OrganizatorID, DogadjajID) values (387, 12, 643);
insert into OrganizatoriDogadjaji (OrganizatoriDogadjajiID, OrganizatorID, DogadjajID) values (388, 16, 239);
insert into OrganizatoriDogadjaji (OrganizatoriDogadjajiID, OrganizatorID, DogadjajID) values (389, 1, 324);
insert into OrganizatoriDogadjaji (OrganizatoriDogadjajiID, OrganizatorID, DogadjajID) values (390, 18, 55);
insert into OrganizatoriDogadjaji (OrganizatoriDogadjajiID, OrganizatorID, DogadjajID) values (391, 7, 50);
insert into OrganizatoriDogadjaji (OrganizatoriDogadjajiID, OrganizatorID, DogadjajID) values (392, 14, 438);
insert into OrganizatoriDogadjaji (OrganizatoriDogadjajiID, OrganizatorID, DogadjajID) values (393, 1, 490);
insert into OrganizatoriDogadjaji (OrganizatoriDogadjajiID, OrganizatorID, DogadjajID) values (394, 8, 111);
insert into OrganizatoriDogadjaji (OrganizatoriDogadjajiID, OrganizatorID, DogadjajID) values (395, 9, 213);
insert into OrganizatoriDogadjaji (OrganizatoriDogadjajiID, OrganizatorID, DogadjajID) values (396, 16, 50);
insert into OrganizatoriDogadjaji (OrganizatoriDogadjajiID, OrganizatorID, DogadjajID) values (397, 3, 414);
insert into OrganizatoriDogadjaji (OrganizatoriDogadjajiID, OrganizatorID, DogadjajID) values (398, 30, 537);
insert into OrganizatoriDogadjaji (OrganizatoriDogadjajiID, OrganizatorID, DogadjajID) values (399, 23, 442);
insert into OrganizatoriDogadjaji (OrganizatoriDogadjajiID, OrganizatorID, DogadjajID) values (400, 13, 400);
insert into OrganizatoriDogadjaji (OrganizatoriDogadjajiID, OrganizatorID, DogadjajID) values (401, 2, 590);
insert into OrganizatoriDogadjaji (OrganizatoriDogadjajiID, OrganizatorID, DogadjajID) values (402, 17, 606);
insert into OrganizatoriDogadjaji (OrganizatoriDogadjajiID, OrganizatorID, DogadjajID) values (403, 37, 17);
insert into OrganizatoriDogadjaji (OrganizatoriDogadjajiID, OrganizatorID, DogadjajID) values (404, 8, 628);
insert into OrganizatoriDogadjaji (OrganizatoriDogadjajiID, OrganizatorID, DogadjajID) values (405, 38, 107);
insert into OrganizatoriDogadjaji (OrganizatoriDogadjajiID, OrganizatorID, DogadjajID) values (406, 22, 79);
insert into OrganizatoriDogadjaji (OrganizatoriDogadjajiID, OrganizatorID, DogadjajID) values (407, 19, 41);
insert into OrganizatoriDogadjaji (OrganizatoriDogadjajiID, OrganizatorID, DogadjajID) values (408, 38, 457);
insert into OrganizatoriDogadjaji (OrganizatoriDogadjajiID, OrganizatorID, DogadjajID) values (409, 8, 195);
insert into OrganizatoriDogadjaji (OrganizatoriDogadjajiID, OrganizatorID, DogadjajID) values (410, 18, 141);
insert into OrganizatoriDogadjaji (OrganizatoriDogadjajiID, OrganizatorID, DogadjajID) values (411, 20, 271);
insert into OrganizatoriDogadjaji (OrganizatoriDogadjajiID, OrganizatorID, DogadjajID) values (412, 40, 696);
insert into OrganizatoriDogadjaji (OrganizatoriDogadjajiID, OrganizatorID, DogadjajID) values (413, 19, 54);
insert into OrganizatoriDogadjaji (OrganizatoriDogadjajiID, OrganizatorID, DogadjajID) values (414, 39, 500);
insert into OrganizatoriDogadjaji (OrganizatoriDogadjajiID, OrganizatorID, DogadjajID) values (415, 7, 553);
insert into OrganizatoriDogadjaji (OrganizatoriDogadjajiID, OrganizatorID, DogadjajID) values (416, 18, 17);
insert into OrganizatoriDogadjaji (OrganizatoriDogadjajiID, OrganizatorID, DogadjajID) values (417, 4, 478);
insert into OrganizatoriDogadjaji (OrganizatoriDogadjajiID, OrganizatorID, DogadjajID) values (418, 32, 230);
insert into OrganizatoriDogadjaji (OrganizatoriDogadjajiID, OrganizatorID, DogadjajID) values (419, 36, 498);
insert into OrganizatoriDogadjaji (OrganizatoriDogadjajiID, OrganizatorID, DogadjajID) values (420, 17, 603);
insert into OrganizatoriDogadjaji (OrganizatoriDogadjajiID, OrganizatorID, DogadjajID) values (421, 38, 328);
insert into OrganizatoriDogadjaji (OrganizatoriDogadjajiID, OrganizatorID, DogadjajID) values (422, 1, 319);
insert into OrganizatoriDogadjaji (OrganizatoriDogadjajiID, OrganizatorID, DogadjajID) values (423, 19, 637);
insert into OrganizatoriDogadjaji (OrganizatoriDogadjajiID, OrganizatorID, DogadjajID) values (424, 18, 2);
insert into OrganizatoriDogadjaji (OrganizatoriDogadjajiID, OrganizatorID, DogadjajID) values (425, 1, 17);
insert into OrganizatoriDogadjaji (OrganizatoriDogadjajiID, OrganizatorID, DogadjajID) values (426, 11, 131);
insert into OrganizatoriDogadjaji (OrganizatoriDogadjajiID, OrganizatorID, DogadjajID) values (427, 4, 440);
insert into OrganizatoriDogadjaji (OrganizatoriDogadjajiID, OrganizatorID, DogadjajID) values (428, 28, 459);
insert into OrganizatoriDogadjaji (OrganizatoriDogadjajiID, OrganizatorID, DogadjajID) values (429, 37, 577);
insert into OrganizatoriDogadjaji (OrganizatoriDogadjajiID, OrganizatorID, DogadjajID) values (430, 21, 191);
insert into OrganizatoriDogadjaji (OrganizatoriDogadjajiID, OrganizatorID, DogadjajID) values (431, 28, 389);
insert into OrganizatoriDogadjaji (OrganizatoriDogadjajiID, OrganizatorID, DogadjajID) values (432, 30, 291);
insert into OrganizatoriDogadjaji (OrganizatoriDogadjajiID, OrganizatorID, DogadjajID) values (433, 23, 619);
insert into OrganizatoriDogadjaji (OrganizatoriDogadjajiID, OrganizatorID, DogadjajID) values (434, 13, 501);
insert into OrganizatoriDogadjaji (OrganizatoriDogadjajiID, OrganizatorID, DogadjajID) values (435, 34, 207);
insert into OrganizatoriDogadjaji (OrganizatoriDogadjajiID, OrganizatorID, DogadjajID) values (436, 11, 487);
insert into OrganizatoriDogadjaji (OrganizatoriDogadjajiID, OrganizatorID, DogadjajID) values (437, 23, 290);
insert into OrganizatoriDogadjaji (OrganizatoriDogadjajiID, OrganizatorID, DogadjajID) values (438, 22, 517);
insert into OrganizatoriDogadjaji (OrganizatoriDogadjajiID, OrganizatorID, DogadjajID) values (439, 26, 428);
insert into OrganizatoriDogadjaji (OrganizatoriDogadjajiID, OrganizatorID, DogadjajID) values (440, 40, 622);
insert into OrganizatoriDogadjaji (OrganizatoriDogadjajiID, OrganizatorID, DogadjajID) values (441, 35, 92);
insert into OrganizatoriDogadjaji (OrganizatoriDogadjajiID, OrganizatorID, DogadjajID) values (442, 38, 700);
insert into OrganizatoriDogadjaji (OrganizatoriDogadjajiID, OrganizatorID, DogadjajID) values (443, 17, 241);
insert into OrganizatoriDogadjaji (OrganizatoriDogadjajiID, OrganizatorID, DogadjajID) values (444, 16, 667);
insert into OrganizatoriDogadjaji (OrganizatoriDogadjajiID, OrganizatorID, DogadjajID) values (445, 1, 170);
insert into OrganizatoriDogadjaji (OrganizatoriDogadjajiID, OrganizatorID, DogadjajID) values (446, 35, 606);
insert into OrganizatoriDogadjaji (OrganizatoriDogadjajiID, OrganizatorID, DogadjajID) values (447, 22, 277);
insert into OrganizatoriDogadjaji (OrganizatoriDogadjajiID, OrganizatorID, DogadjajID) values (448, 31, 125);
insert into OrganizatoriDogadjaji (OrganizatoriDogadjajiID, OrganizatorID, DogadjajID) values (449, 5, 45);
insert into OrganizatoriDogadjaji (OrganizatoriDogadjajiID, OrganizatorID, DogadjajID) values (450, 21, 495);
insert into OrganizatoriDogadjaji (OrganizatoriDogadjajiID, OrganizatorID, DogadjajID) values (451, 37, 619);
insert into OrganizatoriDogadjaji (OrganizatoriDogadjajiID, OrganizatorID, DogadjajID) values (452, 39, 72);
insert into OrganizatoriDogadjaji (OrganizatoriDogadjajiID, OrganizatorID, DogadjajID) values (453, 30, 283);
insert into OrganizatoriDogadjaji (OrganizatoriDogadjajiID, OrganizatorID, DogadjajID) values (454, 19, 192);
insert into OrganizatoriDogadjaji (OrganizatoriDogadjajiID, OrganizatorID, DogadjajID) values (455, 40, 229);
insert into OrganizatoriDogadjaji (OrganizatoriDogadjajiID, OrganizatorID, DogadjajID) values (456, 23, 640);
insert into OrganizatoriDogadjaji (OrganizatoriDogadjajiID, OrganizatorID, DogadjajID) values (457, 35, 205);
insert into OrganizatoriDogadjaji (OrganizatoriDogadjajiID, OrganizatorID, DogadjajID) values (458, 31, 186);
insert into OrganizatoriDogadjaji (OrganizatoriDogadjajiID, OrganizatorID, DogadjajID) values (459, 31, 596);
insert into OrganizatoriDogadjaji (OrganizatoriDogadjajiID, OrganizatorID, DogadjajID) values (460, 37, 130);
insert into OrganizatoriDogadjaji (OrganizatoriDogadjajiID, OrganizatorID, DogadjajID) values (461, 23, 590);
insert into OrganizatoriDogadjaji (OrganizatoriDogadjajiID, OrganizatorID, DogadjajID) values (462, 1, 66);
insert into OrganizatoriDogadjaji (OrganizatoriDogadjajiID, OrganizatorID, DogadjajID) values (463, 40, 479);
insert into OrganizatoriDogadjaji (OrganizatoriDogadjajiID, OrganizatorID, DogadjajID) values (464, 23, 311);
insert into OrganizatoriDogadjaji (OrganizatoriDogadjajiID, OrganizatorID, DogadjajID) values (465, 7, 130);
insert into OrganizatoriDogadjaji (OrganizatoriDogadjajiID, OrganizatorID, DogadjajID) values (466, 30, 17);
insert into OrganizatoriDogadjaji (OrganizatoriDogadjajiID, OrganizatorID, DogadjajID) values (467, 10, 507);
insert into OrganizatoriDogadjaji (OrganizatoriDogadjajiID, OrganizatorID, DogadjajID) values (468, 37, 544);
insert into OrganizatoriDogadjaji (OrganizatoriDogadjajiID, OrganizatorID, DogadjajID) values (469, 33, 297);
insert into OrganizatoriDogadjaji (OrganizatoriDogadjajiID, OrganizatorID, DogadjajID) values (470, 29, 461);
insert into OrganizatoriDogadjaji (OrganizatoriDogadjajiID, OrganizatorID, DogadjajID) values (471, 22, 224);
insert into OrganizatoriDogadjaji (OrganizatoriDogadjajiID, OrganizatorID, DogadjajID) values (472, 16, 207);
insert into OrganizatoriDogadjaji (OrganizatoriDogadjajiID, OrganizatorID, DogadjajID) values (473, 14, 693);
insert into OrganizatoriDogadjaji (OrganizatoriDogadjajiID, OrganizatorID, DogadjajID) values (474, 37, 124);
insert into OrganizatoriDogadjaji (OrganizatoriDogadjajiID, OrganizatorID, DogadjajID) values (475, 31, 552);
insert into OrganizatoriDogadjaji (OrganizatoriDogadjajiID, OrganizatorID, DogadjajID) values (476, 24, 458);
insert into OrganizatoriDogadjaji (OrganizatoriDogadjajiID, OrganizatorID, DogadjajID) values (477, 3, 448);
insert into OrganizatoriDogadjaji (OrganizatoriDogadjajiID, OrganizatorID, DogadjajID) values (478, 1, 604);
insert into OrganizatoriDogadjaji (OrganizatoriDogadjajiID, OrganizatorID, DogadjajID) values (479, 8, 201);
insert into OrganizatoriDogadjaji (OrganizatoriDogadjajiID, OrganizatorID, DogadjajID) values (480, 11, 3);
insert into OrganizatoriDogadjaji (OrganizatoriDogadjajiID, OrganizatorID, DogadjajID) values (481, 20, 140);
insert into OrganizatoriDogadjaji (OrganizatoriDogadjajiID, OrganizatorID, DogadjajID) values (482, 28, 310);
insert into OrganizatoriDogadjaji (OrganizatoriDogadjajiID, OrganizatorID, DogadjajID) values (483, 5, 664);
insert into OrganizatoriDogadjaji (OrganizatoriDogadjajiID, OrganizatorID, DogadjajID) values (484, 29, 144);
insert into OrganizatoriDogadjaji (OrganizatoriDogadjajiID, OrganizatorID, DogadjajID) values (485, 10, 501);
insert into OrganizatoriDogadjaji (OrganizatoriDogadjajiID, OrganizatorID, DogadjajID) values (486, 18, 593);
insert into OrganizatoriDogadjaji (OrganizatoriDogadjajiID, OrganizatorID, DogadjajID) values (487, 7, 595);
insert into OrganizatoriDogadjaji (OrganizatoriDogadjajiID, OrganizatorID, DogadjajID) values (488, 28, 412);
insert into OrganizatoriDogadjaji (OrganizatoriDogadjajiID, OrganizatorID, DogadjajID) values (489, 29, 9);
insert into OrganizatoriDogadjaji (OrganizatoriDogadjajiID, OrganizatorID, DogadjajID) values (490, 21, 670);
insert into OrganizatoriDogadjaji (OrganizatoriDogadjajiID, OrganizatorID, DogadjajID) values (491, 21, 137);
insert into OrganizatoriDogadjaji (OrganizatoriDogadjajiID, OrganizatorID, DogadjajID) values (492, 28, 483);
insert into OrganizatoriDogadjaji (OrganizatoriDogadjajiID, OrganizatorID, DogadjajID) values (493, 13, 244);
insert into OrganizatoriDogadjaji (OrganizatoriDogadjajiID, OrganizatorID, DogadjajID) values (494, 40, 289);
insert into OrganizatoriDogadjaji (OrganizatoriDogadjajiID, OrganizatorID, DogadjajID) values (495, 22, 615);
insert into OrganizatoriDogadjaji (OrganizatoriDogadjajiID, OrganizatorID, DogadjajID) values (496, 25, 257);
insert into OrganizatoriDogadjaji (OrganizatoriDogadjajiID, OrganizatorID, DogadjajID) values (497, 7, 95);
insert into OrganizatoriDogadjaji (OrganizatoriDogadjajiID, OrganizatorID, DogadjajID) values (498, 13, 579);
insert into OrganizatoriDogadjaji (OrganizatoriDogadjajiID, OrganizatorID, DogadjajID) values (499, 29, 576);
insert into OrganizatoriDogadjaji (OrganizatoriDogadjajiID, OrganizatorID, DogadjajID) values (500, 31, 82);
insert into OrganizatoriDogadjaji (OrganizatoriDogadjajiID, OrganizatorID, DogadjajID) values (501, 15, 489);
insert into OrganizatoriDogadjaji (OrganizatoriDogadjajiID, OrganizatorID, DogadjajID) values (502, 24, 624);
insert into OrganizatoriDogadjaji (OrganizatoriDogadjajiID, OrganizatorID, DogadjajID) values (503, 31, 9);
insert into OrganizatoriDogadjaji (OrganizatoriDogadjajiID, OrganizatorID, DogadjajID) values (504, 31, 302);
insert into OrganizatoriDogadjaji (OrganizatoriDogadjajiID, OrganizatorID, DogadjajID) values (505, 24, 675);
insert into OrganizatoriDogadjaji (OrganizatoriDogadjajiID, OrganizatorID, DogadjajID) values (506, 20, 619);
insert into OrganizatoriDogadjaji (OrganizatoriDogadjajiID, OrganizatorID, DogadjajID) values (507, 14, 400);
insert into OrganizatoriDogadjaji (OrganizatoriDogadjajiID, OrganizatorID, DogadjajID) values (508, 4, 658);
insert into OrganizatoriDogadjaji (OrganizatoriDogadjajiID, OrganizatorID, DogadjajID) values (509, 22, 464);
insert into OrganizatoriDogadjaji (OrganizatoriDogadjajiID, OrganizatorID, DogadjajID) values (510, 26, 563);
insert into OrganizatoriDogadjaji (OrganizatoriDogadjajiID, OrganizatorID, DogadjajID) values (511, 20, 404);
insert into OrganizatoriDogadjaji (OrganizatoriDogadjajiID, OrganizatorID, DogadjajID) values (512, 22, 618);
insert into OrganizatoriDogadjaji (OrganizatoriDogadjajiID, OrganizatorID, DogadjajID) values (513, 16, 435);
insert into OrganizatoriDogadjaji (OrganizatoriDogadjajiID, OrganizatorID, DogadjajID) values (514, 34, 411);
insert into OrganizatoriDogadjaji (OrganizatoriDogadjajiID, OrganizatorID, DogadjajID) values (515, 18, 198);
insert into OrganizatoriDogadjaji (OrganizatoriDogadjajiID, OrganizatorID, DogadjajID) values (516, 36, 607);
insert into OrganizatoriDogadjaji (OrganizatoriDogadjajiID, OrganizatorID, DogadjajID) values (517, 21, 119);
insert into OrganizatoriDogadjaji (OrganizatoriDogadjajiID, OrganizatorID, DogadjajID) values (518, 13, 567);
insert into OrganizatoriDogadjaji (OrganizatoriDogadjajiID, OrganizatorID, DogadjajID) values (519, 6, 453);
insert into OrganizatoriDogadjaji (OrganizatoriDogadjajiID, OrganizatorID, DogadjajID) values (520, 25, 307);
insert into OrganizatoriDogadjaji (OrganizatoriDogadjajiID, OrganizatorID, DogadjajID) values (521, 5, 62);
insert into OrganizatoriDogadjaji (OrganizatoriDogadjajiID, OrganizatorID, DogadjajID) values (522, 11, 340);
insert into OrganizatoriDogadjaji (OrganizatoriDogadjajiID, OrganizatorID, DogadjajID) values (523, 11, 280);
insert into OrganizatoriDogadjaji (OrganizatoriDogadjajiID, OrganizatorID, DogadjajID) values (524, 25, 652);
insert into OrganizatoriDogadjaji (OrganizatoriDogadjajiID, OrganizatorID, DogadjajID) values (525, 9, 86);
insert into OrganizatoriDogadjaji (OrganizatoriDogadjajiID, OrganizatorID, DogadjajID) values (526, 28, 593);
insert into OrganizatoriDogadjaji (OrganizatoriDogadjajiID, OrganizatorID, DogadjajID) values (527, 16, 391);
insert into OrganizatoriDogadjaji (OrganizatoriDogadjajiID, OrganizatorID, DogadjajID) values (528, 24, 113);
insert into OrganizatoriDogadjaji (OrganizatoriDogadjajiID, OrganizatorID, DogadjajID) values (529, 6, 520);
insert into OrganizatoriDogadjaji (OrganizatoriDogadjajiID, OrganizatorID, DogadjajID) values (530, 35, 44);
insert into OrganizatoriDogadjaji (OrganizatoriDogadjajiID, OrganizatorID, DogadjajID) values (531, 23, 476);
insert into OrganizatoriDogadjaji (OrganizatoriDogadjajiID, OrganizatorID, DogadjajID) values (532, 7, 436);
insert into OrganizatoriDogadjaji (OrganizatoriDogadjajiID, OrganizatorID, DogadjajID) values (533, 39, 446);
insert into OrganizatoriDogadjaji (OrganizatoriDogadjajiID, OrganizatorID, DogadjajID) values (534, 15, 298);
insert into OrganizatoriDogadjaji (OrganizatoriDogadjajiID, OrganizatorID, DogadjajID) values (535, 40, 26);
insert into OrganizatoriDogadjaji (OrganizatoriDogadjajiID, OrganizatorID, DogadjajID) values (536, 20, 611);
insert into OrganizatoriDogadjaji (OrganizatoriDogadjajiID, OrganizatorID, DogadjajID) values (537, 34, 455);
insert into OrganizatoriDogadjaji (OrganizatoriDogadjajiID, OrganizatorID, DogadjajID) values (538, 3, 65);
insert into OrganizatoriDogadjaji (OrganizatoriDogadjajiID, OrganizatorID, DogadjajID) values (539, 8, 180);
insert into OrganizatoriDogadjaji (OrganizatoriDogadjajiID, OrganizatorID, DogadjajID) values (540, 16, 416);
insert into OrganizatoriDogadjaji (OrganizatoriDogadjajiID, OrganizatorID, DogadjajID) values (541, 7, 90);
insert into OrganizatoriDogadjaji (OrganizatoriDogadjajiID, OrganizatorID, DogadjajID) values (542, 1, 519);
insert into OrganizatoriDogadjaji (OrganizatoriDogadjajiID, OrganizatorID, DogadjajID) values (543, 15, 526);
insert into OrganizatoriDogadjaji (OrganizatoriDogadjajiID, OrganizatorID, DogadjajID) values (544, 9, 652);
insert into OrganizatoriDogadjaji (OrganizatoriDogadjajiID, OrganizatorID, DogadjajID) values (545, 8, 97);
insert into OrganizatoriDogadjaji (OrganizatoriDogadjajiID, OrganizatorID, DogadjajID) values (546, 1, 614);
insert into OrganizatoriDogadjaji (OrganizatoriDogadjajiID, OrganizatorID, DogadjajID) values (547, 6, 41);
insert into OrganizatoriDogadjaji (OrganizatoriDogadjajiID, OrganizatorID, DogadjajID) values (548, 13, 95);
insert into OrganizatoriDogadjaji (OrganizatoriDogadjajiID, OrganizatorID, DogadjajID) values (549, 15, 346);
insert into OrganizatoriDogadjaji (OrganizatoriDogadjajiID, OrganizatorID, DogadjajID) values (550, 32, 148);
insert into OrganizatoriDogadjaji (OrganizatoriDogadjajiID, OrganizatorID, DogadjajID) values (551, 21, 415);
insert into OrganizatoriDogadjaji (OrganizatoriDogadjajiID, OrganizatorID, DogadjajID) values (552, 26, 97);
insert into OrganizatoriDogadjaji (OrganizatoriDogadjajiID, OrganizatorID, DogadjajID) values (553, 34, 623);
insert into OrganizatoriDogadjaji (OrganizatoriDogadjajiID, OrganizatorID, DogadjajID) values (554, 11, 39);
insert into OrganizatoriDogadjaji (OrganizatoriDogadjajiID, OrganizatorID, DogadjajID) values (555, 22, 278);
insert into OrganizatoriDogadjaji (OrganizatoriDogadjajiID, OrganizatorID, DogadjajID) values (556, 35, 671);
insert into OrganizatoriDogadjaji (OrganizatoriDogadjajiID, OrganizatorID, DogadjajID) values (557, 13, 622);
insert into OrganizatoriDogadjaji (OrganizatoriDogadjajiID, OrganizatorID, DogadjajID) values (558, 22, 226);
insert into OrganizatoriDogadjaji (OrganizatoriDogadjajiID, OrganizatorID, DogadjajID) values (559, 4, 171);
insert into OrganizatoriDogadjaji (OrganizatoriDogadjajiID, OrganizatorID, DogadjajID) values (560, 23, 91);
insert into OrganizatoriDogadjaji (OrganizatoriDogadjajiID, OrganizatorID, DogadjajID) values (561, 9, 678);
insert into OrganizatoriDogadjaji (OrganizatoriDogadjajiID, OrganizatorID, DogadjajID) values (562, 32, 152);
insert into OrganizatoriDogadjaji (OrganizatoriDogadjajiID, OrganizatorID, DogadjajID) values (563, 24, 293);
insert into OrganizatoriDogadjaji (OrganizatoriDogadjajiID, OrganizatorID, DogadjajID) values (564, 30, 192);
insert into OrganizatoriDogadjaji (OrganizatoriDogadjajiID, OrganizatorID, DogadjajID) values (565, 22, 241);
insert into OrganizatoriDogadjaji (OrganizatoriDogadjajiID, OrganizatorID, DogadjajID) values (566, 40, 650);
insert into OrganizatoriDogadjaji (OrganizatoriDogadjajiID, OrganizatorID, DogadjajID) values (567, 9, 615);
insert into OrganizatoriDogadjaji (OrganizatoriDogadjajiID, OrganizatorID, DogadjajID) values (568, 28, 48);
insert into OrganizatoriDogadjaji (OrganizatoriDogadjajiID, OrganizatorID, DogadjajID) values (569, 37, 562);
insert into OrganizatoriDogadjaji (OrganizatoriDogadjajiID, OrganizatorID, DogadjajID) values (570, 4, 118);
insert into OrganizatoriDogadjaji (OrganizatoriDogadjajiID, OrganizatorID, DogadjajID) values (571, 5, 388);
insert into OrganizatoriDogadjaji (OrganizatoriDogadjajiID, OrganizatorID, DogadjajID) values (572, 13, 8);
insert into OrganizatoriDogadjaji (OrganizatoriDogadjajiID, OrganizatorID, DogadjajID) values (573, 37, 291);
insert into OrganizatoriDogadjaji (OrganizatoriDogadjajiID, OrganizatorID, DogadjajID) values (574, 5, 337);
insert into OrganizatoriDogadjaji (OrganizatoriDogadjajiID, OrganizatorID, DogadjajID) values (575, 3, 4);
insert into OrganizatoriDogadjaji (OrganizatoriDogadjajiID, OrganizatorID, DogadjajID) values (576, 10, 692);
insert into OrganizatoriDogadjaji (OrganizatoriDogadjajiID, OrganizatorID, DogadjajID) values (577, 13, 183);
insert into OrganizatoriDogadjaji (OrganizatoriDogadjajiID, OrganizatorID, DogadjajID) values (578, 19, 439);
insert into OrganizatoriDogadjaji (OrganizatoriDogadjajiID, OrganizatorID, DogadjajID) values (579, 4, 32);
insert into OrganizatoriDogadjaji (OrganizatoriDogadjajiID, OrganizatorID, DogadjajID) values (580, 1, 643);
insert into OrganizatoriDogadjaji (OrganizatoriDogadjajiID, OrganizatorID, DogadjajID) values (581, 29, 70);
insert into OrganizatoriDogadjaji (OrganizatoriDogadjajiID, OrganizatorID, DogadjajID) values (582, 37, 306);
insert into OrganizatoriDogadjaji (OrganizatoriDogadjajiID, OrganizatorID, DogadjajID) values (583, 29, 552);
insert into OrganizatoriDogadjaji (OrganizatoriDogadjajiID, OrganizatorID, DogadjajID) values (584, 34, 623);
insert into OrganizatoriDogadjaji (OrganizatoriDogadjajiID, OrganizatorID, DogadjajID) values (585, 8, 509);
insert into OrganizatoriDogadjaji (OrganizatoriDogadjajiID, OrganizatorID, DogadjajID) values (586, 15, 188);
insert into OrganizatoriDogadjaji (OrganizatoriDogadjajiID, OrganizatorID, DogadjajID) values (587, 7, 526);
insert into OrganizatoriDogadjaji (OrganizatoriDogadjajiID, OrganizatorID, DogadjajID) values (588, 35, 100);
insert into OrganizatoriDogadjaji (OrganizatoriDogadjajiID, OrganizatorID, DogadjajID) values (589, 26, 384);
insert into OrganizatoriDogadjaji (OrganizatoriDogadjajiID, OrganizatorID, DogadjajID) values (590, 35, 325);
insert into OrganizatoriDogadjaji (OrganizatoriDogadjajiID, OrganizatorID, DogadjajID) values (591, 4, 392);
insert into OrganizatoriDogadjaji (OrganizatoriDogadjajiID, OrganizatorID, DogadjajID) values (592, 27, 87);
insert into OrganizatoriDogadjaji (OrganizatoriDogadjajiID, OrganizatorID, DogadjajID) values (593, 39, 628);
insert into OrganizatoriDogadjaji (OrganizatoriDogadjajiID, OrganizatorID, DogadjajID) values (594, 13, 360);
insert into OrganizatoriDogadjaji (OrganizatoriDogadjajiID, OrganizatorID, DogadjajID) values (595, 30, 548);
insert into OrganizatoriDogadjaji (OrganizatoriDogadjajiID, OrganizatorID, DogadjajID) values (596, 36, 665);
insert into OrganizatoriDogadjaji (OrganizatoriDogadjajiID, OrganizatorID, DogadjajID) values (597, 27, 286);
insert into OrganizatoriDogadjaji (OrganizatoriDogadjajiID, OrganizatorID, DogadjajID) values (598, 5, 152);
insert into OrganizatoriDogadjaji (OrganizatoriDogadjajiID, OrganizatorID, DogadjajID) values (599, 3, 184);
insert into OrganizatoriDogadjaji (OrganizatoriDogadjajiID, OrganizatorID, DogadjajID) values (600, 28, 417);
insert into OrganizatoriDogadjaji (OrganizatoriDogadjajiID, OrganizatorID, DogadjajID) values (601, 14, 67);
insert into OrganizatoriDogadjaji (OrganizatoriDogadjajiID, OrganizatorID, DogadjajID) values (602, 3, 558);
insert into OrganizatoriDogadjaji (OrganizatoriDogadjajiID, OrganizatorID, DogadjajID) values (603, 2, 592);
insert into OrganizatoriDogadjaji (OrganizatoriDogadjajiID, OrganizatorID, DogadjajID) values (604, 39, 58);
insert into OrganizatoriDogadjaji (OrganizatoriDogadjajiID, OrganizatorID, DogadjajID) values (605, 1, 467);
insert into OrganizatoriDogadjaji (OrganizatoriDogadjajiID, OrganizatorID, DogadjajID) values (606, 13, 92);
insert into OrganizatoriDogadjaji (OrganizatoriDogadjajiID, OrganizatorID, DogadjajID) values (607, 23, 360);
insert into OrganizatoriDogadjaji (OrganizatoriDogadjajiID, OrganizatorID, DogadjajID) values (608, 18, 536);
insert into OrganizatoriDogadjaji (OrganizatoriDogadjajiID, OrganizatorID, DogadjajID) values (609, 24, 687);
insert into OrganizatoriDogadjaji (OrganizatoriDogadjajiID, OrganizatorID, DogadjajID) values (610, 39, 369);
insert into OrganizatoriDogadjaji (OrganizatoriDogadjajiID, OrganizatorID, DogadjajID) values (611, 27, 662);
insert into OrganizatoriDogadjaji (OrganizatoriDogadjajiID, OrganizatorID, DogadjajID) values (612, 2, 96);
insert into OrganizatoriDogadjaji (OrganizatoriDogadjajiID, OrganizatorID, DogadjajID) values (613, 4, 524);
insert into OrganizatoriDogadjaji (OrganizatoriDogadjajiID, OrganizatorID, DogadjajID) values (614, 38, 379);
insert into OrganizatoriDogadjaji (OrganizatoriDogadjajiID, OrganizatorID, DogadjajID) values (615, 9, 270);
insert into OrganizatoriDogadjaji (OrganizatoriDogadjajiID, OrganizatorID, DogadjajID) values (616, 26, 368);
insert into OrganizatoriDogadjaji (OrganizatoriDogadjajiID, OrganizatorID, DogadjajID) values (617, 19, 218);
insert into OrganizatoriDogadjaji (OrganizatoriDogadjajiID, OrganizatorID, DogadjajID) values (618, 11, 665);
insert into OrganizatoriDogadjaji (OrganizatoriDogadjajiID, OrganizatorID, DogadjajID) values (619, 27, 693);
insert into OrganizatoriDogadjaji (OrganizatoriDogadjajiID, OrganizatorID, DogadjajID) values (620, 24, 464);
insert into OrganizatoriDogadjaji (OrganizatoriDogadjajiID, OrganizatorID, DogadjajID) values (621, 38, 105);
insert into OrganizatoriDogadjaji (OrganizatoriDogadjajiID, OrganizatorID, DogadjajID) values (622, 28, 484);
insert into OrganizatoriDogadjaji (OrganizatoriDogadjajiID, OrganizatorID, DogadjajID) values (623, 11, 424);
insert into OrganizatoriDogadjaji (OrganizatoriDogadjajiID, OrganizatorID, DogadjajID) values (624, 26, 570);
insert into OrganizatoriDogadjaji (OrganizatoriDogadjajiID, OrganizatorID, DogadjajID) values (625, 16, 506);
insert into OrganizatoriDogadjaji (OrganizatoriDogadjajiID, OrganizatorID, DogadjajID) values (626, 40, 400);
insert into OrganizatoriDogadjaji (OrganizatoriDogadjajiID, OrganizatorID, DogadjajID) values (627, 37, 387);
insert into OrganizatoriDogadjaji (OrganizatoriDogadjajiID, OrganizatorID, DogadjajID) values (628, 24, 528);
insert into OrganizatoriDogadjaji (OrganizatoriDogadjajiID, OrganizatorID, DogadjajID) values (629, 40, 131);
insert into OrganizatoriDogadjaji (OrganizatoriDogadjajiID, OrganizatorID, DogadjajID) values (630, 19, 471);
insert into OrganizatoriDogadjaji (OrganizatoriDogadjajiID, OrganizatorID, DogadjajID) values (631, 38, 503);
insert into OrganizatoriDogadjaji (OrganizatoriDogadjajiID, OrganizatorID, DogadjajID) values (632, 28, 73);
insert into OrganizatoriDogadjaji (OrganizatoriDogadjajiID, OrganizatorID, DogadjajID) values (633, 39, 525);
insert into OrganizatoriDogadjaji (OrganizatoriDogadjajiID, OrganizatorID, DogadjajID) values (634, 39, 208);
insert into OrganizatoriDogadjaji (OrganizatoriDogadjajiID, OrganizatorID, DogadjajID) values (635, 25, 141);
insert into OrganizatoriDogadjaji (OrganizatoriDogadjajiID, OrganizatorID, DogadjajID) values (636, 3, 83);
insert into OrganizatoriDogadjaji (OrganizatoriDogadjajiID, OrganizatorID, DogadjajID) values (637, 38, 346);
insert into OrganizatoriDogadjaji (OrganizatoriDogadjajiID, OrganizatorID, DogadjajID) values (638, 25, 657);
insert into OrganizatoriDogadjaji (OrganizatoriDogadjajiID, OrganizatorID, DogadjajID) values (639, 12, 531);
insert into OrganizatoriDogadjaji (OrganizatoriDogadjajiID, OrganizatorID, DogadjajID) values (640, 19, 187);
insert into OrganizatoriDogadjaji (OrganizatoriDogadjajiID, OrganizatorID, DogadjajID) values (641, 21, 663);
insert into OrganizatoriDogadjaji (OrganizatoriDogadjajiID, OrganizatorID, DogadjajID) values (642, 27, 458);
insert into OrganizatoriDogadjaji (OrganizatoriDogadjajiID, OrganizatorID, DogadjajID) values (643, 16, 72);
insert into OrganizatoriDogadjaji (OrganizatoriDogadjajiID, OrganizatorID, DogadjajID) values (644, 30, 25);
insert into OrganizatoriDogadjaji (OrganizatoriDogadjajiID, OrganizatorID, DogadjajID) values (645, 39, 78);
insert into OrganizatoriDogadjaji (OrganizatoriDogadjajiID, OrganizatorID, DogadjajID) values (646, 14, 47);
insert into OrganizatoriDogadjaji (OrganizatoriDogadjajiID, OrganizatorID, DogadjajID) values (647, 27, 133);
insert into OrganizatoriDogadjaji (OrganizatoriDogadjajiID, OrganizatorID, DogadjajID) values (648, 17, 48);
insert into OrganizatoriDogadjaji (OrganizatoriDogadjajiID, OrganizatorID, DogadjajID) values (649, 29, 142);
insert into OrganizatoriDogadjaji (OrganizatoriDogadjajiID, OrganizatorID, DogadjajID) values (650, 31, 521);
insert into OrganizatoriDogadjaji (OrganizatoriDogadjajiID, OrganizatorID, DogadjajID) values (651, 39, 427);
insert into OrganizatoriDogadjaji (OrganizatoriDogadjajiID, OrganizatorID, DogadjajID) values (652, 2, 21);
insert into OrganizatoriDogadjaji (OrganizatoriDogadjajiID, OrganizatorID, DogadjajID) values (653, 11, 339);
insert into OrganizatoriDogadjaji (OrganizatoriDogadjajiID, OrganizatorID, DogadjajID) values (654, 19, 394);
insert into OrganizatoriDogadjaji (OrganizatoriDogadjajiID, OrganizatorID, DogadjajID) values (655, 21, 509);
insert into OrganizatoriDogadjaji (OrganizatoriDogadjajiID, OrganizatorID, DogadjajID) values (656, 11, 675);
insert into OrganizatoriDogadjaji (OrganizatoriDogadjajiID, OrganizatorID, DogadjajID) values (657, 17, 454);
insert into OrganizatoriDogadjaji (OrganizatoriDogadjajiID, OrganizatorID, DogadjajID) values (658, 15, 315);
insert into OrganizatoriDogadjaji (OrganizatoriDogadjajiID, OrganizatorID, DogadjajID) values (659, 18, 613);
insert into OrganizatoriDogadjaji (OrganizatoriDogadjajiID, OrganizatorID, DogadjajID) values (660, 30, 276);
insert into OrganizatoriDogadjaji (OrganizatoriDogadjajiID, OrganizatorID, DogadjajID) values (661, 9, 494);
insert into OrganizatoriDogadjaji (OrganizatoriDogadjajiID, OrganizatorID, DogadjajID) values (662, 17, 74);
insert into OrganizatoriDogadjaji (OrganizatoriDogadjajiID, OrganizatorID, DogadjajID) values (663, 13, 620);
insert into OrganizatoriDogadjaji (OrganizatoriDogadjajiID, OrganizatorID, DogadjajID) values (664, 6, 379);
insert into OrganizatoriDogadjaji (OrganizatoriDogadjajiID, OrganizatorID, DogadjajID) values (665, 7, 628);
insert into OrganizatoriDogadjaji (OrganizatoriDogadjajiID, OrganizatorID, DogadjajID) values (666, 14, 170);
insert into OrganizatoriDogadjaji (OrganizatoriDogadjajiID, OrganizatorID, DogadjajID) values (667, 14, 33);
insert into OrganizatoriDogadjaji (OrganizatoriDogadjajiID, OrganizatorID, DogadjajID) values (668, 2, 602);
insert into OrganizatoriDogadjaji (OrganizatoriDogadjajiID, OrganizatorID, DogadjajID) values (669, 21, 310);
insert into OrganizatoriDogadjaji (OrganizatoriDogadjajiID, OrganizatorID, DogadjajID) values (670, 40, 483);
insert into OrganizatoriDogadjaji (OrganizatoriDogadjajiID, OrganizatorID, DogadjajID) values (671, 23, 523);
insert into OrganizatoriDogadjaji (OrganizatoriDogadjajiID, OrganizatorID, DogadjajID) values (672, 19, 653);
insert into OrganizatoriDogadjaji (OrganizatoriDogadjajiID, OrganizatorID, DogadjajID) values (673, 30, 166);
insert into OrganizatoriDogadjaji (OrganizatoriDogadjajiID, OrganizatorID, DogadjajID) values (674, 12, 169);
insert into OrganizatoriDogadjaji (OrganizatoriDogadjajiID, OrganizatorID, DogadjajID) values (675, 13, 287);
insert into OrganizatoriDogadjaji (OrganizatoriDogadjajiID, OrganizatorID, DogadjajID) values (676, 22, 352);
insert into OrganizatoriDogadjaji (OrganizatoriDogadjajiID, OrganizatorID, DogadjajID) values (677, 21, 393);
insert into OrganizatoriDogadjaji (OrganizatoriDogadjajiID, OrganizatorID, DogadjajID) values (678, 18, 432);
insert into OrganizatoriDogadjaji (OrganizatoriDogadjajiID, OrganizatorID, DogadjajID) values (679, 31, 477);
insert into OrganizatoriDogadjaji (OrganizatoriDogadjajiID, OrganizatorID, DogadjajID) values (680, 14, 578);
insert into OrganizatoriDogadjaji (OrganizatoriDogadjajiID, OrganizatorID, DogadjajID) values (681, 3, 647);
insert into OrganizatoriDogadjaji (OrganizatoriDogadjajiID, OrganizatorID, DogadjajID) values (682, 29, 517);
insert into OrganizatoriDogadjaji (OrganizatoriDogadjajiID, OrganizatorID, DogadjajID) values (683, 12, 96);
insert into OrganizatoriDogadjaji (OrganizatoriDogadjajiID, OrganizatorID, DogadjajID) values (684, 9, 35);
insert into OrganizatoriDogadjaji (OrganizatoriDogadjajiID, OrganizatorID, DogadjajID) values (685, 35, 479);
insert into OrganizatoriDogadjaji (OrganizatoriDogadjajiID, OrganizatorID, DogadjajID) values (686, 14, 470);
insert into OrganizatoriDogadjaji (OrganizatoriDogadjajiID, OrganizatorID, DogadjajID) values (687, 24, 698);
insert into OrganizatoriDogadjaji (OrganizatoriDogadjajiID, OrganizatorID, DogadjajID) values (688, 32, 125);
insert into OrganizatoriDogadjaji (OrganizatoriDogadjajiID, OrganizatorID, DogadjajID) values (689, 20, 149);
insert into OrganizatoriDogadjaji (OrganizatoriDogadjajiID, OrganizatorID, DogadjajID) values (690, 10, 303);
insert into OrganizatoriDogadjaji (OrganizatoriDogadjajiID, OrganizatorID, DogadjajID) values (691, 23, 426);
insert into OrganizatoriDogadjaji (OrganizatoriDogadjajiID, OrganizatorID, DogadjajID) values (692, 4, 66);
insert into OrganizatoriDogadjaji (OrganizatoriDogadjajiID, OrganizatorID, DogadjajID) values (693, 1, 202);
insert into OrganizatoriDogadjaji (OrganizatoriDogadjajiID, OrganizatorID, DogadjajID) values (694, 14, 83);
insert into OrganizatoriDogadjaji (OrganizatoriDogadjajiID, OrganizatorID, DogadjajID) values (695, 8, 526);
insert into OrganizatoriDogadjaji (OrganizatoriDogadjajiID, OrganizatorID, DogadjajID) values (696, 39, 309);
insert into OrganizatoriDogadjaji (OrganizatoriDogadjajiID, OrganizatorID, DogadjajID) values (697, 1, 58);
insert into OrganizatoriDogadjaji (OrganizatoriDogadjajiID, OrganizatorID, DogadjajID) values (698, 35, 337);
insert into OrganizatoriDogadjaji (OrganizatoriDogadjajiID, OrganizatorID, DogadjajID) values (699, 33, 640);
insert into OrganizatoriDogadjaji (OrganizatoriDogadjajiID, OrganizatorID, DogadjajID) values (700, 23, 160);
insert into OrganizatoriDogadjaji (OrganizatoriDogadjajiID, OrganizatorID, DogadjajID) values (701, 20, 480);
insert into OrganizatoriDogadjaji (OrganizatoriDogadjajiID, OrganizatorID, DogadjajID) values (702, 23, 158);
insert into OrganizatoriDogadjaji (OrganizatoriDogadjajiID, OrganizatorID, DogadjajID) values (703, 24, 56);
insert into OrganizatoriDogadjaji (OrganizatoriDogadjajiID, OrganizatorID, DogadjajID) values (704, 15, 419);
insert into OrganizatoriDogadjaji (OrganizatoriDogadjajiID, OrganizatorID, DogadjajID) values (705, 34, 539);
insert into OrganizatoriDogadjaji (OrganizatoriDogadjajiID, OrganizatorID, DogadjajID) values (706, 20, 84);
insert into OrganizatoriDogadjaji (OrganizatoriDogadjajiID, OrganizatorID, DogadjajID) values (707, 24, 610);
insert into OrganizatoriDogadjaji (OrganizatoriDogadjajiID, OrganizatorID, DogadjajID) values (708, 21, 530);
insert into OrganizatoriDogadjaji (OrganizatoriDogadjajiID, OrganizatorID, DogadjajID) values (709, 19, 84);
insert into OrganizatoriDogadjaji (OrganizatoriDogadjajiID, OrganizatorID, DogadjajID) values (710, 10, 124);
insert into OrganizatoriDogadjaji (OrganizatoriDogadjajiID, OrganizatorID, DogadjajID) values (711, 20, 454);
insert into OrganizatoriDogadjaji (OrganizatoriDogadjajiID, OrganizatorID, DogadjajID) values (712, 34, 690);
insert into OrganizatoriDogadjaji (OrganizatoriDogadjajiID, OrganizatorID, DogadjajID) values (713, 25, 133);
insert into OrganizatoriDogadjaji (OrganizatoriDogadjajiID, OrganizatorID, DogadjajID) values (714, 5, 195);
insert into OrganizatoriDogadjaji (OrganizatoriDogadjajiID, OrganizatorID, DogadjajID) values (715, 23, 228);
insert into OrganizatoriDogadjaji (OrganizatoriDogadjajiID, OrganizatorID, DogadjajID) values (716, 25, 17);
insert into OrganizatoriDogadjaji (OrganizatoriDogadjajiID, OrganizatorID, DogadjajID) values (717, 8, 416);
insert into OrganizatoriDogadjaji (OrganizatoriDogadjajiID, OrganizatorID, DogadjajID) values (718, 31, 427);
insert into OrganizatoriDogadjaji (OrganizatoriDogadjajiID, OrganizatorID, DogadjajID) values (719, 22, 538);
insert into OrganizatoriDogadjaji (OrganizatoriDogadjajiID, OrganizatorID, DogadjajID) values (720, 7, 389);
insert into OrganizatoriDogadjaji (OrganizatoriDogadjajiID, OrganizatorID, DogadjajID) values (721, 9, 372);
insert into OrganizatoriDogadjaji (OrganizatoriDogadjajiID, OrganizatorID, DogadjajID) values (722, 2, 538);
insert into OrganizatoriDogadjaji (OrganizatoriDogadjajiID, OrganizatorID, DogadjajID) values (723, 26, 49);
insert into OrganizatoriDogadjaji (OrganizatoriDogadjajiID, OrganizatorID, DogadjajID) values (724, 34, 78);
insert into OrganizatoriDogadjaji (OrganizatoriDogadjajiID, OrganizatorID, DogadjajID) values (725, 3, 394);
insert into OrganizatoriDogadjaji (OrganizatoriDogadjajiID, OrganizatorID, DogadjajID) values (726, 29, 367);
insert into OrganizatoriDogadjaji (OrganizatoriDogadjajiID, OrganizatorID, DogadjajID) values (727, 22, 425);
insert into OrganizatoriDogadjaji (OrganizatoriDogadjajiID, OrganizatorID, DogadjajID) values (728, 8, 257);
insert into OrganizatoriDogadjaji (OrganizatoriDogadjajiID, OrganizatorID, DogadjajID) values (729, 25, 325);
insert into OrganizatoriDogadjaji (OrganizatoriDogadjajiID, OrganizatorID, DogadjajID) values (730, 15, 319);
insert into OrganizatoriDogadjaji (OrganizatoriDogadjajiID, OrganizatorID, DogadjajID) values (731, 30, 463);
insert into OrganizatoriDogadjaji (OrganizatoriDogadjajiID, OrganizatorID, DogadjajID) values (732, 12, 80);
insert into OrganizatoriDogadjaji (OrganizatoriDogadjajiID, OrganizatorID, DogadjajID) values (733, 6, 656);
insert into OrganizatoriDogadjaji (OrganizatoriDogadjajiID, OrganizatorID, DogadjajID) values (734, 18, 640);
insert into OrganizatoriDogadjaji (OrganizatoriDogadjajiID, OrganizatorID, DogadjajID) values (735, 11, 255);
insert into OrganizatoriDogadjaji (OrganizatoriDogadjajiID, OrganizatorID, DogadjajID) values (736, 13, 256);
insert into OrganizatoriDogadjaji (OrganizatoriDogadjajiID, OrganizatorID, DogadjajID) values (737, 8, 282);
insert into OrganizatoriDogadjaji (OrganizatoriDogadjajiID, OrganizatorID, DogadjajID) values (738, 22, 48);
insert into OrganizatoriDogadjaji (OrganizatoriDogadjajiID, OrganizatorID, DogadjajID) values (739, 36, 310);
insert into OrganizatoriDogadjaji (OrganizatoriDogadjajiID, OrganizatorID, DogadjajID) values (740, 17, 599);
insert into OrganizatoriDogadjaji (OrganizatoriDogadjajiID, OrganizatorID, DogadjajID) values (741, 34, 592);
insert into OrganizatoriDogadjaji (OrganizatoriDogadjajiID, OrganizatorID, DogadjajID) values (742, 33, 24);
insert into OrganizatoriDogadjaji (OrganizatoriDogadjajiID, OrganizatorID, DogadjajID) values (743, 22, 496);
insert into OrganizatoriDogadjaji (OrganizatoriDogadjajiID, OrganizatorID, DogadjajID) values (744, 8, 175);
insert into OrganizatoriDogadjaji (OrganizatoriDogadjajiID, OrganizatorID, DogadjajID) values (745, 22, 237);
insert into OrganizatoriDogadjaji (OrganizatoriDogadjajiID, OrganizatorID, DogadjajID) values (746, 17, 289);
insert into OrganizatoriDogadjaji (OrganizatoriDogadjajiID, OrganizatorID, DogadjajID) values (747, 7, 70);
insert into OrganizatoriDogadjaji (OrganizatoriDogadjajiID, OrganizatorID, DogadjajID) values (748, 30, 111);
insert into OrganizatoriDogadjaji (OrganizatoriDogadjajiID, OrganizatorID, DogadjajID) values (749, 11, 5);
insert into OrganizatoriDogadjaji (OrganizatoriDogadjajiID, OrganizatorID, DogadjajID) values (750, 20, 466);
insert into OrganizatoriDogadjaji (OrganizatoriDogadjajiID, OrganizatorID, DogadjajID) values (751, 4, 415);
insert into OrganizatoriDogadjaji (OrganizatoriDogadjajiID, OrganizatorID, DogadjajID) values (752, 21, 193);
insert into OrganizatoriDogadjaji (OrganizatoriDogadjajiID, OrganizatorID, DogadjajID) values (753, 9, 81);
insert into OrganizatoriDogadjaji (OrganizatoriDogadjajiID, OrganizatorID, DogadjajID) values (754, 7, 100);
insert into OrganizatoriDogadjaji (OrganizatoriDogadjajiID, OrganizatorID, DogadjajID) values (755, 12, 70);
insert into OrganizatoriDogadjaji (OrganizatoriDogadjajiID, OrganizatorID, DogadjajID) values (756, 8, 143);
insert into OrganizatoriDogadjaji (OrganizatoriDogadjajiID, OrganizatorID, DogadjajID) values (757, 19, 551);
insert into OrganizatoriDogadjaji (OrganizatoriDogadjajiID, OrganizatorID, DogadjajID) values (758, 36, 219);
insert into OrganizatoriDogadjaji (OrganizatoriDogadjajiID, OrganizatorID, DogadjajID) values (759, 24, 111);
insert into OrganizatoriDogadjaji (OrganizatoriDogadjajiID, OrganizatorID, DogadjajID) values (760, 22, 70);
insert into OrganizatoriDogadjaji (OrganizatoriDogadjajiID, OrganizatorID, DogadjajID) values (761, 3, 111);
insert into OrganizatoriDogadjaji (OrganizatoriDogadjajiID, OrganizatorID, DogadjajID) values (762, 30, 387);
insert into OrganizatoriDogadjaji (OrganizatoriDogadjajiID, OrganizatorID, DogadjajID) values (763, 20, 198);
insert into OrganizatoriDogadjaji (OrganizatoriDogadjajiID, OrganizatorID, DogadjajID) values (764, 15, 279);
insert into OrganizatoriDogadjaji (OrganizatoriDogadjajiID, OrganizatorID, DogadjajID) values (765, 9, 700);
insert into OrganizatoriDogadjaji (OrganizatoriDogadjajiID, OrganizatorID, DogadjajID) values (766, 4, 224);
insert into OrganizatoriDogadjaji (OrganizatoriDogadjajiID, OrganizatorID, DogadjajID) values (767, 10, 315);
insert into OrganizatoriDogadjaji (OrganizatoriDogadjajiID, OrganizatorID, DogadjajID) values (768, 9, 370);
insert into OrganizatoriDogadjaji (OrganizatoriDogadjajiID, OrganizatorID, DogadjajID) values (769, 26, 346);
insert into OrganizatoriDogadjaji (OrganizatoriDogadjajiID, OrganizatorID, DogadjajID) values (770, 6, 187);
insert into OrganizatoriDogadjaji (OrganizatoriDogadjajiID, OrganizatorID, DogadjajID) values (771, 17, 629);
insert into OrganizatoriDogadjaji (OrganizatoriDogadjajiID, OrganizatorID, DogadjajID) values (772, 12, 309);
insert into OrganizatoriDogadjaji (OrganizatoriDogadjajiID, OrganizatorID, DogadjajID) values (773, 38, 50);
insert into OrganizatoriDogadjaji (OrganizatoriDogadjajiID, OrganizatorID, DogadjajID) values (774, 35, 300);
insert into OrganizatoriDogadjaji (OrganizatoriDogadjajiID, OrganizatorID, DogadjajID) values (775, 1, 355);
insert into OrganizatoriDogadjaji (OrganizatoriDogadjajiID, OrganizatorID, DogadjajID) values (776, 25, 381);
insert into OrganizatoriDogadjaji (OrganizatoriDogadjajiID, OrganizatorID, DogadjajID) values (777, 34, 385);
insert into OrganizatoriDogadjaji (OrganizatoriDogadjajiID, OrganizatorID, DogadjajID) values (778, 26, 591);
insert into OrganizatoriDogadjaji (OrganizatoriDogadjajiID, OrganizatorID, DogadjajID) values (779, 15, 373);
insert into OrganizatoriDogadjaji (OrganizatoriDogadjajiID, OrganizatorID, DogadjajID) values (780, 34, 613);
insert into OrganizatoriDogadjaji (OrganizatoriDogadjajiID, OrganizatorID, DogadjajID) values (781, 39, 32);
insert into OrganizatoriDogadjaji (OrganizatoriDogadjajiID, OrganizatorID, DogadjajID) values (782, 5, 410);
insert into OrganizatoriDogadjaji (OrganizatoriDogadjajiID, OrganizatorID, DogadjajID) values (783, 25, 28);
insert into OrganizatoriDogadjaji (OrganizatoriDogadjajiID, OrganizatorID, DogadjajID) values (784, 35, 519);
insert into OrganizatoriDogadjaji (OrganizatoriDogadjajiID, OrganizatorID, DogadjajID) values (785, 38, 66);
insert into OrganizatoriDogadjaji (OrganizatoriDogadjajiID, OrganizatorID, DogadjajID) values (786, 40, 291);
insert into OrganizatoriDogadjaji (OrganizatoriDogadjajiID, OrganizatorID, DogadjajID) values (787, 9, 510);
insert into OrganizatoriDogadjaji (OrganizatoriDogadjajiID, OrganizatorID, DogadjajID) values (788, 39, 345);
insert into OrganizatoriDogadjaji (OrganizatoriDogadjajiID, OrganizatorID, DogadjajID) values (789, 6, 94);
insert into OrganizatoriDogadjaji (OrganizatoriDogadjajiID, OrganizatorID, DogadjajID) values (790, 27, 134);
insert into OrganizatoriDogadjaji (OrganizatoriDogadjajiID, OrganizatorID, DogadjajID) values (791, 29, 16);
insert into OrganizatoriDogadjaji (OrganizatoriDogadjajiID, OrganizatorID, DogadjajID) values (792, 4, 61);
insert into OrganizatoriDogadjaji (OrganizatoriDogadjajiID, OrganizatorID, DogadjajID) values (793, 24, 244);
insert into OrganizatoriDogadjaji (OrganizatoriDogadjajiID, OrganizatorID, DogadjajID) values (794, 22, 218);
insert into OrganizatoriDogadjaji (OrganizatoriDogadjajiID, OrganizatorID, DogadjajID) values (795, 22, 431);
insert into OrganizatoriDogadjaji (OrganizatoriDogadjajiID, OrganizatorID, DogadjajID) values (796, 15, 47);
insert into OrganizatoriDogadjaji (OrganizatoriDogadjajiID, OrganizatorID, DogadjajID) values (797, 22, 468);
insert into OrganizatoriDogadjaji (OrganizatoriDogadjajiID, OrganizatorID, DogadjajID) values (798, 12, 331);
insert into OrganizatoriDogadjaji (OrganizatoriDogadjajiID, OrganizatorID, DogadjajID) values (799, 38, 63);
insert into OrganizatoriDogadjaji (OrganizatoriDogadjajiID, OrganizatorID, DogadjajID) values (800, 12, 78);

insert into Uplata (UplataID, Iznos, DatumUplate, KlijentID, DogadjajID) values (1, 376.02, '07/07/2015', 300, 285);
insert into Uplata (UplataID, Iznos, DatumUplate, KlijentID, DogadjajID) values (2, 320.81, '08/02/2016', 118, 454);
insert into Uplata (UplataID, Iznos, DatumUplate, KlijentID, DogadjajID) values (3, 723.68, '26/11/2011', 30, 261);
insert into Uplata (UplataID, Iznos, DatumUplate, KlijentID, DogadjajID) values (4, 467.09, '25/01/2012', 154, 578);
insert into Uplata (UplataID, Iznos, DatumUplate, KlijentID, DogadjajID) values (5, 856.62, '17/05/2009', 37, 415);
insert into Uplata (UplataID, Iznos, DatumUplate, KlijentID, DogadjajID) values (6, 482.77, '13/07/2015', 137, 360);
insert into Uplata (UplataID, Iznos, DatumUplate, KlijentID, DogadjajID) values (7, 308.08, '20/11/2016', 158, 140);
insert into Uplata (UplataID, Iznos, DatumUplate, KlijentID, DogadjajID) values (8, 543.45, '16/09/2016', 209, 43);
insert into Uplata (UplataID, Iznos, DatumUplate, KlijentID, DogadjajID) values (9, 80.15, '17/09/2015', 151, 203);
insert into Uplata (UplataID, Iznos, DatumUplate, KlijentID, DogadjajID) values (10, 501.04, '27/11/2009', 46, 141);
insert into Uplata (UplataID, Iznos, DatumUplate, KlijentID, DogadjajID) values (11, 923.93, '15/12/2009', 146, 366);
insert into Uplata (UplataID, Iznos, DatumUplate, KlijentID, DogadjajID) values (12, 697.37, '04/10/2016', 27, 482);
insert into Uplata (UplataID, Iznos, DatumUplate, KlijentID, DogadjajID) values (13, 537.53, '24/02/2016', 50, 374);
insert into Uplata (UplataID, Iznos, DatumUplate, KlijentID, DogadjajID) values (14, 607.23, '07/10/2016', 230, 199);
insert into Uplata (UplataID, Iznos, DatumUplate, KlijentID, DogadjajID) values (15, 482.6, '15/06/2015', 238, 506);
insert into Uplata (UplataID, Iznos, DatumUplate, KlijentID, DogadjajID) values (16, 308.77, '11/12/2010', 123, 530);
insert into Uplata (UplataID, Iznos, DatumUplate, KlijentID, DogadjajID) values (17, 708.51, '19/02/2009', 105, 114);
insert into Uplata (UplataID, Iznos, DatumUplate, KlijentID, DogadjajID) values (18, 793.32, '20/01/2017', 111, 102);
insert into Uplata (UplataID, Iznos, DatumUplate, KlijentID, DogadjajID) values (19, 488.26, '03/07/2018', 286, 452);
insert into Uplata (UplataID, Iznos, DatumUplate, KlijentID, DogadjajID) values (20, 61.11, '08/07/2017', 12, 366);
insert into Uplata (UplataID, Iznos, DatumUplate, KlijentID, DogadjajID) values (21, 974.46, '26/07/2017', 111, 177);
insert into Uplata (UplataID, Iznos, DatumUplate, KlijentID, DogadjajID) values (22, 140.58, '20/11/2017', 298, 201);
insert into Uplata (UplataID, Iznos, DatumUplate, KlijentID, DogadjajID) values (23, 910.65, '04/03/2013', 114, 563);
insert into Uplata (UplataID, Iznos, DatumUplate, KlijentID, DogadjajID) values (24, 644.59, '25/01/2017', 96, 576);
insert into Uplata (UplataID, Iznos, DatumUplate, KlijentID, DogadjajID) values (25, 428.86, '17/08/2010', 129, 205);
insert into Uplata (UplataID, Iznos, DatumUplate, KlijentID, DogadjajID) values (26, 842.5, '10/01/2017', 266, 626);
insert into Uplata (UplataID, Iznos, DatumUplate, KlijentID, DogadjajID) values (27, 378.82, '17/02/2014', 155, 197);
insert into Uplata (UplataID, Iznos, DatumUplate, KlijentID, DogadjajID) values (28, 796.94, '05/05/2009', 79, 470);
insert into Uplata (UplataID, Iznos, DatumUplate, KlijentID, DogadjajID) values (29, 913.58, '13/04/2011', 203, 11);
insert into Uplata (UplataID, Iznos, DatumUplate, KlijentID, DogadjajID) values (30, 260.4, '14/09/2018', 36, 631);
insert into Uplata (UplataID, Iznos, DatumUplate, KlijentID, DogadjajID) values (31, 293.83, '11/04/2009', 152, 226);
insert into Uplata (UplataID, Iznos, DatumUplate, KlijentID, DogadjajID) values (32, 249.97, '20/09/2016', 180, 182);
insert into Uplata (UplataID, Iznos, DatumUplate, KlijentID, DogadjajID) values (33, 884.99, '19/11/2013', 98, 379);
insert into Uplata (UplataID, Iznos, DatumUplate, KlijentID, DogadjajID) values (34, 329.25, '12/01/2016', 188, 54);
insert into Uplata (UplataID, Iznos, DatumUplate, KlijentID, DogadjajID) values (35, 79.36, '27/09/2011', 146, 402);
insert into Uplata (UplataID, Iznos, DatumUplate, KlijentID, DogadjajID) values (36, 639.11, '20/09/2011', 139, 487);
insert into Uplata (UplataID, Iznos, DatumUplate, KlijentID, DogadjajID) values (37, 304.18, '03/04/2009', 14, 228);
insert into Uplata (UplataID, Iznos, DatumUplate, KlijentID, DogadjajID) values (38, 220.9, '26/01/2011', 159, 208);
insert into Uplata (UplataID, Iznos, DatumUplate, KlijentID, DogadjajID) values (39, 132.05, '01/01/2009', 178, 613);
insert into Uplata (UplataID, Iznos, DatumUplate, KlijentID, DogadjajID) values (40, 290.16, '04/08/2013', 100, 541);
insert into Uplata (UplataID, Iznos, DatumUplate, KlijentID, DogadjajID) values (41, 657.85, '16/11/2010', 141, 535);
insert into Uplata (UplataID, Iznos, DatumUplate, KlijentID, DogadjajID) values (42, 146.02, '13/04/2009', 157, 619);
insert into Uplata (UplataID, Iznos, DatumUplate, KlijentID, DogadjajID) values (43, 537.26, '31/12/2016', 125, 262);
insert into Uplata (UplataID, Iznos, DatumUplate, KlijentID, DogadjajID) values (44, 747.74, '15/12/2013', 298, 550);
insert into Uplata (UplataID, Iznos, DatumUplate, KlijentID, DogadjajID) values (45, 126.82, '29/07/2012', 251, 197);
insert into Uplata (UplataID, Iznos, DatumUplate, KlijentID, DogadjajID) values (46, 233.22, '25/05/2015', 199, 460);
insert into Uplata (UplataID, Iznos, DatumUplate, KlijentID, DogadjajID) values (47, 962.61, '22/10/2011', 172, 212);
insert into Uplata (UplataID, Iznos, DatumUplate, KlijentID, DogadjajID) values (48, 195.89, '01/03/2016', 61, 601);
insert into Uplata (UplataID, Iznos, DatumUplate, KlijentID, DogadjajID) values (49, 257.07, '16/08/2017', 243, 457);
insert into Uplata (UplataID, Iznos, DatumUplate, KlijentID, DogadjajID) values (50, 992.64, '11/07/2016', 101, 254);
insert into Uplata (UplataID, Iznos, DatumUplate, KlijentID, DogadjajID) values (51, 488.72, '27/03/2014', 73, 388);
insert into Uplata (UplataID, Iznos, DatumUplate, KlijentID, DogadjajID) values (52, 633.21, '13/08/2011', 224, 638);
insert into Uplata (UplataID, Iznos, DatumUplate, KlijentID, DogadjajID) values (53, 643.81, '21/11/2013', 198, 18);
insert into Uplata (UplataID, Iznos, DatumUplate, KlijentID, DogadjajID) values (54, 444.68, '08/01/2015', 143, 316);
insert into Uplata (UplataID, Iznos, DatumUplate, KlijentID, DogadjajID) values (55, 740.94, '03/05/2018', 23, 587);
insert into Uplata (UplataID, Iznos, DatumUplate, KlijentID, DogadjajID) values (56, 310.73, '22/03/2012', 79, 574);
insert into Uplata (UplataID, Iznos, DatumUplate, KlijentID, DogadjajID) values (57, 203.6, '21/03/2012', 81, 4);
insert into Uplata (UplataID, Iznos, DatumUplate, KlijentID, DogadjajID) values (58, 328.23, '18/12/2016', 35, 623);
insert into Uplata (UplataID, Iznos, DatumUplate, KlijentID, DogadjajID) values (59, 928.08, '09/02/2010', 126, 639);
insert into Uplata (UplataID, Iznos, DatumUplate, KlijentID, DogadjajID) values (60, 386.47, '19/04/2011', 17, 447);
insert into Uplata (UplataID, Iznos, DatumUplate, KlijentID, DogadjajID) values (61, 658.59, '18/03/2013', 135, 598);
insert into Uplata (UplataID, Iznos, DatumUplate, KlijentID, DogadjajID) values (62, 77.7, '22/03/2009', 161, 567);
insert into Uplata (UplataID, Iznos, DatumUplate, KlijentID, DogadjajID) values (63, 987.89, '06/01/2013', 238, 137);
insert into Uplata (UplataID, Iznos, DatumUplate, KlijentID, DogadjajID) values (64, 831.69, '22/05/2015', 283, 495);
insert into Uplata (UplataID, Iznos, DatumUplate, KlijentID, DogadjajID) values (65, 300.27, '19/12/2018', 6, 288);
insert into Uplata (UplataID, Iznos, DatumUplate, KlijentID, DogadjajID) values (66, 384.32, '26/01/2013', 297, 186);
insert into Uplata (UplataID, Iznos, DatumUplate, KlijentID, DogadjajID) values (67, 889.96, '20/02/2012', 67, 262);
insert into Uplata (UplataID, Iznos, DatumUplate, KlijentID, DogadjajID) values (68, 482.98, '24/04/2011', 178, 504);
insert into Uplata (UplataID, Iznos, DatumUplate, KlijentID, DogadjajID) values (69, 231.14, '17/03/2009', 105, 456);
insert into Uplata (UplataID, Iznos, DatumUplate, KlijentID, DogadjajID) values (70, 487.54, '05/03/2017', 27, 509);
insert into Uplata (UplataID, Iznos, DatumUplate, KlijentID, DogadjajID) values (71, 65.89, '08/01/2014', 131, 495);
insert into Uplata (UplataID, Iznos, DatumUplate, KlijentID, DogadjajID) values (72, 864.77, '25/06/2018', 297, 544);
insert into Uplata (UplataID, Iznos, DatumUplate, KlijentID, DogadjajID) values (73, 567.62, '10/09/2010', 70, 298);
insert into Uplata (UplataID, Iznos, DatumUplate, KlijentID, DogadjajID) values (74, 652.91, '30/12/2014', 137, 484);
insert into Uplata (UplataID, Iznos, DatumUplate, KlijentID, DogadjajID) values (75, 251.55, '30/12/2013', 86, 157);
insert into Uplata (UplataID, Iznos, DatumUplate, KlijentID, DogadjajID) values (76, 928.35, '06/05/2012', 237, 589);
insert into Uplata (UplataID, Iznos, DatumUplate, KlijentID, DogadjajID) values (77, 53.02, '27/06/2014', 110, 675);
insert into Uplata (UplataID, Iznos, DatumUplate, KlijentID, DogadjajID) values (78, 975.97, '17/07/2017', 75, 567);
insert into Uplata (UplataID, Iznos, DatumUplate, KlijentID, DogadjajID) values (79, 811.88, '01/10/2018', 244, 351);
insert into Uplata (UplataID, Iznos, DatumUplate, KlijentID, DogadjajID) values (80, 563.08, '08/12/2012', 245, 335);
insert into Uplata (UplataID, Iznos, DatumUplate, KlijentID, DogadjajID) values (81, 216.48, '08/11/2012', 133, 464);
insert into Uplata (UplataID, Iznos, DatumUplate, KlijentID, DogadjajID) values (82, 887.45, '10/05/2013', 56, 267);
insert into Uplata (UplataID, Iznos, DatumUplate, KlijentID, DogadjajID) values (83, 428.98, '28/04/2017', 190, 493);
insert into Uplata (UplataID, Iznos, DatumUplate, KlijentID, DogadjajID) values (84, 53.13, '01/06/2016', 140, 351);
insert into Uplata (UplataID, Iznos, DatumUplate, KlijentID, DogadjajID) values (85, 916.26, '28/02/2013', 229, 62);
insert into Uplata (UplataID, Iznos, DatumUplate, KlijentID, DogadjajID) values (86, 499.15, '28/09/2011', 43, 122);
insert into Uplata (UplataID, Iznos, DatumUplate, KlijentID, DogadjajID) values (87, 553.32, '30/06/2015', 241, 380);
insert into Uplata (UplataID, Iznos, DatumUplate, KlijentID, DogadjajID) values (88, 120.79, '29/01/2018', 114, 76);
insert into Uplata (UplataID, Iznos, DatumUplate, KlijentID, DogadjajID) values (89, 384.05, '07/09/2009', 160, 68);
insert into Uplata (UplataID, Iznos, DatumUplate, KlijentID, DogadjajID) values (90, 293.13, '20/07/2017', 16, 197);
insert into Uplata (UplataID, Iznos, DatumUplate, KlijentID, DogadjajID) values (91, 151.78, '17/09/2012', 135, 91);
insert into Uplata (UplataID, Iznos, DatumUplate, KlijentID, DogadjajID) values (92, 774.79, '07/08/2015', 160, 133);
insert into Uplata (UplataID, Iznos, DatumUplate, KlijentID, DogadjajID) values (93, 313.13, '02/07/2009', 130, 640);
insert into Uplata (UplataID, Iznos, DatumUplate, KlijentID, DogadjajID) values (94, 206.47, '15/10/2010', 286, 669);
insert into Uplata (UplataID, Iznos, DatumUplate, KlijentID, DogadjajID) values (95, 832.54, '01/04/2012', 137, 609);
insert into Uplata (UplataID, Iznos, DatumUplate, KlijentID, DogadjajID) values (96, 200.13, '21/07/2016', 103, 113);
insert into Uplata (UplataID, Iznos, DatumUplate, KlijentID, DogadjajID) values (97, 872.17, '03/03/2013', 1, 140);
insert into Uplata (UplataID, Iznos, DatumUplate, KlijentID, DogadjajID) values (98, 507.7, '11/12/2015', 106, 18);
insert into Uplata (UplataID, Iznos, DatumUplate, KlijentID, DogadjajID) values (99, 892.16, '06/04/2017', 214, 439);
insert into Uplata (UplataID, Iznos, DatumUplate, KlijentID, DogadjajID) values (100, 594.63, '23/01/2009', 92, 333);
insert into Uplata (UplataID, Iznos, DatumUplate, KlijentID, DogadjajID) values (101, 986.77, '20/01/2011', 98, 14);
insert into Uplata (UplataID, Iznos, DatumUplate, KlijentID, DogadjajID) values (102, 690.06, '31/10/2012', 136, 417);
insert into Uplata (UplataID, Iznos, DatumUplate, KlijentID, DogadjajID) values (103, 91.01, '11/02/2018', 15, 521);
insert into Uplata (UplataID, Iznos, DatumUplate, KlijentID, DogadjajID) values (104, 318.64, '06/03/2014', 76, 363);
insert into Uplata (UplataID, Iznos, DatumUplate, KlijentID, DogadjajID) values (105, 307.85, '28/01/2009', 281, 603);
insert into Uplata (UplataID, Iznos, DatumUplate, KlijentID, DogadjajID) values (106, 723.83, '29/07/2009', 211, 667);
insert into Uplata (UplataID, Iznos, DatumUplate, KlijentID, DogadjajID) values (107, 508.59, '31/05/2017', 282, 126);
insert into Uplata (UplataID, Iznos, DatumUplate, KlijentID, DogadjajID) values (108, 701.66, '02/04/2018', 249, 638);
insert into Uplata (UplataID, Iznos, DatumUplate, KlijentID, DogadjajID) values (109, 490.96, '01/08/2011', 186, 699);
insert into Uplata (UplataID, Iznos, DatumUplate, KlijentID, DogadjajID) values (110, 454.55, '11/01/2013', 78, 199);
insert into Uplata (UplataID, Iznos, DatumUplate, KlijentID, DogadjajID) values (111, 958.42, '20/02/2015', 297, 542);
insert into Uplata (UplataID, Iznos, DatumUplate, KlijentID, DogadjajID) values (112, 250.81, '14/05/2014', 93, 132);
insert into Uplata (UplataID, Iznos, DatumUplate, KlijentID, DogadjajID) values (113, 866.31, '05/12/2012', 95, 521);
insert into Uplata (UplataID, Iznos, DatumUplate, KlijentID, DogadjajID) values (114, 629.5, '03/08/2010', 275, 617);
insert into Uplata (UplataID, Iznos, DatumUplate, KlijentID, DogadjajID) values (115, 176.23, '03/08/2017', 259, 307);
insert into Uplata (UplataID, Iznos, DatumUplate, KlijentID, DogadjajID) values (116, 155.37, '20/08/2011', 285, 669);
insert into Uplata (UplataID, Iznos, DatumUplate, KlijentID, DogadjajID) values (117, 977.92, '24/07/2010', 66, 287);
insert into Uplata (UplataID, Iznos, DatumUplate, KlijentID, DogadjajID) values (118, 300.65, '12/02/2017', 11, 494);
insert into Uplata (UplataID, Iznos, DatumUplate, KlijentID, DogadjajID) values (119, 315.88, '22/06/2009', 179, 248);
insert into Uplata (UplataID, Iznos, DatumUplate, KlijentID, DogadjajID) values (120, 89.51, '09/11/2011', 136, 635);
insert into Uplata (UplataID, Iznos, DatumUplate, KlijentID, DogadjajID) values (121, 941.07, '25/09/2010', 265, 233);
insert into Uplata (UplataID, Iznos, DatumUplate, KlijentID, DogadjajID) values (122, 821.4, '24/01/2014', 240, 79);
insert into Uplata (UplataID, Iznos, DatumUplate, KlijentID, DogadjajID) values (123, 352.04, '06/04/2011', 122, 101);
insert into Uplata (UplataID, Iznos, DatumUplate, KlijentID, DogadjajID) values (124, 202.11, '02/06/2015', 101, 272);
insert into Uplata (UplataID, Iznos, DatumUplate, KlijentID, DogadjajID) values (125, 678.34, '30/09/2018', 186, 600);
insert into Uplata (UplataID, Iznos, DatumUplate, KlijentID, DogadjajID) values (126, 428.87, '10/02/2017', 297, 93);
insert into Uplata (UplataID, Iznos, DatumUplate, KlijentID, DogadjajID) values (127, 660.22, '10/01/2013', 120, 440);
insert into Uplata (UplataID, Iznos, DatumUplate, KlijentID, DogadjajID) values (128, 418.85, '26/11/2013', 208, 169);
insert into Uplata (UplataID, Iznos, DatumUplate, KlijentID, DogadjajID) values (129, 335.04, '29/11/2016', 220, 454);
insert into Uplata (UplataID, Iznos, DatumUplate, KlijentID, DogadjajID) values (130, 162.33, '18/08/2010', 116, 18);
insert into Uplata (UplataID, Iznos, DatumUplate, KlijentID, DogadjajID) values (131, 71.71, '17/02/2009', 132, 528);
insert into Uplata (UplataID, Iznos, DatumUplate, KlijentID, DogadjajID) values (132, 373.31, '21/02/2012', 116, 121);
insert into Uplata (UplataID, Iznos, DatumUplate, KlijentID, DogadjajID) values (133, 205.7, '07/11/2010', 215, 224);
insert into Uplata (UplataID, Iznos, DatumUplate, KlijentID, DogadjajID) values (134, 668.57, '21/07/2017', 84, 664);
insert into Uplata (UplataID, Iznos, DatumUplate, KlijentID, DogadjajID) values (135, 329.96, '07/09/2017', 38, 190);
insert into Uplata (UplataID, Iznos, DatumUplate, KlijentID, DogadjajID) values (136, 847.24, '31/05/2010', 207, 109);
insert into Uplata (UplataID, Iznos, DatumUplate, KlijentID, DogadjajID) values (137, 472.58, '21/03/2009', 215, 163);
insert into Uplata (UplataID, Iznos, DatumUplate, KlijentID, DogadjajID) values (138, 385.86, '13/10/2017', 28, 42);
insert into Uplata (UplataID, Iznos, DatumUplate, KlijentID, DogadjajID) values (139, 231.27, '28/02/2015', 160, 297);
insert into Uplata (UplataID, Iznos, DatumUplate, KlijentID, DogadjajID) values (140, 962.03, '12/12/2009', 20, 92);
insert into Uplata (UplataID, Iznos, DatumUplate, KlijentID, DogadjajID) values (141, 486.45, '04/06/2015', 237, 370);
insert into Uplata (UplataID, Iznos, DatumUplate, KlijentID, DogadjajID) values (142, 325.05, '09/07/2014', 222, 406);
insert into Uplata (UplataID, Iznos, DatumUplate, KlijentID, DogadjajID) values (143, 217.25, '24/07/2015', 100, 170);
insert into Uplata (UplataID, Iznos, DatumUplate, KlijentID, DogadjajID) values (144, 507.95, '27/06/2009', 162, 404);
insert into Uplata (UplataID, Iznos, DatumUplate, KlijentID, DogadjajID) values (145, 608.91, '05/03/2015', 87, 411);
insert into Uplata (UplataID, Iznos, DatumUplate, KlijentID, DogadjajID) values (146, 724.81, '29/07/2015', 290, 559);
insert into Uplata (UplataID, Iznos, DatumUplate, KlijentID, DogadjajID) values (147, 953.06, '30/08/2011', 265, 637);
insert into Uplata (UplataID, Iznos, DatumUplate, KlijentID, DogadjajID) values (148, 480.47, '21/09/2012', 152, 524);
insert into Uplata (UplataID, Iznos, DatumUplate, KlijentID, DogadjajID) values (149, 594.22, '26/04/2014', 141, 531);
insert into Uplata (UplataID, Iznos, DatumUplate, KlijentID, DogadjajID) values (150, 667.76, '05/06/2009', 162, 221);
insert into Uplata (UplataID, Iznos, DatumUplate, KlijentID, DogadjajID) values (151, 976.32, '20/03/2017', 118, 197);
insert into Uplata (UplataID, Iznos, DatumUplate, KlijentID, DogadjajID) values (152, 238.33, '19/04/2016', 107, 100);
insert into Uplata (UplataID, Iznos, DatumUplate, KlijentID, DogadjajID) values (153, 74.95, '29/04/2016', 203, 424);
insert into Uplata (UplataID, Iznos, DatumUplate, KlijentID, DogadjajID) values (154, 712.63, '12/03/2010', 67, 156);
insert into Uplata (UplataID, Iznos, DatumUplate, KlijentID, DogadjajID) values (155, 183.75, '25/05/2009', 204, 697);
insert into Uplata (UplataID, Iznos, DatumUplate, KlijentID, DogadjajID) values (156, 388.68, '02/06/2011', 82, 297);
insert into Uplata (UplataID, Iznos, DatumUplate, KlijentID, DogadjajID) values (157, 266.57, '10/02/2011', 188, 283);
insert into Uplata (UplataID, Iznos, DatumUplate, KlijentID, DogadjajID) values (158, 565.55, '09/11/2013', 16, 318);
insert into Uplata (UplataID, Iznos, DatumUplate, KlijentID, DogadjajID) values (159, 628.14, '07/12/2014', 80, 17);
insert into Uplata (UplataID, Iznos, DatumUplate, KlijentID, DogadjajID) values (160, 184.17, '09/05/2017', 228, 519);
insert into Uplata (UplataID, Iznos, DatumUplate, KlijentID, DogadjajID) values (161, 538.76, '17/08/2011', 86, 112);
insert into Uplata (UplataID, Iznos, DatumUplate, KlijentID, DogadjajID) values (162, 305.21, '04/01/2018', 181, 53);
insert into Uplata (UplataID, Iznos, DatumUplate, KlijentID, DogadjajID) values (163, 979.37, '13/06/2017', 24, 300);
insert into Uplata (UplataID, Iznos, DatumUplate, KlijentID, DogadjajID) values (164, 203.53, '09/08/2016', 168, 374);
insert into Uplata (UplataID, Iznos, DatumUplate, KlijentID, DogadjajID) values (165, 717.17, '26/01/2014', 246, 282);
insert into Uplata (UplataID, Iznos, DatumUplate, KlijentID, DogadjajID) values (166, 480.06, '25/08/2011', 251, 247);
insert into Uplata (UplataID, Iznos, DatumUplate, KlijentID, DogadjajID) values (167, 758.1, '06/08/2013', 257, 133);
insert into Uplata (UplataID, Iznos, DatumUplate, KlijentID, DogadjajID) values (168, 53.43, '03/07/2013', 102, 39);
insert into Uplata (UplataID, Iznos, DatumUplate, KlijentID, DogadjajID) values (169, 502.07, '07/03/2018', 245, 191);
insert into Uplata (UplataID, Iznos, DatumUplate, KlijentID, DogadjajID) values (170, 938.89, '25/12/2015', 248, 405);
insert into Uplata (UplataID, Iznos, DatumUplate, KlijentID, DogadjajID) values (171, 554.91, '11/12/2018', 70, 325);
insert into Uplata (UplataID, Iznos, DatumUplate, KlijentID, DogadjajID) values (172, 309.21, '04/10/2009', 162, 678);
insert into Uplata (UplataID, Iznos, DatumUplate, KlijentID, DogadjajID) values (173, 51.41, '25/03/2011', 143, 324);
insert into Uplata (UplataID, Iznos, DatumUplate, KlijentID, DogadjajID) values (174, 569.34, '01/03/2013', 118, 199);
insert into Uplata (UplataID, Iznos, DatumUplate, KlijentID, DogadjajID) values (175, 646.41, '14/07/2014', 105, 293);
insert into Uplata (UplataID, Iznos, DatumUplate, KlijentID, DogadjajID) values (176, 976.05, '14/11/2012', 122, 309);
insert into Uplata (UplataID, Iznos, DatumUplate, KlijentID, DogadjajID) values (177, 847.45, '01/07/2014', 234, 333);
insert into Uplata (UplataID, Iznos, DatumUplate, KlijentID, DogadjajID) values (178, 127.47, '15/10/2009', 91, 376);
insert into Uplata (UplataID, Iznos, DatumUplate, KlijentID, DogadjajID) values (179, 946.27, '16/01/2013', 155, 229);
insert into Uplata (UplataID, Iznos, DatumUplate, KlijentID, DogadjajID) values (180, 364.19, '19/01/2011', 51, 159);
insert into Uplata (UplataID, Iznos, DatumUplate, KlijentID, DogadjajID) values (181, 622.69, '01/06/2017', 112, 110);
insert into Uplata (UplataID, Iznos, DatumUplate, KlijentID, DogadjajID) values (182, 872.35, '15/12/2010', 263, 583);
insert into Uplata (UplataID, Iznos, DatumUplate, KlijentID, DogadjajID) values (183, 241.08, '21/10/2010', 157, 693);
insert into Uplata (UplataID, Iznos, DatumUplate, KlijentID, DogadjajID) values (184, 327.62, '27/12/2011', 190, 441);
insert into Uplata (UplataID, Iznos, DatumUplate, KlijentID, DogadjajID) values (185, 173.54, '03/03/2010', 11, 401);
insert into Uplata (UplataID, Iznos, DatumUplate, KlijentID, DogadjajID) values (186, 96.36, '12/04/2016', 252, 435);
insert into Uplata (UplataID, Iznos, DatumUplate, KlijentID, DogadjajID) values (187, 798.66, '03/09/2010', 224, 346);
insert into Uplata (UplataID, Iznos, DatumUplate, KlijentID, DogadjajID) values (188, 708.08, '28/01/2014', 136, 47);
insert into Uplata (UplataID, Iznos, DatumUplate, KlijentID, DogadjajID) values (189, 751.6, '25/02/2014', 19, 642);
insert into Uplata (UplataID, Iznos, DatumUplate, KlijentID, DogadjajID) values (190, 963.23, '05/06/2012', 68, 555);
insert into Uplata (UplataID, Iznos, DatumUplate, KlijentID, DogadjajID) values (191, 378.34, '10/05/2010', 234, 548);
insert into Uplata (UplataID, Iznos, DatumUplate, KlijentID, DogadjajID) values (192, 353.59, '02/07/2012', 111, 660);
insert into Uplata (UplataID, Iznos, DatumUplate, KlijentID, DogadjajID) values (193, 406.19, '08/10/2016', 48, 418);
insert into Uplata (UplataID, Iznos, DatumUplate, KlijentID, DogadjajID) values (194, 377.53, '25/10/2016', 218, 692);
insert into Uplata (UplataID, Iznos, DatumUplate, KlijentID, DogadjajID) values (195, 437.5, '24/04/2013', 118, 153);
insert into Uplata (UplataID, Iznos, DatumUplate, KlijentID, DogadjajID) values (196, 973.26, '17/01/2015', 162, 9);
insert into Uplata (UplataID, Iznos, DatumUplate, KlijentID, DogadjajID) values (197, 888.48, '21/04/2014', 53, 651);
insert into Uplata (UplataID, Iznos, DatumUplate, KlijentID, DogadjajID) values (198, 794.26, '18/08/2012', 8, 409);
insert into Uplata (UplataID, Iznos, DatumUplate, KlijentID, DogadjajID) values (199, 989.33, '09/04/2013', 38, 279);
insert into Uplata (UplataID, Iznos, DatumUplate, KlijentID, DogadjajID) values (200, 730.85, '18/07/2011', 56, 642);
insert into Uplata (UplataID, Iznos, DatumUplate, KlijentID, DogadjajID) values (201, 196.89, '13/05/2011', 165, 100);
insert into Uplata (UplataID, Iznos, DatumUplate, KlijentID, DogadjajID) values (202, 737.43, '17/07/2015', 181, 203);
insert into Uplata (UplataID, Iznos, DatumUplate, KlijentID, DogadjajID) values (203, 743.05, '14/08/2013', 217, 331);
insert into Uplata (UplataID, Iznos, DatumUplate, KlijentID, DogadjajID) values (204, 684.26, '14/09/2016', 63, 355);
insert into Uplata (UplataID, Iznos, DatumUplate, KlijentID, DogadjajID) values (205, 253.91, '10/07/2013', 13, 227);
insert into Uplata (UplataID, Iznos, DatumUplate, KlijentID, DogadjajID) values (206, 188.63, '11/04/2013', 179, 581);
insert into Uplata (UplataID, Iznos, DatumUplate, KlijentID, DogadjajID) values (207, 513.91, '17/11/2015', 242, 565);
insert into Uplata (UplataID, Iznos, DatumUplate, KlijentID, DogadjajID) values (208, 354.64, '07/05/2010', 70, 27);
insert into Uplata (UplataID, Iznos, DatumUplate, KlijentID, DogadjajID) values (209, 353.45, '07/10/2016', 262, 415);
insert into Uplata (UplataID, Iznos, DatumUplate, KlijentID, DogadjajID) values (210, 496.41, '20/05/2018', 58, 358);
insert into Uplata (UplataID, Iznos, DatumUplate, KlijentID, DogadjajID) values (211, 100.58, '15/04/2017', 253, 465);
insert into Uplata (UplataID, Iznos, DatumUplate, KlijentID, DogadjajID) values (212, 923.84, '12/04/2017', 68, 156);
insert into Uplata (UplataID, Iznos, DatumUplate, KlijentID, DogadjajID) values (213, 108.3, '08/11/2009', 19, 66);
insert into Uplata (UplataID, Iznos, DatumUplate, KlijentID, DogadjajID) values (214, 657.32, '24/08/2009', 132, 22);
insert into Uplata (UplataID, Iznos, DatumUplate, KlijentID, DogadjajID) values (215, 855.11, '28/02/2014', 56, 29);
insert into Uplata (UplataID, Iznos, DatumUplate, KlijentID, DogadjajID) values (216, 453.6, '11/09/2017', 103, 486);
insert into Uplata (UplataID, Iznos, DatumUplate, KlijentID, DogadjajID) values (217, 889.8, '24/05/2018', 278, 279);
insert into Uplata (UplataID, Iznos, DatumUplate, KlijentID, DogadjajID) values (218, 770.19, '03/08/2012', 248, 652);
insert into Uplata (UplataID, Iznos, DatumUplate, KlijentID, DogadjajID) values (219, 492.92, '12/12/2018', 9, 345);
insert into Uplata (UplataID, Iznos, DatumUplate, KlijentID, DogadjajID) values (220, 361.48, '08/12/2014', 149, 415);
insert into Uplata (UplataID, Iznos, DatumUplate, KlijentID, DogadjajID) values (221, 170.08, '22/04/2014', 161, 502);
insert into Uplata (UplataID, Iznos, DatumUplate, KlijentID, DogadjajID) values (222, 986.27, '31/08/2009', 191, 283);
insert into Uplata (UplataID, Iznos, DatumUplate, KlijentID, DogadjajID) values (223, 331.94, '22/09/2016', 141, 288);
insert into Uplata (UplataID, Iznos, DatumUplate, KlijentID, DogadjajID) values (224, 928.09, '07/02/2015', 260, 216);
insert into Uplata (UplataID, Iznos, DatumUplate, KlijentID, DogadjajID) values (225, 257.2, '15/11/2015', 282, 7);
insert into Uplata (UplataID, Iznos, DatumUplate, KlijentID, DogadjajID) values (226, 328.34, '27/10/2015', 274, 619);
insert into Uplata (UplataID, Iznos, DatumUplate, KlijentID, DogadjajID) values (227, 692.77, '17/08/2018', 60, 672);
insert into Uplata (UplataID, Iznos, DatumUplate, KlijentID, DogadjajID) values (228, 380.93, '25/08/2010', 218, 355);
insert into Uplata (UplataID, Iznos, DatumUplate, KlijentID, DogadjajID) values (229, 758.76, '18/05/2015', 62, 462);
insert into Uplata (UplataID, Iznos, DatumUplate, KlijentID, DogadjajID) values (230, 818.74, '18/02/2011', 27, 525);
insert into Uplata (UplataID, Iznos, DatumUplate, KlijentID, DogadjajID) values (231, 478.62, '21/03/2014', 57, 657);
insert into Uplata (UplataID, Iznos, DatumUplate, KlijentID, DogadjajID) values (232, 543.01, '18/07/2012', 139, 243);
insert into Uplata (UplataID, Iznos, DatumUplate, KlijentID, DogadjajID) values (233, 720.1, '06/04/2010', 166, 467);
insert into Uplata (UplataID, Iznos, DatumUplate, KlijentID, DogadjajID) values (234, 739.36, '12/10/2018', 114, 523);
insert into Uplata (UplataID, Iznos, DatumUplate, KlijentID, DogadjajID) values (235, 804.2, '12/08/2010', 90, 312);
insert into Uplata (UplataID, Iznos, DatumUplate, KlijentID, DogadjajID) values (236, 457.2, '24/02/2017', 123, 609);
insert into Uplata (UplataID, Iznos, DatumUplate, KlijentID, DogadjajID) values (237, 213.97, '08/01/2010', 264, 145);
insert into Uplata (UplataID, Iznos, DatumUplate, KlijentID, DogadjajID) values (238, 910.33, '02/02/2013', 25, 2);
insert into Uplata (UplataID, Iznos, DatumUplate, KlijentID, DogadjajID) values (239, 180.97, '01/05/2015', 106, 195);
insert into Uplata (UplataID, Iznos, DatumUplate, KlijentID, DogadjajID) values (240, 868.86, '09/07/2018', 3, 554);
insert into Uplata (UplataID, Iznos, DatumUplate, KlijentID, DogadjajID) values (241, 406.95, '07/03/2010', 287, 697);
insert into Uplata (UplataID, Iznos, DatumUplate, KlijentID, DogadjajID) values (242, 964.83, '14/08/2015', 104, 539);
insert into Uplata (UplataID, Iznos, DatumUplate, KlijentID, DogadjajID) values (243, 742.47, '10/05/2011', 288, 101);
insert into Uplata (UplataID, Iznos, DatumUplate, KlijentID, DogadjajID) values (244, 110.43, '05/10/2016', 2, 459);
insert into Uplata (UplataID, Iznos, DatumUplate, KlijentID, DogadjajID) values (245, 108.61, '08/01/2009', 206, 71);
insert into Uplata (UplataID, Iznos, DatumUplate, KlijentID, DogadjajID) values (246, 607.24, '24/11/2013', 90, 396);
insert into Uplata (UplataID, Iznos, DatumUplate, KlijentID, DogadjajID) values (247, 703.56, '30/09/2017', 11, 450);
insert into Uplata (UplataID, Iznos, DatumUplate, KlijentID, DogadjajID) values (248, 678.74, '01/08/2011', 149, 266);
insert into Uplata (UplataID, Iznos, DatumUplate, KlijentID, DogadjajID) values (249, 863.96, '23/10/2014', 30, 275);
insert into Uplata (UplataID, Iznos, DatumUplate, KlijentID, DogadjajID) values (250, 194.55, '23/09/2010', 272, 400);
insert into Uplata (UplataID, Iznos, DatumUplate, KlijentID, DogadjajID) values (251, 808.06, '23/08/2010', 190, 498);
insert into Uplata (UplataID, Iznos, DatumUplate, KlijentID, DogadjajID) values (252, 482.32, '20/07/2013', 53, 40);
insert into Uplata (UplataID, Iznos, DatumUplate, KlijentID, DogadjajID) values (253, 361.5, '22/11/2014', 20, 547);
insert into Uplata (UplataID, Iznos, DatumUplate, KlijentID, DogadjajID) values (254, 982.59, '03/07/2009', 210, 300);
insert into Uplata (UplataID, Iznos, DatumUplate, KlijentID, DogadjajID) values (255, 398.66, '02/09/2016', 277, 596);
insert into Uplata (UplataID, Iznos, DatumUplate, KlijentID, DogadjajID) values (256, 809.81, '09/05/2018', 249, 106);
insert into Uplata (UplataID, Iznos, DatumUplate, KlijentID, DogadjajID) values (257, 924.97, '26/07/2011', 179, 225);
insert into Uplata (UplataID, Iznos, DatumUplate, KlijentID, DogadjajID) values (258, 686.29, '11/06/2010', 174, 369);
insert into Uplata (UplataID, Iznos, DatumUplate, KlijentID, DogadjajID) values (259, 832.9, '25/02/2018', 10, 680);
insert into Uplata (UplataID, Iznos, DatumUplate, KlijentID, DogadjajID) values (260, 701.95, '29/01/2013', 269, 178);
insert into Uplata (UplataID, Iznos, DatumUplate, KlijentID, DogadjajID) values (261, 332.27, '19/05/2011', 21, 548);
insert into Uplata (UplataID, Iznos, DatumUplate, KlijentID, DogadjajID) values (262, 609.6, '22/10/2013', 150, 303);
insert into Uplata (UplataID, Iznos, DatumUplate, KlijentID, DogadjajID) values (263, 783.47, '22/06/2015', 170, 108);
insert into Uplata (UplataID, Iznos, DatumUplate, KlijentID, DogadjajID) values (264, 311.02, '05/05/2017', 48, 609);
insert into Uplata (UplataID, Iznos, DatumUplate, KlijentID, DogadjajID) values (265, 560.6, '09/04/2014', 18, 3);
insert into Uplata (UplataID, Iznos, DatumUplate, KlijentID, DogadjajID) values (266, 366.41, '15/09/2017', 117, 648);
insert into Uplata (UplataID, Iznos, DatumUplate, KlijentID, DogadjajID) values (267, 728.17, '19/11/2017', 159, 22);
insert into Uplata (UplataID, Iznos, DatumUplate, KlijentID, DogadjajID) values (268, 201.74, '08/11/2010', 193, 471);
insert into Uplata (UplataID, Iznos, DatumUplate, KlijentID, DogadjajID) values (269, 477.16, '01/12/2015', 133, 404);
insert into Uplata (UplataID, Iznos, DatumUplate, KlijentID, DogadjajID) values (270, 215.49, '13/05/2013', 17, 179);
insert into Uplata (UplataID, Iznos, DatumUplate, KlijentID, DogadjajID) values (271, 559.17, '20/12/2009', 92, 75);
insert into Uplata (UplataID, Iznos, DatumUplate, KlijentID, DogadjajID) values (272, 169.28, '29/11/2017', 169, 419);
insert into Uplata (UplataID, Iznos, DatumUplate, KlijentID, DogadjajID) values (273, 827.51, '13/06/2013', 6, 187);
insert into Uplata (UplataID, Iznos, DatumUplate, KlijentID, DogadjajID) values (274, 770.73, '17/06/2018', 230, 670);
insert into Uplata (UplataID, Iznos, DatumUplate, KlijentID, DogadjajID) values (275, 257.53, '09/12/2015', 127, 317);
insert into Uplata (UplataID, Iznos, DatumUplate, KlijentID, DogadjajID) values (276, 694.11, '27/11/2015', 104, 598);
insert into Uplata (UplataID, Iznos, DatumUplate, KlijentID, DogadjajID) values (277, 987.45, '20/01/2009', 54, 110);
insert into Uplata (UplataID, Iznos, DatumUplate, KlijentID, DogadjajID) values (278, 615.44, '26/01/2012', 203, 256);
insert into Uplata (UplataID, Iznos, DatumUplate, KlijentID, DogadjajID) values (279, 647.01, '08/03/2017', 141, 601);
insert into Uplata (UplataID, Iznos, DatumUplate, KlijentID, DogadjajID) values (280, 294.79, '19/03/2010', 272, 508);
insert into Uplata (UplataID, Iznos, DatumUplate, KlijentID, DogadjajID) values (281, 765.54, '17/01/2016', 241, 385);
insert into Uplata (UplataID, Iznos, DatumUplate, KlijentID, DogadjajID) values (282, 960.62, '09/10/2016', 60, 690);
insert into Uplata (UplataID, Iznos, DatumUplate, KlijentID, DogadjajID) values (283, 836.42, '06/02/2015', 87, 397);
insert into Uplata (UplataID, Iznos, DatumUplate, KlijentID, DogadjajID) values (284, 700.32, '25/02/2018', 163, 535);
insert into Uplata (UplataID, Iznos, DatumUplate, KlijentID, DogadjajID) values (285, 115.35, '22/11/2012', 278, 206);
insert into Uplata (UplataID, Iznos, DatumUplate, KlijentID, DogadjajID) values (286, 365.42, '18/08/2012', 84, 303);
insert into Uplata (UplataID, Iznos, DatumUplate, KlijentID, DogadjajID) values (287, 51.4, '25/06/2017', 230, 327);
insert into Uplata (UplataID, Iznos, DatumUplate, KlijentID, DogadjajID) values (288, 349.2, '12/09/2016', 112, 282);
insert into Uplata (UplataID, Iznos, DatumUplate, KlijentID, DogadjajID) values (289, 322.86, '23/05/2010', 283, 286);
insert into Uplata (UplataID, Iznos, DatumUplate, KlijentID, DogadjajID) values (290, 680.02, '25/11/2017', 149, 596);
insert into Uplata (UplataID, Iznos, DatumUplate, KlijentID, DogadjajID) values (291, 308.88, '04/04/2017', 25, 308);
insert into Uplata (UplataID, Iznos, DatumUplate, KlijentID, DogadjajID) values (292, 219.53, '05/10/2009', 203, 102);
insert into Uplata (UplataID, Iznos, DatumUplate, KlijentID, DogadjajID) values (293, 136.25, '04/03/2012', 152, 121);
insert into Uplata (UplataID, Iznos, DatumUplate, KlijentID, DogadjajID) values (294, 525.36, '17/02/2009', 230, 81);
insert into Uplata (UplataID, Iznos, DatumUplate, KlijentID, DogadjajID) values (295, 51.21, '15/03/2011', 51, 111);
insert into Uplata (UplataID, Iznos, DatumUplate, KlijentID, DogadjajID) values (296, 936.92, '20/03/2016', 121, 463);
insert into Uplata (UplataID, Iznos, DatumUplate, KlijentID, DogadjajID) values (297, 542.86, '03/09/2013', 107, 202);
insert into Uplata (UplataID, Iznos, DatumUplate, KlijentID, DogadjajID) values (298, 668.44, '08/01/2013', 287, 290);
insert into Uplata (UplataID, Iznos, DatumUplate, KlijentID, DogadjajID) values (299, 294.92, '10/01/2015', 163, 611);
insert into Uplata (UplataID, Iznos, DatumUplate, KlijentID, DogadjajID) values (300, 77.09, '17/06/2013', 191, 267);
insert into Uplata (UplataID, Iznos, DatumUplate, KlijentID, DogadjajID) values (301, 227.09, '16/10/2011', 140, 667);
insert into Uplata (UplataID, Iznos, DatumUplate, KlijentID, DogadjajID) values (302, 571.6, '16/11/2014', 132, 209);
insert into Uplata (UplataID, Iznos, DatumUplate, KlijentID, DogadjajID) values (303, 126.71, '07/06/2014', 51, 473);
insert into Uplata (UplataID, Iznos, DatumUplate, KlijentID, DogadjajID) values (304, 599.14, '13/10/2011', 294, 686);
insert into Uplata (UplataID, Iznos, DatumUplate, KlijentID, DogadjajID) values (305, 404.71, '31/05/2018', 61, 532);
insert into Uplata (UplataID, Iznos, DatumUplate, KlijentID, DogadjajID) values (306, 574.7, '08/12/2017', 295, 658);
insert into Uplata (UplataID, Iznos, DatumUplate, KlijentID, DogadjajID) values (307, 825.7, '26/10/2015', 137, 665);
insert into Uplata (UplataID, Iznos, DatumUplate, KlijentID, DogadjajID) values (308, 328.37, '10/08/2009', 169, 626);
insert into Uplata (UplataID, Iznos, DatumUplate, KlijentID, DogadjajID) values (309, 503.12, '21/04/2011', 52, 298);
insert into Uplata (UplataID, Iznos, DatumUplate, KlijentID, DogadjajID) values (310, 143.55, '07/10/2009', 115, 79);
insert into Uplata (UplataID, Iznos, DatumUplate, KlijentID, DogadjajID) values (311, 239.48, '28/03/2010', 47, 494);
insert into Uplata (UplataID, Iznos, DatumUplate, KlijentID, DogadjajID) values (312, 755.98, '23/11/2014', 237, 50);
insert into Uplata (UplataID, Iznos, DatumUplate, KlijentID, DogadjajID) values (313, 932.91, '19/02/2018', 61, 58);
insert into Uplata (UplataID, Iznos, DatumUplate, KlijentID, DogadjajID) values (314, 389.83, '30/10/2015', 258, 458);
insert into Uplata (UplataID, Iznos, DatumUplate, KlijentID, DogadjajID) values (315, 378.93, '05/01/2011', 194, 52);
insert into Uplata (UplataID, Iznos, DatumUplate, KlijentID, DogadjajID) values (316, 140.9, '23/07/2016', 217, 261);
insert into Uplata (UplataID, Iznos, DatumUplate, KlijentID, DogadjajID) values (317, 389.32, '11/12/2017', 123, 534);
insert into Uplata (UplataID, Iznos, DatumUplate, KlijentID, DogadjajID) values (318, 897.66, '17/08/2011', 285, 286);
insert into Uplata (UplataID, Iznos, DatumUplate, KlijentID, DogadjajID) values (319, 294.29, '05/09/2009', 132, 391);
insert into Uplata (UplataID, Iznos, DatumUplate, KlijentID, DogadjajID) values (320, 282.51, '22/06/2016', 153, 78);
insert into Uplata (UplataID, Iznos, DatumUplate, KlijentID, DogadjajID) values (321, 61.47, '12/03/2010', 187, 117);
insert into Uplata (UplataID, Iznos, DatumUplate, KlijentID, DogadjajID) values (322, 780.87, '22/11/2015', 256, 302);
insert into Uplata (UplataID, Iznos, DatumUplate, KlijentID, DogadjajID) values (323, 429.5, '02/02/2012', 286, 404);
insert into Uplata (UplataID, Iznos, DatumUplate, KlijentID, DogadjajID) values (324, 473.76, '16/01/2012', 270, 83);
insert into Uplata (UplataID, Iznos, DatumUplate, KlijentID, DogadjajID) values (325, 238.99, '03/05/2011', 243, 390);
insert into Uplata (UplataID, Iznos, DatumUplate, KlijentID, DogadjajID) values (326, 82.26, '25/05/2018', 104, 468);
insert into Uplata (UplataID, Iznos, DatumUplate, KlijentID, DogadjajID) values (327, 111.05, '21/04/2012', 152, 516);
insert into Uplata (UplataID, Iznos, DatumUplate, KlijentID, DogadjajID) values (328, 311.14, '28/08/2015', 114, 294);
insert into Uplata (UplataID, Iznos, DatumUplate, KlijentID, DogadjajID) values (329, 345.57, '05/11/2009', 210, 226);
insert into Uplata (UplataID, Iznos, DatumUplate, KlijentID, DogadjajID) values (330, 835.72, '24/01/2012', 262, 487);
insert into Uplata (UplataID, Iznos, DatumUplate, KlijentID, DogadjajID) values (331, 900.79, '19/09/2010', 76, 382);
insert into Uplata (UplataID, Iznos, DatumUplate, KlijentID, DogadjajID) values (332, 627.88, '05/05/2009', 276, 426);
insert into Uplata (UplataID, Iznos, DatumUplate, KlijentID, DogadjajID) values (333, 825.16, '16/05/2013', 170, 208);
insert into Uplata (UplataID, Iznos, DatumUplate, KlijentID, DogadjajID) values (334, 667.5, '03/05/2013', 11, 281);
insert into Uplata (UplataID, Iznos, DatumUplate, KlijentID, DogadjajID) values (335, 903.28, '16/01/2014', 45, 438);
insert into Uplata (UplataID, Iznos, DatumUplate, KlijentID, DogadjajID) values (336, 380.75, '21/02/2009', 216, 231);
insert into Uplata (UplataID, Iznos, DatumUplate, KlijentID, DogadjajID) values (337, 682.84, '08/06/2011', 30, 226);
insert into Uplata (UplataID, Iznos, DatumUplate, KlijentID, DogadjajID) values (338, 976.33, '08/06/2014', 207, 552);
insert into Uplata (UplataID, Iznos, DatumUplate, KlijentID, DogadjajID) values (339, 529.75, '29/10/2011', 197, 136);
insert into Uplata (UplataID, Iznos, DatumUplate, KlijentID, DogadjajID) values (340, 337.18, '30/06/2013', 132, 543);
insert into Uplata (UplataID, Iznos, DatumUplate, KlijentID, DogadjajID) values (341, 914.81, '23/11/2009', 167, 40);
insert into Uplata (UplataID, Iznos, DatumUplate, KlijentID, DogadjajID) values (342, 251.2, '28/08/2018', 239, 673);
insert into Uplata (UplataID, Iznos, DatumUplate, KlijentID, DogadjajID) values (343, 598.22, '23/09/2010', 63, 689);
insert into Uplata (UplataID, Iznos, DatumUplate, KlijentID, DogadjajID) values (344, 653.98, '05/12/2018', 36, 374);
insert into Uplata (UplataID, Iznos, DatumUplate, KlijentID, DogadjajID) values (345, 809.47, '05/06/2016', 55, 526);
insert into Uplata (UplataID, Iznos, DatumUplate, KlijentID, DogadjajID) values (346, 359.1, '15/05/2016', 288, 503);
insert into Uplata (UplataID, Iznos, DatumUplate, KlijentID, DogadjajID) values (347, 55.1, '30/04/2013', 132, 361);
insert into Uplata (UplataID, Iznos, DatumUplate, KlijentID, DogadjajID) values (348, 188.63, '04/11/2009', 146, 535);
insert into Uplata (UplataID, Iznos, DatumUplate, KlijentID, DogadjajID) values (349, 842.66, '16/05/2013', 153, 428);
insert into Uplata (UplataID, Iznos, DatumUplate, KlijentID, DogadjajID) values (350, 584.02, '15/08/2017', 146, 126);
insert into Uplata (UplataID, Iznos, DatumUplate, KlijentID, DogadjajID) values (351, 173.16, '20/02/2009', 18, 575);
insert into Uplata (UplataID, Iznos, DatumUplate, KlijentID, DogadjajID) values (352, 116.91, '14/04/2012', 236, 99);
insert into Uplata (UplataID, Iznos, DatumUplate, KlijentID, DogadjajID) values (353, 73.15, '30/03/2017', 291, 375);
insert into Uplata (UplataID, Iznos, DatumUplate, KlijentID, DogadjajID) values (354, 848.47, '02/11/2011', 258, 630);
insert into Uplata (UplataID, Iznos, DatumUplate, KlijentID, DogadjajID) values (355, 221.2, '25/08/2018', 282, 61);
insert into Uplata (UplataID, Iznos, DatumUplate, KlijentID, DogadjajID) values (356, 742.57, '12/12/2013', 99, 516);
insert into Uplata (UplataID, Iznos, DatumUplate, KlijentID, DogadjajID) values (357, 285.31, '03/11/2014', 282, 24);
insert into Uplata (UplataID, Iznos, DatumUplate, KlijentID, DogadjajID) values (358, 361.16, '28/06/2016', 165, 480);
insert into Uplata (UplataID, Iznos, DatumUplate, KlijentID, DogadjajID) values (359, 678.31, '15/04/2009', 202, 415);
insert into Uplata (UplataID, Iznos, DatumUplate, KlijentID, DogadjajID) values (360, 857.36, '26/08/2017', 281, 15);
insert into Uplata (UplataID, Iznos, DatumUplate, KlijentID, DogadjajID) values (361, 940.37, '13/08/2010', 61, 568);
insert into Uplata (UplataID, Iznos, DatumUplate, KlijentID, DogadjajID) values (362, 600.46, '01/03/2012', 179, 641);
insert into Uplata (UplataID, Iznos, DatumUplate, KlijentID, DogadjajID) values (363, 732.34, '15/04/2011', 130, 222);
insert into Uplata (UplataID, Iznos, DatumUplate, KlijentID, DogadjajID) values (364, 80.3, '24/07/2018', 54, 600);
insert into Uplata (UplataID, Iznos, DatumUplate, KlijentID, DogadjajID) values (365, 61.81, '18/06/2012', 185, 425);
insert into Uplata (UplataID, Iznos, DatumUplate, KlijentID, DogadjajID) values (366, 356.26, '26/04/2017', 165, 533);
insert into Uplata (UplataID, Iznos, DatumUplate, KlijentID, DogadjajID) values (367, 544.41, '12/07/2009', 59, 120);
insert into Uplata (UplataID, Iznos, DatumUplate, KlijentID, DogadjajID) values (368, 122.06, '30/10/2016', 51, 3);
insert into Uplata (UplataID, Iznos, DatumUplate, KlijentID, DogadjajID) values (369, 186.73, '03/03/2017', 250, 267);
insert into Uplata (UplataID, Iznos, DatumUplate, KlijentID, DogadjajID) values (370, 583.64, '19/08/2015', 179, 505);
insert into Uplata (UplataID, Iznos, DatumUplate, KlijentID, DogadjajID) values (371, 865.34, '10/10/2018', 159, 534);
insert into Uplata (UplataID, Iznos, DatumUplate, KlijentID, DogadjajID) values (372, 232.6, '02/07/2016', 149, 422);
insert into Uplata (UplataID, Iznos, DatumUplate, KlijentID, DogadjajID) values (373, 306.67, '16/11/2018', 67, 342);
insert into Uplata (UplataID, Iznos, DatumUplate, KlijentID, DogadjajID) values (374, 220.44, '17/11/2010', 214, 3);
insert into Uplata (UplataID, Iznos, DatumUplate, KlijentID, DogadjajID) values (375, 581.94, '21/03/2011', 273, 655);
insert into Uplata (UplataID, Iznos, DatumUplate, KlijentID, DogadjajID) values (376, 288.58, '15/09/2013', 90, 340);
insert into Uplata (UplataID, Iznos, DatumUplate, KlijentID, DogadjajID) values (377, 973.63, '27/10/2015', 254, 434);
insert into Uplata (UplataID, Iznos, DatumUplate, KlijentID, DogadjajID) values (378, 766.1, '20/12/2009', 270, 408);
insert into Uplata (UplataID, Iznos, DatumUplate, KlijentID, DogadjajID) values (379, 85.8, '17/06/2009', 31, 478);
insert into Uplata (UplataID, Iznos, DatumUplate, KlijentID, DogadjajID) values (380, 660.39, '25/05/2012', 172, 618);
insert into Uplata (UplataID, Iznos, DatumUplate, KlijentID, DogadjajID) values (381, 483.74, '18/05/2010', 107, 574);
insert into Uplata (UplataID, Iznos, DatumUplate, KlijentID, DogadjajID) values (382, 923.64, '12/03/2017', 162, 143);
insert into Uplata (UplataID, Iznos, DatumUplate, KlijentID, DogadjajID) values (383, 757.28, '28/06/2015', 39, 35);
insert into Uplata (UplataID, Iznos, DatumUplate, KlijentID, DogadjajID) values (384, 953.57, '23/08/2009', 134, 535);
insert into Uplata (UplataID, Iznos, DatumUplate, KlijentID, DogadjajID) values (385, 330.8, '04/08/2016', 164, 324);
insert into Uplata (UplataID, Iznos, DatumUplate, KlijentID, DogadjajID) values (386, 269.18, '07/06/2016', 178, 486);
insert into Uplata (UplataID, Iznos, DatumUplate, KlijentID, DogadjajID) values (387, 993.11, '20/12/2014', 83, 176);
insert into Uplata (UplataID, Iznos, DatumUplate, KlijentID, DogadjajID) values (388, 380.12, '12/03/2017', 77, 89);
insert into Uplata (UplataID, Iznos, DatumUplate, KlijentID, DogadjajID) values (389, 742.54, '05/03/2011', 190, 68);
insert into Uplata (UplataID, Iznos, DatumUplate, KlijentID, DogadjajID) values (390, 700.47, '02/11/2016', 115, 140);
insert into Uplata (UplataID, Iznos, DatumUplate, KlijentID, DogadjajID) values (391, 363.33, '16/11/2013', 151, 595);
insert into Uplata (UplataID, Iznos, DatumUplate, KlijentID, DogadjajID) values (392, 540.95, '19/04/2012', 32, 248);
insert into Uplata (UplataID, Iznos, DatumUplate, KlijentID, DogadjajID) values (393, 79.77, '12/06/2016', 140, 157);
insert into Uplata (UplataID, Iznos, DatumUplate, KlijentID, DogadjajID) values (394, 475.42, '30/08/2012', 92, 494);
insert into Uplata (UplataID, Iznos, DatumUplate, KlijentID, DogadjajID) values (395, 359.42, '26/11/2013', 130, 388);
insert into Uplata (UplataID, Iznos, DatumUplate, KlijentID, DogadjajID) values (396, 271.17, '10/04/2018', 198, 263);
insert into Uplata (UplataID, Iznos, DatumUplate, KlijentID, DogadjajID) values (397, 132.11, '28/08/2010', 17, 465);
insert into Uplata (UplataID, Iznos, DatumUplate, KlijentID, DogadjajID) values (398, 446.54, '14/09/2012', 39, 239);
insert into Uplata (UplataID, Iznos, DatumUplate, KlijentID, DogadjajID) values (399, 504.13, '30/04/2012', 74, 617);
insert into Uplata (UplataID, Iznos, DatumUplate, KlijentID, DogadjajID) values (400, 904.31, '19/02/2015', 57, 510);
insert into Uplata (UplataID, Iznos, DatumUplate, KlijentID, DogadjajID) values (401, 60.73, '11/01/2009', 95, 489);
insert into Uplata (UplataID, Iznos, DatumUplate, KlijentID, DogadjajID) values (402, 481.6, '21/10/2009', 169, 521);
insert into Uplata (UplataID, Iznos, DatumUplate, KlijentID, DogadjajID) values (403, 874.72, '01/04/2009', 196, 478);
insert into Uplata (UplataID, Iznos, DatumUplate, KlijentID, DogadjajID) values (404, 395.99, '11/10/2014', 51, 392);
insert into Uplata (UplataID, Iznos, DatumUplate, KlijentID, DogadjajID) values (405, 497.5, '15/05/2012', 42, 659);
insert into Uplata (UplataID, Iznos, DatumUplate, KlijentID, DogadjajID) values (406, 791.59, '04/03/2017', 278, 367);
insert into Uplata (UplataID, Iznos, DatumUplate, KlijentID, DogadjajID) values (407, 755.9, '11/01/2010', 168, 379);
insert into Uplata (UplataID, Iznos, DatumUplate, KlijentID, DogadjajID) values (408, 446.41, '12/07/2010', 272, 666);
insert into Uplata (UplataID, Iznos, DatumUplate, KlijentID, DogadjajID) values (409, 124.27, '20/03/2016', 248, 640);
insert into Uplata (UplataID, Iznos, DatumUplate, KlijentID, DogadjajID) values (410, 651.18, '10/04/2009', 202, 170);
insert into Uplata (UplataID, Iznos, DatumUplate, KlijentID, DogadjajID) values (411, 757.03, '21/06/2016', 105, 408);
insert into Uplata (UplataID, Iznos, DatumUplate, KlijentID, DogadjajID) values (412, 640.44, '28/12/2014', 254, 639);
insert into Uplata (UplataID, Iznos, DatumUplate, KlijentID, DogadjajID) values (413, 934.03, '02/06/2016', 4, 488);
insert into Uplata (UplataID, Iznos, DatumUplate, KlijentID, DogadjajID) values (414, 812.62, '04/12/2017', 260, 552);
insert into Uplata (UplataID, Iznos, DatumUplate, KlijentID, DogadjajID) values (415, 481.14, '18/04/2014', 182, 195);
insert into Uplata (UplataID, Iznos, DatumUplate, KlijentID, DogadjajID) values (416, 102.76, '16/06/2015', 133, 214);
insert into Uplata (UplataID, Iznos, DatumUplate, KlijentID, DogadjajID) values (417, 938.68, '05/11/2014', 15, 39);
insert into Uplata (UplataID, Iznos, DatumUplate, KlijentID, DogadjajID) values (418, 885.7, '26/05/2015', 98, 588);
insert into Uplata (UplataID, Iznos, DatumUplate, KlijentID, DogadjajID) values (419, 762.45, '06/01/2011', 153, 179);
insert into Uplata (UplataID, Iznos, DatumUplate, KlijentID, DogadjajID) values (420, 246.94, '24/04/2009', 79, 141);
insert into Uplata (UplataID, Iznos, DatumUplate, KlijentID, DogadjajID) values (421, 611.77, '31/01/2018', 266, 68);
insert into Uplata (UplataID, Iznos, DatumUplate, KlijentID, DogadjajID) values (422, 657.45, '21/08/2009', 12, 516);
insert into Uplata (UplataID, Iznos, DatumUplate, KlijentID, DogadjajID) values (423, 456.88, '23/03/2013', 176, 504);
insert into Uplata (UplataID, Iznos, DatumUplate, KlijentID, DogadjajID) values (424, 246.76, '07/02/2013', 238, 642);
insert into Uplata (UplataID, Iznos, DatumUplate, KlijentID, DogadjajID) values (425, 155.72, '20/11/2013', 39, 399);
insert into Uplata (UplataID, Iznos, DatumUplate, KlijentID, DogadjajID) values (426, 787.74, '13/01/2013', 182, 294);
insert into Uplata (UplataID, Iznos, DatumUplate, KlijentID, DogadjajID) values (427, 792.25, '28/12/2017', 87, 254);
insert into Uplata (UplataID, Iznos, DatumUplate, KlijentID, DogadjajID) values (428, 569.73, '26/03/2018', 170, 627);
insert into Uplata (UplataID, Iznos, DatumUplate, KlijentID, DogadjajID) values (429, 99.22, '10/11/2012', 47, 303);
insert into Uplata (UplataID, Iznos, DatumUplate, KlijentID, DogadjajID) values (430, 275.38, '18/08/2018', 193, 423);
insert into Uplata (UplataID, Iznos, DatumUplate, KlijentID, DogadjajID) values (431, 772.47, '21/07/2009', 141, 318);
insert into Uplata (UplataID, Iznos, DatumUplate, KlijentID, DogadjajID) values (432, 824.31, '01/08/2014', 233, 220);
insert into Uplata (UplataID, Iznos, DatumUplate, KlijentID, DogadjajID) values (433, 989.45, '22/07/2009', 161, 589);
insert into Uplata (UplataID, Iznos, DatumUplate, KlijentID, DogadjajID) values (434, 699.48, '30/07/2013', 111, 452);
insert into Uplata (UplataID, Iznos, DatumUplate, KlijentID, DogadjajID) values (435, 161.54, '23/08/2016', 78, 478);
insert into Uplata (UplataID, Iznos, DatumUplate, KlijentID, DogadjajID) values (436, 339.91, '23/08/2010', 30, 172);
insert into Uplata (UplataID, Iznos, DatumUplate, KlijentID, DogadjajID) values (437, 437.07, '15/08/2009', 144, 288);
insert into Uplata (UplataID, Iznos, DatumUplate, KlijentID, DogadjajID) values (438, 990.77, '15/05/2011', 45, 204);
insert into Uplata (UplataID, Iznos, DatumUplate, KlijentID, DogadjajID) values (439, 774.64, '21/01/2017', 104, 489);
insert into Uplata (UplataID, Iznos, DatumUplate, KlijentID, DogadjajID) values (440, 414.53, '22/10/2017', 121, 415);
insert into Uplata (UplataID, Iznos, DatumUplate, KlijentID, DogadjajID) values (441, 74.99, '27/05/2011', 217, 270);
insert into Uplata (UplataID, Iznos, DatumUplate, KlijentID, DogadjajID) values (442, 919.08, '11/10/2011', 75, 515);
insert into Uplata (UplataID, Iznos, DatumUplate, KlijentID, DogadjajID) values (443, 977.51, '01/11/2015', 190, 246);
insert into Uplata (UplataID, Iznos, DatumUplate, KlijentID, DogadjajID) values (444, 646.73, '11/09/2013', 173, 65);
insert into Uplata (UplataID, Iznos, DatumUplate, KlijentID, DogadjajID) values (445, 52.65, '03/09/2010', 69, 690);
insert into Uplata (UplataID, Iznos, DatumUplate, KlijentID, DogadjajID) values (446, 962.76, '25/06/2010', 260, 70);
insert into Uplata (UplataID, Iznos, DatumUplate, KlijentID, DogadjajID) values (447, 498.88, '09/09/2015', 18, 625);
insert into Uplata (UplataID, Iznos, DatumUplate, KlijentID, DogadjajID) values (448, 277.02, '01/07/2012', 53, 181);
insert into Uplata (UplataID, Iznos, DatumUplate, KlijentID, DogadjajID) values (449, 379.06, '23/05/2014', 165, 511);
insert into Uplata (UplataID, Iznos, DatumUplate, KlijentID, DogadjajID) values (450, 445.92, '21/10/2015', 241, 133);
insert into Uplata (UplataID, Iznos, DatumUplate, KlijentID, DogadjajID) values (451, 432.7, '30/09/2016', 287, 376);
insert into Uplata (UplataID, Iznos, DatumUplate, KlijentID, DogadjajID) values (452, 50.43, '02/03/2012', 169, 271);
insert into Uplata (UplataID, Iznos, DatumUplate, KlijentID, DogadjajID) values (453, 994.58, '16/10/2016', 97, 539);
insert into Uplata (UplataID, Iznos, DatumUplate, KlijentID, DogadjajID) values (454, 310.88, '04/02/2017', 210, 269);
insert into Uplata (UplataID, Iznos, DatumUplate, KlijentID, DogadjajID) values (455, 514.85, '31/08/2018', 79, 663);
insert into Uplata (UplataID, Iznos, DatumUplate, KlijentID, DogadjajID) values (456, 513.31, '27/10/2017', 43, 485);
insert into Uplata (UplataID, Iznos, DatumUplate, KlijentID, DogadjajID) values (457, 755.1, '15/03/2010', 54, 289);
insert into Uplata (UplataID, Iznos, DatumUplate, KlijentID, DogadjajID) values (458, 457.79, '08/01/2012', 21, 500);
insert into Uplata (UplataID, Iznos, DatumUplate, KlijentID, DogadjajID) values (459, 466.71, '04/07/2017', 84, 637);
insert into Uplata (UplataID, Iznos, DatumUplate, KlijentID, DogadjajID) values (460, 116.66, '22/10/2013', 67, 97);
insert into Uplata (UplataID, Iznos, DatumUplate, KlijentID, DogadjajID) values (461, 805.04, '21/04/2015', 152, 45);
insert into Uplata (UplataID, Iznos, DatumUplate, KlijentID, DogadjajID) values (462, 997.72, '06/10/2010', 178, 518);
insert into Uplata (UplataID, Iznos, DatumUplate, KlijentID, DogadjajID) values (463, 157.85, '24/08/2010', 160, 391);
insert into Uplata (UplataID, Iznos, DatumUplate, KlijentID, DogadjajID) values (464, 971.05, '13/08/2017', 170, 382);
insert into Uplata (UplataID, Iznos, DatumUplate, KlijentID, DogadjajID) values (465, 509.56, '06/04/2017', 80, 224);
insert into Uplata (UplataID, Iznos, DatumUplate, KlijentID, DogadjajID) values (466, 664.7, '20/08/2017', 26, 133);
insert into Uplata (UplataID, Iznos, DatumUplate, KlijentID, DogadjajID) values (467, 726.1, '15/09/2014', 79, 103);
insert into Uplata (UplataID, Iznos, DatumUplate, KlijentID, DogadjajID) values (468, 764.01, '10/02/2012', 104, 277);
insert into Uplata (UplataID, Iznos, DatumUplate, KlijentID, DogadjajID) values (469, 500.73, '24/09/2014', 246, 301);
insert into Uplata (UplataID, Iznos, DatumUplate, KlijentID, DogadjajID) values (470, 938.52, '28/06/2010', 230, 513);
insert into Uplata (UplataID, Iznos, DatumUplate, KlijentID, DogadjajID) values (471, 870.45, '22/11/2011', 197, 512);
insert into Uplata (UplataID, Iznos, DatumUplate, KlijentID, DogadjajID) values (472, 720.56, '06/01/2011', 214, 512);
insert into Uplata (UplataID, Iznos, DatumUplate, KlijentID, DogadjajID) values (473, 493.4, '18/05/2009', 176, 258);
insert into Uplata (UplataID, Iznos, DatumUplate, KlijentID, DogadjajID) values (474, 872.76, '14/01/2012', 142, 604);
insert into Uplata (UplataID, Iznos, DatumUplate, KlijentID, DogadjajID) values (475, 393.08, '24/05/2012', 41, 672);
insert into Uplata (UplataID, Iznos, DatumUplate, KlijentID, DogadjajID) values (476, 266.41, '24/05/2014', 42, 345);
insert into Uplata (UplataID, Iznos, DatumUplate, KlijentID, DogadjajID) values (477, 831.88, '13/10/2014', 203, 330);
insert into Uplata (UplataID, Iznos, DatumUplate, KlijentID, DogadjajID) values (478, 92.26, '11/05/2013', 104, 491);
insert into Uplata (UplataID, Iznos, DatumUplate, KlijentID, DogadjajID) values (479, 182.14, '09/04/2010', 115, 684);
insert into Uplata (UplataID, Iznos, DatumUplate, KlijentID, DogadjajID) values (480, 633.86, '17/09/2016', 95, 229);
insert into Uplata (UplataID, Iznos, DatumUplate, KlijentID, DogadjajID) values (481, 266.55, '14/03/2010', 205, 195);
insert into Uplata (UplataID, Iznos, DatumUplate, KlijentID, DogadjajID) values (482, 418.4, '14/07/2013', 19, 371);
insert into Uplata (UplataID, Iznos, DatumUplate, KlijentID, DogadjajID) values (483, 651.62, '08/03/2014', 270, 125);
insert into Uplata (UplataID, Iznos, DatumUplate, KlijentID, DogadjajID) values (484, 139.2, '28/01/2015', 92, 113);
insert into Uplata (UplataID, Iznos, DatumUplate, KlijentID, DogadjajID) values (485, 799.52, '20/10/2014', 203, 394);
insert into Uplata (UplataID, Iznos, DatumUplate, KlijentID, DogadjajID) values (486, 375.91, '17/06/2012', 30, 55);
insert into Uplata (UplataID, Iznos, DatumUplate, KlijentID, DogadjajID) values (487, 921.92, '13/09/2013', 236, 466);
insert into Uplata (UplataID, Iznos, DatumUplate, KlijentID, DogadjajID) values (488, 635.38, '26/09/2012', 218, 212);
insert into Uplata (UplataID, Iznos, DatumUplate, KlijentID, DogadjajID) values (489, 923.1, '07/09/2017', 221, 481);
insert into Uplata (UplataID, Iznos, DatumUplate, KlijentID, DogadjajID) values (490, 655.14, '20/02/2017', 26, 477);
insert into Uplata (UplataID, Iznos, DatumUplate, KlijentID, DogadjajID) values (491, 162.13, '23/08/2012', 290, 482);
insert into Uplata (UplataID, Iznos, DatumUplate, KlijentID, DogadjajID) values (492, 350.06, '22/08/2016', 189, 457);
insert into Uplata (UplataID, Iznos, DatumUplate, KlijentID, DogadjajID) values (493, 559.75, '12/10/2018', 262, 660);
insert into Uplata (UplataID, Iznos, DatumUplate, KlijentID, DogadjajID) values (494, 356.39, '28/07/2011', 282, 116);
insert into Uplata (UplataID, Iznos, DatumUplate, KlijentID, DogadjajID) values (495, 817.35, '30/01/2017', 81, 490);
insert into Uplata (UplataID, Iznos, DatumUplate, KlijentID, DogadjajID) values (496, 599.18, '05/07/2014', 218, 14);
insert into Uplata (UplataID, Iznos, DatumUplate, KlijentID, DogadjajID) values (497, 143.18, '20/09/2016', 297, 550);
insert into Uplata (UplataID, Iznos, DatumUplate, KlijentID, DogadjajID) values (498, 280.89, '05/11/2016', 233, 534);
insert into Uplata (UplataID, Iznos, DatumUplate, KlijentID, DogadjajID) values (499, 659.6, '01/05/2018', 269, 84);
insert into Uplata (UplataID, Iznos, DatumUplate, KlijentID, DogadjajID) values (500, 698.73, '28/10/2009', 165, 300);
insert into Uplata (UplataID, Iznos, DatumUplate, KlijentID, DogadjajID) values (501, 191.62, '06/05/2017', 289, 247);
insert into Uplata (UplataID, Iznos, DatumUplate, KlijentID, DogadjajID) values (502, 278.94, '03/06/2010', 53, 107);
insert into Uplata (UplataID, Iznos, DatumUplate, KlijentID, DogadjajID) values (503, 819.2, '05/10/2014', 166, 511);
insert into Uplata (UplataID, Iznos, DatumUplate, KlijentID, DogadjajID) values (504, 736.1, '21/04/2012', 49, 560);
insert into Uplata (UplataID, Iznos, DatumUplate, KlijentID, DogadjajID) values (505, 675.66, '29/12/2010', 152, 356);
insert into Uplata (UplataID, Iznos, DatumUplate, KlijentID, DogadjajID) values (506, 835.76, '30/06/2012', 89, 253);
insert into Uplata (UplataID, Iznos, DatumUplate, KlijentID, DogadjajID) values (507, 801.55, '09/07/2010', 28, 212);
insert into Uplata (UplataID, Iznos, DatumUplate, KlijentID, DogadjajID) values (508, 225.74, '25/04/2016', 10, 117);
insert into Uplata (UplataID, Iznos, DatumUplate, KlijentID, DogadjajID) values (509, 880.39, '21/06/2015', 9, 358);
insert into Uplata (UplataID, Iznos, DatumUplate, KlijentID, DogadjajID) values (510, 267.84, '13/11/2009', 59, 156);
insert into Uplata (UplataID, Iznos, DatumUplate, KlijentID, DogadjajID) values (511, 921.39, '25/07/2016', 68, 680);
insert into Uplata (UplataID, Iznos, DatumUplate, KlijentID, DogadjajID) values (512, 732.77, '21/11/2018', 270, 43);
insert into Uplata (UplataID, Iznos, DatumUplate, KlijentID, DogadjajID) values (513, 121.4, '09/06/2014', 36, 110);
insert into Uplata (UplataID, Iznos, DatumUplate, KlijentID, DogadjajID) values (514, 240.81, '21/08/2013', 280, 625);
insert into Uplata (UplataID, Iznos, DatumUplate, KlijentID, DogadjajID) values (515, 712.63, '07/12/2013', 236, 200);
insert into Uplata (UplataID, Iznos, DatumUplate, KlijentID, DogadjajID) values (516, 87.81, '26/11/2011', 105, 643);
insert into Uplata (UplataID, Iznos, DatumUplate, KlijentID, DogadjajID) values (517, 261.78, '31/10/2013', 175, 252);
insert into Uplata (UplataID, Iznos, DatumUplate, KlijentID, DogadjajID) values (518, 775.89, '08/08/2009', 42, 513);
insert into Uplata (UplataID, Iznos, DatumUplate, KlijentID, DogadjajID) values (519, 893.11, '17/11/2013', 40, 253);
insert into Uplata (UplataID, Iznos, DatumUplate, KlijentID, DogadjajID) values (520, 350.25, '22/07/2014', 216, 39);
insert into Uplata (UplataID, Iznos, DatumUplate, KlijentID, DogadjajID) values (521, 836.1, '05/02/2016', 255, 627);
insert into Uplata (UplataID, Iznos, DatumUplate, KlijentID, DogadjajID) values (522, 423.07, '07/11/2013', 276, 510);
insert into Uplata (UplataID, Iznos, DatumUplate, KlijentID, DogadjajID) values (523, 852.5, '18/03/2018', 242, 507);
insert into Uplata (UplataID, Iznos, DatumUplate, KlijentID, DogadjajID) values (524, 383.47, '14/03/2016', 88, 146);
insert into Uplata (UplataID, Iznos, DatumUplate, KlijentID, DogadjajID) values (525, 191.5, '15/01/2011', 232, 139);
insert into Uplata (UplataID, Iznos, DatumUplate, KlijentID, DogadjajID) values (526, 986.7, '18/07/2015', 117, 508);
insert into Uplata (UplataID, Iznos, DatumUplate, KlijentID, DogadjajID) values (527, 217.06, '08/03/2017', 219, 661);
insert into Uplata (UplataID, Iznos, DatumUplate, KlijentID, DogadjajID) values (528, 243.74, '25/12/2017', 249, 654);
insert into Uplata (UplataID, Iznos, DatumUplate, KlijentID, DogadjajID) values (529, 344.58, '12/12/2016', 236, 266);
insert into Uplata (UplataID, Iznos, DatumUplate, KlijentID, DogadjajID) values (530, 423.16, '02/12/2011', 223, 508);
insert into Uplata (UplataID, Iznos, DatumUplate, KlijentID, DogadjajID) values (531, 913.14, '25/03/2012', 224, 505);
insert into Uplata (UplataID, Iznos, DatumUplate, KlijentID, DogadjajID) values (532, 426.31, '28/02/2017', 137, 32);
insert into Uplata (UplataID, Iznos, DatumUplate, KlijentID, DogadjajID) values (533, 636.1, '02/08/2016', 239, 535);
insert into Uplata (UplataID, Iznos, DatumUplate, KlijentID, DogadjajID) values (534, 563.5, '23/06/2011', 176, 488);
insert into Uplata (UplataID, Iznos, DatumUplate, KlijentID, DogadjajID) values (535, 240.02, '07/08/2011', 108, 82);
insert into Uplata (UplataID, Iznos, DatumUplate, KlijentID, DogadjajID) values (536, 582.7, '01/12/2010', 166, 29);
insert into Uplata (UplataID, Iznos, DatumUplate, KlijentID, DogadjajID) values (537, 429.88, '28/01/2014', 294, 630);
insert into Uplata (UplataID, Iznos, DatumUplate, KlijentID, DogadjajID) values (538, 770.54, '21/10/2018', 281, 252);
insert into Uplata (UplataID, Iznos, DatumUplate, KlijentID, DogadjajID) values (539, 986.81, '05/07/2012', 229, 437);
insert into Uplata (UplataID, Iznos, DatumUplate, KlijentID, DogadjajID) values (540, 323.9, '03/01/2017', 293, 266);
insert into Uplata (UplataID, Iznos, DatumUplate, KlijentID, DogadjajID) values (541, 226.71, '05/04/2009', 165, 656);
insert into Uplata (UplataID, Iznos, DatumUplate, KlijentID, DogadjajID) values (542, 716.65, '08/04/2009', 76, 107);
insert into Uplata (UplataID, Iznos, DatumUplate, KlijentID, DogadjajID) values (543, 725.07, '19/08/2012', 23, 409);
insert into Uplata (UplataID, Iznos, DatumUplate, KlijentID, DogadjajID) values (544, 725.7, '14/05/2013', 278, 514);
insert into Uplata (UplataID, Iznos, DatumUplate, KlijentID, DogadjajID) values (545, 730.58, '15/09/2012', 260, 164);
insert into Uplata (UplataID, Iznos, DatumUplate, KlijentID, DogadjajID) values (546, 879.1, '15/07/2010', 64, 9);
insert into Uplata (UplataID, Iznos, DatumUplate, KlijentID, DogadjajID) values (547, 631.55, '05/02/2010', 28, 349);
insert into Uplata (UplataID, Iznos, DatumUplate, KlijentID, DogadjajID) values (548, 619.94, '22/10/2013', 275, 5);
insert into Uplata (UplataID, Iznos, DatumUplate, KlijentID, DogadjajID) values (549, 170.53, '19/08/2011', 67, 142);
insert into Uplata (UplataID, Iznos, DatumUplate, KlijentID, DogadjajID) values (550, 316.53, '28/10/2016', 117, 622);
insert into Uplata (UplataID, Iznos, DatumUplate, KlijentID, DogadjajID) values (551, 473.42, '03/10/2015', 270, 279);
insert into Uplata (UplataID, Iznos, DatumUplate, KlijentID, DogadjajID) values (552, 947.09, '24/06/2010', 135, 489);
insert into Uplata (UplataID, Iznos, DatumUplate, KlijentID, DogadjajID) values (553, 618.95, '31/07/2017', 67, 562);
insert into Uplata (UplataID, Iznos, DatumUplate, KlijentID, DogadjajID) values (554, 318.17, '06/10/2011', 244, 150);
insert into Uplata (UplataID, Iznos, DatumUplate, KlijentID, DogadjajID) values (555, 289.96, '06/10/2011', 266, 130);
insert into Uplata (UplataID, Iznos, DatumUplate, KlijentID, DogadjajID) values (556, 684.95, '19/06/2011', 54, 344);
insert into Uplata (UplataID, Iznos, DatumUplate, KlijentID, DogadjajID) values (557, 131.37, '21/05/2016', 79, 550);
insert into Uplata (UplataID, Iznos, DatumUplate, KlijentID, DogadjajID) values (558, 321.64, '05/10/2018', 274, 329);
insert into Uplata (UplataID, Iznos, DatumUplate, KlijentID, DogadjajID) values (559, 960.96, '24/10/2017', 57, 169);
insert into Uplata (UplataID, Iznos, DatumUplate, KlijentID, DogadjajID) values (560, 690.01, '03/01/2013', 164, 85);
insert into Uplata (UplataID, Iznos, DatumUplate, KlijentID, DogadjajID) values (561, 552.75, '16/11/2010', 101, 128);
insert into Uplata (UplataID, Iznos, DatumUplate, KlijentID, DogadjajID) values (562, 146.05, '19/12/2013', 121, 14);
insert into Uplata (UplataID, Iznos, DatumUplate, KlijentID, DogadjajID) values (563, 919.91, '18/08/2010', 219, 583);
insert into Uplata (UplataID, Iznos, DatumUplate, KlijentID, DogadjajID) values (564, 274.13, '11/02/2017', 209, 514);
insert into Uplata (UplataID, Iznos, DatumUplate, KlijentID, DogadjajID) values (565, 479.01, '16/05/2015', 255, 164);
insert into Uplata (UplataID, Iznos, DatumUplate, KlijentID, DogadjajID) values (566, 822.76, '26/07/2014', 104, 522);
insert into Uplata (UplataID, Iznos, DatumUplate, KlijentID, DogadjajID) values (567, 128.89, '26/11/2009', 34, 46);
insert into Uplata (UplataID, Iznos, DatumUplate, KlijentID, DogadjajID) values (568, 329.19, '01/09/2015', 183, 115);
insert into Uplata (UplataID, Iznos, DatumUplate, KlijentID, DogadjajID) values (569, 797.23, '16/08/2012', 126, 428);
insert into Uplata (UplataID, Iznos, DatumUplate, KlijentID, DogadjajID) values (570, 104.16, '14/02/2014', 109, 345);
insert into Uplata (UplataID, Iznos, DatumUplate, KlijentID, DogadjajID) values (571, 471.5, '31/03/2015', 275, 488);
insert into Uplata (UplataID, Iznos, DatumUplate, KlijentID, DogadjajID) values (572, 171.72, '05/03/2014', 109, 478);
insert into Uplata (UplataID, Iznos, DatumUplate, KlijentID, DogadjajID) values (573, 924.46, '28/08/2010', 3, 578);
insert into Uplata (UplataID, Iznos, DatumUplate, KlijentID, DogadjajID) values (574, 462.62, '06/03/2011', 66, 618);
insert into Uplata (UplataID, Iznos, DatumUplate, KlijentID, DogadjajID) values (575, 606.7, '26/03/2015', 235, 177);
insert into Uplata (UplataID, Iznos, DatumUplate, KlijentID, DogadjajID) values (576, 941.18, '29/12/2010', 118, 209);
insert into Uplata (UplataID, Iznos, DatumUplate, KlijentID, DogadjajID) values (577, 198.35, '25/09/2015', 276, 373);
insert into Uplata (UplataID, Iznos, DatumUplate, KlijentID, DogadjajID) values (578, 671.05, '21/01/2010', 172, 341);
insert into Uplata (UplataID, Iznos, DatumUplate, KlijentID, DogadjajID) values (579, 296.82, '08/10/2015', 71, 524);
insert into Uplata (UplataID, Iznos, DatumUplate, KlijentID, DogadjajID) values (580, 834.67, '30/11/2017', 213, 505);
insert into Uplata (UplataID, Iznos, DatumUplate, KlijentID, DogadjajID) values (581, 526.52, '08/06/2015', 272, 305);
insert into Uplata (UplataID, Iznos, DatumUplate, KlijentID, DogadjajID) values (582, 268.7, '16/06/2009', 52, 531);
insert into Uplata (UplataID, Iznos, DatumUplate, KlijentID, DogadjajID) values (583, 560.21, '17/09/2018', 186, 385);
insert into Uplata (UplataID, Iznos, DatumUplate, KlijentID, DogadjajID) values (584, 475.82, '16/02/2017', 130, 599);
insert into Uplata (UplataID, Iznos, DatumUplate, KlijentID, DogadjajID) values (585, 183.75, '04/02/2011', 147, 74);
insert into Uplata (UplataID, Iznos, DatumUplate, KlijentID, DogadjajID) values (586, 574.04, '08/12/2014', 87, 568);
insert into Uplata (UplataID, Iznos, DatumUplate, KlijentID, DogadjajID) values (587, 821.45, '16/10/2011', 281, 329);
insert into Uplata (UplataID, Iznos, DatumUplate, KlijentID, DogadjajID) values (588, 530.28, '07/07/2018', 177, 27);
insert into Uplata (UplataID, Iznos, DatumUplate, KlijentID, DogadjajID) values (589, 334.06, '15/01/2010', 161, 101);
insert into Uplata (UplataID, Iznos, DatumUplate, KlijentID, DogadjajID) values (590, 116.05, '25/03/2014', 2, 14);
insert into Uplata (UplataID, Iznos, DatumUplate, KlijentID, DogadjajID) values (591, 358.04, '05/12/2018', 37, 368);
insert into Uplata (UplataID, Iznos, DatumUplate, KlijentID, DogadjajID) values (592, 744.31, '24/06/2012', 225, 471);
insert into Uplata (UplataID, Iznos, DatumUplate, KlijentID, DogadjajID) values (593, 522.21, '08/11/2015', 134, 116);
insert into Uplata (UplataID, Iznos, DatumUplate, KlijentID, DogadjajID) values (594, 304.56, '02/06/2018', 171, 207);
insert into Uplata (UplataID, Iznos, DatumUplate, KlijentID, DogadjajID) values (595, 349.12, '19/03/2012', 280, 62);
insert into Uplata (UplataID, Iznos, DatumUplate, KlijentID, DogadjajID) values (596, 408.28, '07/12/2011', 50, 514);
insert into Uplata (UplataID, Iznos, DatumUplate, KlijentID, DogadjajID) values (597, 379.24, '28/04/2010', 47, 519);
insert into Uplata (UplataID, Iznos, DatumUplate, KlijentID, DogadjajID) values (598, 367.69, '15/05/2013', 265, 69);
insert into Uplata (UplataID, Iznos, DatumUplate, KlijentID, DogadjajID) values (599, 251.54, '13/03/2011', 281, 139);
insert into Uplata (UplataID, Iznos, DatumUplate, KlijentID, DogadjajID) values (600, 357.45, '16/06/2014', 99, 58);
insert into Uplata (UplataID, Iznos, DatumUplate, KlijentID, DogadjajID) values (601, 938.85, '02/01/2014', 140, 665);
insert into Uplata (UplataID, Iznos, DatumUplate, KlijentID, DogadjajID) values (602, 807.9, '16/02/2015', 54, 424);
insert into Uplata (UplataID, Iznos, DatumUplate, KlijentID, DogadjajID) values (603, 763.96, '17/06/2013', 276, 389);
insert into Uplata (UplataID, Iznos, DatumUplate, KlijentID, DogadjajID) values (604, 50.8, '27/08/2012', 92, 540);
insert into Uplata (UplataID, Iznos, DatumUplate, KlijentID, DogadjajID) values (605, 254.3, '12/04/2011', 53, 630);
insert into Uplata (UplataID, Iznos, DatumUplate, KlijentID, DogadjajID) values (606, 998.73, '08/05/2014', 200, 683);
insert into Uplata (UplataID, Iznos, DatumUplate, KlijentID, DogadjajID) values (607, 510.12, '07/10/2012', 40, 82);
insert into Uplata (UplataID, Iznos, DatumUplate, KlijentID, DogadjajID) values (608, 998.12, '18/06/2015', 99, 400);
insert into Uplata (UplataID, Iznos, DatumUplate, KlijentID, DogadjajID) values (609, 426.35, '04/04/2015', 43, 287);
insert into Uplata (UplataID, Iznos, DatumUplate, KlijentID, DogadjajID) values (610, 234.25, '04/09/2016', 59, 481);
insert into Uplata (UplataID, Iznos, DatumUplate, KlijentID, DogadjajID) values (611, 586.01, '04/02/2014', 141, 362);
insert into Uplata (UplataID, Iznos, DatumUplate, KlijentID, DogadjajID) values (612, 962.02, '25/11/2013', 297, 492);
insert into Uplata (UplataID, Iznos, DatumUplate, KlijentID, DogadjajID) values (613, 966.17, '23/07/2018', 229, 588);
insert into Uplata (UplataID, Iznos, DatumUplate, KlijentID, DogadjajID) values (614, 686.7, '18/10/2010', 115, 392);
insert into Uplata (UplataID, Iznos, DatumUplate, KlijentID, DogadjajID) values (615, 223.24, '01/04/2015', 70, 166);
insert into Uplata (UplataID, Iznos, DatumUplate, KlijentID, DogadjajID) values (616, 189.26, '22/08/2014', 75, 29);
insert into Uplata (UplataID, Iznos, DatumUplate, KlijentID, DogadjajID) values (617, 342.44, '25/02/2018', 60, 172);
insert into Uplata (UplataID, Iznos, DatumUplate, KlijentID, DogadjajID) values (618, 431.01, '07/08/2014', 130, 230);
insert into Uplata (UplataID, Iznos, DatumUplate, KlijentID, DogadjajID) values (619, 142.36, '22/11/2012', 48, 531);
insert into Uplata (UplataID, Iznos, DatumUplate, KlijentID, DogadjajID) values (620, 974.44, '26/09/2012', 175, 557);
insert into Uplata (UplataID, Iznos, DatumUplate, KlijentID, DogadjajID) values (621, 88.59, '03/11/2011', 101, 189);
insert into Uplata (UplataID, Iznos, DatumUplate, KlijentID, DogadjajID) values (622, 892.98, '09/02/2012', 24, 378);
insert into Uplata (UplataID, Iznos, DatumUplate, KlijentID, DogadjajID) values (623, 218.53, '21/07/2014', 259, 551);
insert into Uplata (UplataID, Iznos, DatumUplate, KlijentID, DogadjajID) values (624, 304.77, '20/05/2010', 239, 386);
insert into Uplata (UplataID, Iznos, DatumUplate, KlijentID, DogadjajID) values (625, 530.46, '25/03/2011', 241, 171);
insert into Uplata (UplataID, Iznos, DatumUplate, KlijentID, DogadjajID) values (626, 499.56, '01/04/2010', 194, 122);
insert into Uplata (UplataID, Iznos, DatumUplate, KlijentID, DogadjajID) values (627, 749.14, '03/02/2009', 180, 68);
insert into Uplata (UplataID, Iznos, DatumUplate, KlijentID, DogadjajID) values (628, 582.36, '27/11/2013', 116, 123);
insert into Uplata (UplataID, Iznos, DatumUplate, KlijentID, DogadjajID) values (629, 443.71, '24/03/2013', 104, 675);
insert into Uplata (UplataID, Iznos, DatumUplate, KlijentID, DogadjajID) values (630, 912.98, '03/01/2013', 219, 673);
insert into Uplata (UplataID, Iznos, DatumUplate, KlijentID, DogadjajID) values (631, 79.97, '12/12/2016', 90, 78);
insert into Uplata (UplataID, Iznos, DatumUplate, KlijentID, DogadjajID) values (632, 512.92, '20/01/2012', 283, 239);
insert into Uplata (UplataID, Iznos, DatumUplate, KlijentID, DogadjajID) values (633, 772.42, '22/01/2012', 237, 548);
insert into Uplata (UplataID, Iznos, DatumUplate, KlijentID, DogadjajID) values (634, 803.72, '20/12/2014', 194, 637);
insert into Uplata (UplataID, Iznos, DatumUplate, KlijentID, DogadjajID) values (635, 753.05, '09/11/2018', 45, 665);
insert into Uplata (UplataID, Iznos, DatumUplate, KlijentID, DogadjajID) values (636, 691.09, '15/10/2018', 135, 290);
insert into Uplata (UplataID, Iznos, DatumUplate, KlijentID, DogadjajID) values (637, 249.88, '20/03/2014', 221, 509);
insert into Uplata (UplataID, Iznos, DatumUplate, KlijentID, DogadjajID) values (638, 356.19, '17/04/2016', 248, 289);
insert into Uplata (UplataID, Iznos, DatumUplate, KlijentID, DogadjajID) values (639, 528.17, '24/07/2012', 64, 514);
insert into Uplata (UplataID, Iznos, DatumUplate, KlijentID, DogadjajID) values (640, 225.61, '21/09/2012', 112, 500);
insert into Uplata (UplataID, Iznos, DatumUplate, KlijentID, DogadjajID) values (641, 488.85, '03/06/2013', 19, 232);
insert into Uplata (UplataID, Iznos, DatumUplate, KlijentID, DogadjajID) values (642, 927.57, '06/09/2013', 167, 144);
insert into Uplata (UplataID, Iznos, DatumUplate, KlijentID, DogadjajID) values (643, 141.82, '02/02/2018', 228, 470);
insert into Uplata (UplataID, Iznos, DatumUplate, KlijentID, DogadjajID) values (644, 794.34, '31/12/2014', 98, 87);
insert into Uplata (UplataID, Iznos, DatumUplate, KlijentID, DogadjajID) values (645, 773.93, '19/09/2018', 208, 522);
insert into Uplata (UplataID, Iznos, DatumUplate, KlijentID, DogadjajID) values (646, 766.19, '21/01/2016', 86, 71);
insert into Uplata (UplataID, Iznos, DatumUplate, KlijentID, DogadjajID) values (647, 405.82, '29/03/2017', 123, 152);
insert into Uplata (UplataID, Iznos, DatumUplate, KlijentID, DogadjajID) values (648, 971.72, '15/12/2016', 55, 186);
insert into Uplata (UplataID, Iznos, DatumUplate, KlijentID, DogadjajID) values (649, 921.1, '16/05/2016', 184, 340);
insert into Uplata (UplataID, Iznos, DatumUplate, KlijentID, DogadjajID) values (650, 87.6, '23/07/2010', 78, 88);
insert into Uplata (UplataID, Iznos, DatumUplate, KlijentID, DogadjajID) values (651, 204.69, '06/04/2013', 102, 697);
insert into Uplata (UplataID, Iznos, DatumUplate, KlijentID, DogadjajID) values (652, 712.67, '15/07/2009', 66, 50);
insert into Uplata (UplataID, Iznos, DatumUplate, KlijentID, DogadjajID) values (653, 559.52, '21/10/2009', 106, 31);
insert into Uplata (UplataID, Iznos, DatumUplate, KlijentID, DogadjajID) values (654, 308.39, '31/05/2011', 124, 637);
insert into Uplata (UplataID, Iznos, DatumUplate, KlijentID, DogadjajID) values (655, 973.6, '04/09/2018', 291, 627);
insert into Uplata (UplataID, Iznos, DatumUplate, KlijentID, DogadjajID) values (656, 622.02, '12/10/2011', 10, 231);
insert into Uplata (UplataID, Iznos, DatumUplate, KlijentID, DogadjajID) values (657, 733.74, '24/07/2016', 131, 192);
insert into Uplata (UplataID, Iznos, DatumUplate, KlijentID, DogadjajID) values (658, 744.76, '01/12/2015', 235, 415);
insert into Uplata (UplataID, Iznos, DatumUplate, KlijentID, DogadjajID) values (659, 612.64, '23/08/2014', 144, 561);
insert into Uplata (UplataID, Iznos, DatumUplate, KlijentID, DogadjajID) values (660, 448.72, '29/07/2011', 124, 108);
insert into Uplata (UplataID, Iznos, DatumUplate, KlijentID, DogadjajID) values (661, 453.01, '11/10/2016', 189, 331);
insert into Uplata (UplataID, Iznos, DatumUplate, KlijentID, DogadjajID) values (662, 88.67, '14/02/2013', 260, 457);
insert into Uplata (UplataID, Iznos, DatumUplate, KlijentID, DogadjajID) values (663, 847.44, '07/11/2017', 147, 582);
insert into Uplata (UplataID, Iznos, DatumUplate, KlijentID, DogadjajID) values (664, 447.71, '21/08/2010', 205, 362);
insert into Uplata (UplataID, Iznos, DatumUplate, KlijentID, DogadjajID) values (665, 784.05, '04/10/2017', 248, 175);
insert into Uplata (UplataID, Iznos, DatumUplate, KlijentID, DogadjajID) values (666, 635.65, '31/01/2012', 11, 325);
insert into Uplata (UplataID, Iznos, DatumUplate, KlijentID, DogadjajID) values (667, 880.05, '08/12/2018', 139, 38);
insert into Uplata (UplataID, Iznos, DatumUplate, KlijentID, DogadjajID) values (668, 327.66, '30/04/2014', 262, 170);
insert into Uplata (UplataID, Iznos, DatumUplate, KlijentID, DogadjajID) values (669, 599.72, '12/06/2009', 46, 91);
insert into Uplata (UplataID, Iznos, DatumUplate, KlijentID, DogadjajID) values (670, 300.35, '21/12/2016', 204, 164);
insert into Uplata (UplataID, Iznos, DatumUplate, KlijentID, DogadjajID) values (671, 428.16, '10/11/2018', 271, 557);
insert into Uplata (UplataID, Iznos, DatumUplate, KlijentID, DogadjajID) values (672, 260.43, '29/07/2012', 45, 2);
insert into Uplata (UplataID, Iznos, DatumUplate, KlijentID, DogadjajID) values (673, 930.64, '24/05/2010', 241, 88);
insert into Uplata (UplataID, Iznos, DatumUplate, KlijentID, DogadjajID) values (674, 559.2, '31/08/2010', 4, 255);
insert into Uplata (UplataID, Iznos, DatumUplate, KlijentID, DogadjajID) values (675, 437.09, '08/09/2011', 114, 537);
insert into Uplata (UplataID, Iznos, DatumUplate, KlijentID, DogadjajID) values (676, 667.5, '06/02/2012', 182, 640);
insert into Uplata (UplataID, Iznos, DatumUplate, KlijentID, DogadjajID) values (677, 325.97, '13/07/2010', 24, 649);
insert into Uplata (UplataID, Iznos, DatumUplate, KlijentID, DogadjajID) values (678, 196.73, '23/04/2012', 184, 542);
insert into Uplata (UplataID, Iznos, DatumUplate, KlijentID, DogadjajID) values (679, 394.58, '19/03/2013', 25, 445);
insert into Uplata (UplataID, Iznos, DatumUplate, KlijentID, DogadjajID) values (680, 479.98, '15/04/2014', 43, 204);
insert into Uplata (UplataID, Iznos, DatumUplate, KlijentID, DogadjajID) values (681, 439.34, '28/12/2014', 230, 642);
insert into Uplata (UplataID, Iznos, DatumUplate, KlijentID, DogadjajID) values (682, 806.0, '11/01/2015', 149, 322);
insert into Uplata (UplataID, Iznos, DatumUplate, KlijentID, DogadjajID) values (683, 675.67, '10/12/2017', 288, 43);
insert into Uplata (UplataID, Iznos, DatumUplate, KlijentID, DogadjajID) values (684, 213.5, '26/01/2017', 45, 488);
insert into Uplata (UplataID, Iznos, DatumUplate, KlijentID, DogadjajID) values (685, 306.3, '25/06/2018', 178, 136);
insert into Uplata (UplataID, Iznos, DatumUplate, KlijentID, DogadjajID) values (686, 424.27, '03/02/2014', 123, 185);
insert into Uplata (UplataID, Iznos, DatumUplate, KlijentID, DogadjajID) values (687, 358.08, '25/06/2012', 147, 270);
insert into Uplata (UplataID, Iznos, DatumUplate, KlijentID, DogadjajID) values (688, 389.75, '23/06/2014', 245, 535);
insert into Uplata (UplataID, Iznos, DatumUplate, KlijentID, DogadjajID) values (689, 138.4, '18/12/2015', 75, 169);
insert into Uplata (UplataID, Iznos, DatumUplate, KlijentID, DogadjajID) values (690, 114.28, '18/06/2017', 64, 433);
insert into Uplata (UplataID, Iznos, DatumUplate, KlijentID, DogadjajID) values (691, 331.3, '15/03/2015', 8, 155);
insert into Uplata (UplataID, Iznos, DatumUplate, KlijentID, DogadjajID) values (692, 834.56, '08/02/2015', 249, 203);
insert into Uplata (UplataID, Iznos, DatumUplate, KlijentID, DogadjajID) values (693, 640.24, '28/10/2015', 281, 264);
insert into Uplata (UplataID, Iznos, DatumUplate, KlijentID, DogadjajID) values (694, 533.62, '06/05/2011', 145, 415);
insert into Uplata (UplataID, Iznos, DatumUplate, KlijentID, DogadjajID) values (695, 328.63, '28/07/2017', 270, 290);
insert into Uplata (UplataID, Iznos, DatumUplate, KlijentID, DogadjajID) values (696, 440.09, '13/10/2017', 203, 462);
insert into Uplata (UplataID, Iznos, DatumUplate, KlijentID, DogadjajID) values (697, 260.44, '23/04/2018', 231, 191);
insert into Uplata (UplataID, Iznos, DatumUplate, KlijentID, DogadjajID) values (698, 861.8, '02/12/2014', 270, 22);
insert into Uplata (UplataID, Iznos, DatumUplate, KlijentID, DogadjajID) values (699, 876.7, '23/06/2017', 6, 696);
insert into Uplata (UplataID, Iznos, DatumUplate, KlijentID, DogadjajID) values (700, 869.31, '28/07/2009', 202, 608);
insert into Uplata (UplataID, Iznos, DatumUplate, KlijentID, DogadjajID) values (701, 755.91, '19/08/2015', 129, 368);
insert into Uplata (UplataID, Iznos, DatumUplate, KlijentID, DogadjajID) values (702, 634.41, '12/02/2011', 139, 474);
insert into Uplata (UplataID, Iznos, DatumUplate, KlijentID, DogadjajID) values (703, 535.98, '06/05/2017', 28, 450);
insert into Uplata (UplataID, Iznos, DatumUplate, KlijentID, DogadjajID) values (704, 439.49, '15/12/2011', 204, 483);
insert into Uplata (UplataID, Iznos, DatumUplate, KlijentID, DogadjajID) values (705, 383.1, '08/08/2013', 196, 431);
insert into Uplata (UplataID, Iznos, DatumUplate, KlijentID, DogadjajID) values (706, 98.86, '20/07/2012', 247, 554);
insert into Uplata (UplataID, Iznos, DatumUplate, KlijentID, DogadjajID) values (707, 920.43, '07/09/2015', 137, 68);
insert into Uplata (UplataID, Iznos, DatumUplate, KlijentID, DogadjajID) values (708, 451.14, '15/04/2012', 67, 353);
insert into Uplata (UplataID, Iznos, DatumUplate, KlijentID, DogadjajID) values (709, 241.26, '27/04/2017', 286, 333);
insert into Uplata (UplataID, Iznos, DatumUplate, KlijentID, DogadjajID) values (710, 528.34, '04/09/2014', 288, 117);
insert into Uplata (UplataID, Iznos, DatumUplate, KlijentID, DogadjajID) values (711, 202.56, '23/07/2014', 69, 575);
insert into Uplata (UplataID, Iznos, DatumUplate, KlijentID, DogadjajID) values (712, 941.18, '20/01/2018', 260, 105);
insert into Uplata (UplataID, Iznos, DatumUplate, KlijentID, DogadjajID) values (713, 779.53, '28/12/2014', 105, 625);
insert into Uplata (UplataID, Iznos, DatumUplate, KlijentID, DogadjajID) values (714, 545.47, '13/09/2016', 288, 27);
insert into Uplata (UplataID, Iznos, DatumUplate, KlijentID, DogadjajID) values (715, 905.71, '14/04/2014', 100, 637);
insert into Uplata (UplataID, Iznos, DatumUplate, KlijentID, DogadjajID) values (716, 653.55, '14/10/2015', 178, 227);
insert into Uplata (UplataID, Iznos, DatumUplate, KlijentID, DogadjajID) values (717, 628.25, '30/11/2017', 231, 349);
insert into Uplata (UplataID, Iznos, DatumUplate, KlijentID, DogadjajID) values (718, 597.24, '25/02/2016', 51, 507);
insert into Uplata (UplataID, Iznos, DatumUplate, KlijentID, DogadjajID) values (719, 878.82, '20/05/2010', 295, 288);
insert into Uplata (UplataID, Iznos, DatumUplate, KlijentID, DogadjajID) values (720, 314.63, '10/01/2014', 51, 594);
insert into Uplata (UplataID, Iznos, DatumUplate, KlijentID, DogadjajID) values (721, 824.01, '17/02/2011', 87, 670);
insert into Uplata (UplataID, Iznos, DatumUplate, KlijentID, DogadjajID) values (722, 132.05, '22/08/2012', 89, 689);
insert into Uplata (UplataID, Iznos, DatumUplate, KlijentID, DogadjajID) values (723, 111.85, '19/07/2018', 187, 657);
insert into Uplata (UplataID, Iznos, DatumUplate, KlijentID, DogadjajID) values (724, 369.2, '18/06/2010', 197, 184);
insert into Uplata (UplataID, Iznos, DatumUplate, KlijentID, DogadjajID) values (725, 862.52, '27/11/2017', 130, 17);
insert into Uplata (UplataID, Iznos, DatumUplate, KlijentID, DogadjajID) values (726, 334.26, '06/11/2018', 13, 561);
insert into Uplata (UplataID, Iznos, DatumUplate, KlijentID, DogadjajID) values (727, 815.47, '28/02/2010', 290, 203);
insert into Uplata (UplataID, Iznos, DatumUplate, KlijentID, DogadjajID) values (728, 810.41, '14/11/2009', 13, 530);
insert into Uplata (UplataID, Iznos, DatumUplate, KlijentID, DogadjajID) values (729, 879.78, '06/08/2016', 178, 93);
insert into Uplata (UplataID, Iznos, DatumUplate, KlijentID, DogadjajID) values (730, 295.11, '29/10/2010', 225, 103);
insert into Uplata (UplataID, Iznos, DatumUplate, KlijentID, DogadjajID) values (731, 756.16, '11/02/2012', 77, 10);
insert into Uplata (UplataID, Iznos, DatumUplate, KlijentID, DogadjajID) values (732, 253.26, '16/06/2014', 187, 596);
insert into Uplata (UplataID, Iznos, DatumUplate, KlijentID, DogadjajID) values (733, 567.9, '24/06/2010', 13, 179);
insert into Uplata (UplataID, Iznos, DatumUplate, KlijentID, DogadjajID) values (734, 713.14, '14/07/2013', 182, 135);
insert into Uplata (UplataID, Iznos, DatumUplate, KlijentID, DogadjajID) values (735, 474.37, '17/07/2009', 58, 37);
insert into Uplata (UplataID, Iznos, DatumUplate, KlijentID, DogadjajID) values (736, 210.66, '21/12/2013', 215, 53);
insert into Uplata (UplataID, Iznos, DatumUplate, KlijentID, DogadjajID) values (737, 540.15, '03/08/2018', 115, 375);
insert into Uplata (UplataID, Iznos, DatumUplate, KlijentID, DogadjajID) values (738, 675.88, '18/09/2016', 212, 127);
insert into Uplata (UplataID, Iznos, DatumUplate, KlijentID, DogadjajID) values (739, 492.62, '23/05/2017', 5, 12);
insert into Uplata (UplataID, Iznos, DatumUplate, KlijentID, DogadjajID) values (740, 105.24, '18/10/2011', 212, 68);
insert into Uplata (UplataID, Iznos, DatumUplate, KlijentID, DogadjajID) values (741, 158.88, '06/04/2011', 75, 445);
insert into Uplata (UplataID, Iznos, DatumUplate, KlijentID, DogadjajID) values (742, 330.99, '14/05/2014', 177, 381);
insert into Uplata (UplataID, Iznos, DatumUplate, KlijentID, DogadjajID) values (743, 930.67, '13/01/2014', 234, 553);
insert into Uplata (UplataID, Iznos, DatumUplate, KlijentID, DogadjajID) values (744, 981.27, '27/08/2018', 114, 308);
insert into Uplata (UplataID, Iznos, DatumUplate, KlijentID, DogadjajID) values (745, 670.91, '09/09/2018', 289, 112);
insert into Uplata (UplataID, Iznos, DatumUplate, KlijentID, DogadjajID) values (746, 669.32, '30/08/2016', 296, 279);
insert into Uplata (UplataID, Iznos, DatumUplate, KlijentID, DogadjajID) values (747, 311.88, '23/12/2011', 88, 565);
insert into Uplata (UplataID, Iznos, DatumUplate, KlijentID, DogadjajID) values (748, 803.52, '08/02/2014', 10, 594);
insert into Uplata (UplataID, Iznos, DatumUplate, KlijentID, DogadjajID) values (749, 514.83, '14/09/2010', 48, 205);
insert into Uplata (UplataID, Iznos, DatumUplate, KlijentID, DogadjajID) values (750, 287.04, '14/04/2018', 150, 264);
insert into Uplata (UplataID, Iznos, DatumUplate, KlijentID, DogadjajID) values (751, 213.16, '24/07/2017', 208, 301);
insert into Uplata (UplataID, Iznos, DatumUplate, KlijentID, DogadjajID) values (752, 467.8, '26/12/2014', 295, 693);
insert into Uplata (UplataID, Iznos, DatumUplate, KlijentID, DogadjajID) values (753, 109.59, '29/05/2014', 233, 431);
insert into Uplata (UplataID, Iznos, DatumUplate, KlijentID, DogadjajID) values (754, 631.3, '10/04/2015', 282, 358);
insert into Uplata (UplataID, Iznos, DatumUplate, KlijentID, DogadjajID) values (755, 252.58, '29/05/2013', 108, 452);
insert into Uplata (UplataID, Iznos, DatumUplate, KlijentID, DogadjajID) values (756, 108.26, '20/07/2018', 118, 122);
insert into Uplata (UplataID, Iznos, DatumUplate, KlijentID, DogadjajID) values (757, 495.97, '24/06/2016', 284, 385);
insert into Uplata (UplataID, Iznos, DatumUplate, KlijentID, DogadjajID) values (758, 864.21, '06/09/2016', 85, 297);
insert into Uplata (UplataID, Iznos, DatumUplate, KlijentID, DogadjajID) values (759, 924.98, '09/03/2015', 203, 511);
insert into Uplata (UplataID, Iznos, DatumUplate, KlijentID, DogadjajID) values (760, 861.31, '07/01/2011', 32, 168);
insert into Uplata (UplataID, Iznos, DatumUplate, KlijentID, DogadjajID) values (761, 686.14, '28/09/2016', 159, 433);
insert into Uplata (UplataID, Iznos, DatumUplate, KlijentID, DogadjajID) values (762, 488.98, '29/01/2013', 115, 391);
insert into Uplata (UplataID, Iznos, DatumUplate, KlijentID, DogadjajID) values (763, 864.89, '02/05/2014', 259, 358);
insert into Uplata (UplataID, Iznos, DatumUplate, KlijentID, DogadjajID) values (764, 854.7, '29/10/2012', 99, 363);
insert into Uplata (UplataID, Iznos, DatumUplate, KlijentID, DogadjajID) values (765, 968.23, '18/04/2014', 92, 32);
insert into Uplata (UplataID, Iznos, DatumUplate, KlijentID, DogadjajID) values (766, 584.06, '04/11/2011', 114, 632);
insert into Uplata (UplataID, Iznos, DatumUplate, KlijentID, DogadjajID) values (767, 936.94, '12/12/2009', 236, 144);
insert into Uplata (UplataID, Iznos, DatumUplate, KlijentID, DogadjajID) values (768, 174.27, '06/12/2017', 70, 322);
insert into Uplata (UplataID, Iznos, DatumUplate, KlijentID, DogadjajID) values (769, 991.3, '25/05/2011', 258, 295);
insert into Uplata (UplataID, Iznos, DatumUplate, KlijentID, DogadjajID) values (770, 147.39, '01/02/2009', 73, 390);
insert into Uplata (UplataID, Iznos, DatumUplate, KlijentID, DogadjajID) values (771, 239.16, '06/10/2015', 64, 343);
insert into Uplata (UplataID, Iznos, DatumUplate, KlijentID, DogadjajID) values (772, 784.42, '15/05/2010', 299, 522);
insert into Uplata (UplataID, Iznos, DatumUplate, KlijentID, DogadjajID) values (773, 193.8, '07/11/2017', 221, 488);
insert into Uplata (UplataID, Iznos, DatumUplate, KlijentID, DogadjajID) values (774, 338.85, '10/09/2018', 279, 600);
insert into Uplata (UplataID, Iznos, DatumUplate, KlijentID, DogadjajID) values (775, 206.08, '08/12/2017', 80, 476);
insert into Uplata (UplataID, Iznos, DatumUplate, KlijentID, DogadjajID) values (776, 888.4, '29/06/2015', 209, 578);
insert into Uplata (UplataID, Iznos, DatumUplate, KlijentID, DogadjajID) values (777, 274.22, '10/04/2014', 215, 678);
insert into Uplata (UplataID, Iznos, DatumUplate, KlijentID, DogadjajID) values (778, 61.27, '21/03/2015', 294, 342);
insert into Uplata (UplataID, Iznos, DatumUplate, KlijentID, DogadjajID) values (779, 240.95, '14/10/2013', 258, 148);
insert into Uplata (UplataID, Iznos, DatumUplate, KlijentID, DogadjajID) values (780, 496.96, '14/05/2016', 175, 416);
insert into Uplata (UplataID, Iznos, DatumUplate, KlijentID, DogadjajID) values (781, 323.24, '01/03/2012', 147, 468);
insert into Uplata (UplataID, Iznos, DatumUplate, KlijentID, DogadjajID) values (782, 789.21, '13/10/2016', 191, 343);
insert into Uplata (UplataID, Iznos, DatumUplate, KlijentID, DogadjajID) values (783, 430.59, '09/02/2010', 291, 299);
insert into Uplata (UplataID, Iznos, DatumUplate, KlijentID, DogadjajID) values (784, 696.98, '10/03/2016', 192, 324);
insert into Uplata (UplataID, Iznos, DatumUplate, KlijentID, DogadjajID) values (785, 316.9, '27/01/2016', 70, 273);
insert into Uplata (UplataID, Iznos, DatumUplate, KlijentID, DogadjajID) values (786, 323.66, '28/06/2013', 54, 47);
insert into Uplata (UplataID, Iznos, DatumUplate, KlijentID, DogadjajID) values (787, 325.31, '14/06/2010', 56, 285);
insert into Uplata (UplataID, Iznos, DatumUplate, KlijentID, DogadjajID) values (788, 489.24, '16/03/2011', 104, 419);
insert into Uplata (UplataID, Iznos, DatumUplate, KlijentID, DogadjajID) values (789, 198.67, '18/01/2016', 95, 678);
insert into Uplata (UplataID, Iznos, DatumUplate, KlijentID, DogadjajID) values (790, 881.53, '13/02/2010', 118, 334);
insert into Uplata (UplataID, Iznos, DatumUplate, KlijentID, DogadjajID) values (791, 302.36, '25/01/2017', 18, 71);
insert into Uplata (UplataID, Iznos, DatumUplate, KlijentID, DogadjajID) values (792, 960.21, '18/01/2018', 171, 90);
insert into Uplata (UplataID, Iznos, DatumUplate, KlijentID, DogadjajID) values (793, 459.24, '06/01/2010', 119, 331);
insert into Uplata (UplataID, Iznos, DatumUplate, KlijentID, DogadjajID) values (794, 202.51, '19/05/2012', 200, 669);
insert into Uplata (UplataID, Iznos, DatumUplate, KlijentID, DogadjajID) values (795, 526.82, '23/07/2015', 56, 490);
insert into Uplata (UplataID, Iznos, DatumUplate, KlijentID, DogadjajID) values (796, 384.27, '17/07/2010', 203, 40);
insert into Uplata (UplataID, Iznos, DatumUplate, KlijentID, DogadjajID) values (797, 644.08, '22/12/2018', 16, 40);
insert into Uplata (UplataID, Iznos, DatumUplate, KlijentID, DogadjajID) values (798, 518.42, '02/11/2013', 6, 90);
insert into Uplata (UplataID, Iznos, DatumUplate, KlijentID, DogadjajID) values (799, 677.82, '06/04/2014', 179, 433);
insert into Uplata (UplataID, Iznos, DatumUplate, KlijentID, DogadjajID) values (800, 626.02, '28/06/2014', 12, 64);
insert into Uplata (UplataID, Iznos, DatumUplate, KlijentID, DogadjajID) values (801, 946.21, '19/07/2017', 147, 100);
insert into Uplata (UplataID, Iznos, DatumUplate, KlijentID, DogadjajID) values (802, 443.02, '29/03/2013', 83, 268);
insert into Uplata (UplataID, Iznos, DatumUplate, KlijentID, DogadjajID) values (803, 343.51, '18/06/2015', 66, 74);
insert into Uplata (UplataID, Iznos, DatumUplate, KlijentID, DogadjajID) values (804, 892.79, '28/11/2014', 214, 606);
insert into Uplata (UplataID, Iznos, DatumUplate, KlijentID, DogadjajID) values (805, 173.23, '17/10/2017', 117, 284);
insert into Uplata (UplataID, Iznos, DatumUplate, KlijentID, DogadjajID) values (806, 634.72, '10/11/2013', 156, 451);
insert into Uplata (UplataID, Iznos, DatumUplate, KlijentID, DogadjajID) values (807, 122.53, '30/11/2010', 174, 235);
insert into Uplata (UplataID, Iznos, DatumUplate, KlijentID, DogadjajID) values (808, 478.54, '16/10/2016', 128, 294);
insert into Uplata (UplataID, Iznos, DatumUplate, KlijentID, DogadjajID) values (809, 186.3, '06/06/2009', 285, 117);
insert into Uplata (UplataID, Iznos, DatumUplate, KlijentID, DogadjajID) values (810, 717.59, '29/08/2009', 110, 228);
insert into Uplata (UplataID, Iznos, DatumUplate, KlijentID, DogadjajID) values (811, 738.92, '17/11/2012', 189, 426);
insert into Uplata (UplataID, Iznos, DatumUplate, KlijentID, DogadjajID) values (812, 439.69, '19/11/2014', 113, 396);
insert into Uplata (UplataID, Iznos, DatumUplate, KlijentID, DogadjajID) values (813, 433.92, '06/08/2016', 106, 20);
insert into Uplata (UplataID, Iznos, DatumUplate, KlijentID, DogadjajID) values (814, 386.05, '05/05/2009', 62, 597);
insert into Uplata (UplataID, Iznos, DatumUplate, KlijentID, DogadjajID) values (815, 741.19, '13/11/2018', 161, 537);
insert into Uplata (UplataID, Iznos, DatumUplate, KlijentID, DogadjajID) values (816, 125.59, '23/04/2018', 120, 160);
insert into Uplata (UplataID, Iznos, DatumUplate, KlijentID, DogadjajID) values (817, 592.53, '25/07/2015', 78, 569);
insert into Uplata (UplataID, Iznos, DatumUplate, KlijentID, DogadjajID) values (818, 688.32, '07/10/2016', 32, 256);
insert into Uplata (UplataID, Iznos, DatumUplate, KlijentID, DogadjajID) values (819, 527.92, '18/01/2017', 217, 382);
insert into Uplata (UplataID, Iznos, DatumUplate, KlijentID, DogadjajID) values (820, 733.89, '27/07/2010', 43, 88);
insert into Uplata (UplataID, Iznos, DatumUplate, KlijentID, DogadjajID) values (821, 524.4, '22/10/2009', 148, 694);
insert into Uplata (UplataID, Iznos, DatumUplate, KlijentID, DogadjajID) values (822, 370.01, '24/04/2016', 162, 579);
insert into Uplata (UplataID, Iznos, DatumUplate, KlijentID, DogadjajID) values (823, 634.58, '22/12/2012', 191, 263);
insert into Uplata (UplataID, Iznos, DatumUplate, KlijentID, DogadjajID) values (824, 321.89, '27/05/2013', 111, 61);
insert into Uplata (UplataID, Iznos, DatumUplate, KlijentID, DogadjajID) values (825, 722.44, '13/03/2015', 133, 213);
insert into Uplata (UplataID, Iznos, DatumUplate, KlijentID, DogadjajID) values (826, 239.37, '10/05/2009', 174, 304);
insert into Uplata (UplataID, Iznos, DatumUplate, KlijentID, DogadjajID) values (827, 342.93, '27/10/2015', 30, 660);
insert into Uplata (UplataID, Iznos, DatumUplate, KlijentID, DogadjajID) values (828, 973.06, '28/07/2013', 197, 322);
insert into Uplata (UplataID, Iznos, DatumUplate, KlijentID, DogadjajID) values (829, 394.47, '25/07/2009', 249, 97);
insert into Uplata (UplataID, Iznos, DatumUplate, KlijentID, DogadjajID) values (830, 327.63, '03/05/2011', 289, 528);
insert into Uplata (UplataID, Iznos, DatumUplate, KlijentID, DogadjajID) values (831, 311.25, '22/02/2017', 178, 589);
insert into Uplata (UplataID, Iznos, DatumUplate, KlijentID, DogadjajID) values (832, 408.1, '12/03/2017', 95, 5);
insert into Uplata (UplataID, Iznos, DatumUplate, KlijentID, DogadjajID) values (833, 806.84, '04/03/2014', 103, 37);
insert into Uplata (UplataID, Iznos, DatumUplate, KlijentID, DogadjajID) values (834, 865.12, '05/08/2016', 113, 639);
insert into Uplata (UplataID, Iznos, DatumUplate, KlijentID, DogadjajID) values (835, 708.31, '07/04/2012', 177, 55);
insert into Uplata (UplataID, Iznos, DatumUplate, KlijentID, DogadjajID) values (836, 696.56, '12/02/2015', 223, 660);
insert into Uplata (UplataID, Iznos, DatumUplate, KlijentID, DogadjajID) values (837, 60.74, '22/11/2011', 105, 212);
insert into Uplata (UplataID, Iznos, DatumUplate, KlijentID, DogadjajID) values (838, 554.99, '22/12/2009', 227, 324);
insert into Uplata (UplataID, Iznos, DatumUplate, KlijentID, DogadjajID) values (839, 875.26, '08/07/2017', 250, 372);
insert into Uplata (UplataID, Iznos, DatumUplate, KlijentID, DogadjajID) values (840, 852.78, '13/11/2014', 139, 557);
insert into Uplata (UplataID, Iznos, DatumUplate, KlijentID, DogadjajID) values (841, 746.4, '07/12/2016', 282, 197);
insert into Uplata (UplataID, Iznos, DatumUplate, KlijentID, DogadjajID) values (842, 761.0, '01/07/2014', 204, 334);
insert into Uplata (UplataID, Iznos, DatumUplate, KlijentID, DogadjajID) values (843, 215.83, '04/03/2010', 21, 94);
insert into Uplata (UplataID, Iznos, DatumUplate, KlijentID, DogadjajID) values (844, 849.53, '01/10/2018', 98, 114);
insert into Uplata (UplataID, Iznos, DatumUplate, KlijentID, DogadjajID) values (845, 576.25, '20/07/2011', 15, 478);
insert into Uplata (UplataID, Iznos, DatumUplate, KlijentID, DogadjajID) values (846, 464.09, '15/02/2009', 163, 82);
insert into Uplata (UplataID, Iznos, DatumUplate, KlijentID, DogadjajID) values (847, 136.17, '02/10/2017', 105, 71);
insert into Uplata (UplataID, Iznos, DatumUplate, KlijentID, DogadjajID) values (848, 207.14, '26/01/2014', 198, 198);
insert into Uplata (UplataID, Iznos, DatumUplate, KlijentID, DogadjajID) values (849, 268.53, '04/11/2010', 179, 69);
insert into Uplata (UplataID, Iznos, DatumUplate, KlijentID, DogadjajID) values (850, 337.13, '04/11/2011', 293, 74);
insert into Uplata (UplataID, Iznos, DatumUplate, KlijentID, DogadjajID) values (851, 651.35, '23/02/2012', 105, 30);
insert into Uplata (UplataID, Iznos, DatumUplate, KlijentID, DogadjajID) values (852, 92.67, '30/07/2016', 242, 353);
insert into Uplata (UplataID, Iznos, DatumUplate, KlijentID, DogadjajID) values (853, 681.2, '27/09/2012', 60, 355);
insert into Uplata (UplataID, Iznos, DatumUplate, KlijentID, DogadjajID) values (854, 544.94, '03/02/2009', 114, 330);
insert into Uplata (UplataID, Iznos, DatumUplate, KlijentID, DogadjajID) values (855, 892.9, '26/01/2016', 215, 256);
insert into Uplata (UplataID, Iznos, DatumUplate, KlijentID, DogadjajID) values (856, 536.93, '20/08/2014', 282, 554);
insert into Uplata (UplataID, Iznos, DatumUplate, KlijentID, DogadjajID) values (857, 756.11, '18/09/2012', 21, 613);
insert into Uplata (UplataID, Iznos, DatumUplate, KlijentID, DogadjajID) values (858, 579.5, '08/07/2017', 50, 1);
insert into Uplata (UplataID, Iznos, DatumUplate, KlijentID, DogadjajID) values (859, 484.87, '27/08/2015', 58, 110);
insert into Uplata (UplataID, Iznos, DatumUplate, KlijentID, DogadjajID) values (860, 178.74, '25/07/2012', 210, 281);
insert into Uplata (UplataID, Iznos, DatumUplate, KlijentID, DogadjajID) values (861, 970.77, '09/07/2011', 144, 105);
insert into Uplata (UplataID, Iznos, DatumUplate, KlijentID, DogadjajID) values (862, 983.52, '10/07/2011', 295, 481);
insert into Uplata (UplataID, Iznos, DatumUplate, KlijentID, DogadjajID) values (863, 637.1, '17/10/2013', 213, 59);
insert into Uplata (UplataID, Iznos, DatumUplate, KlijentID, DogadjajID) values (864, 888.57, '21/03/2011', 11, 268);
insert into Uplata (UplataID, Iznos, DatumUplate, KlijentID, DogadjajID) values (865, 785.49, '06/02/2012', 110, 401);
insert into Uplata (UplataID, Iznos, DatumUplate, KlijentID, DogadjajID) values (866, 139.08, '09/09/2016', 205, 510);
insert into Uplata (UplataID, Iznos, DatumUplate, KlijentID, DogadjajID) values (867, 704.27, '13/06/2009', 72, 336);
insert into Uplata (UplataID, Iznos, DatumUplate, KlijentID, DogadjajID) values (868, 237.41, '13/12/2011', 35, 86);
insert into Uplata (UplataID, Iznos, DatumUplate, KlijentID, DogadjajID) values (869, 942.33, '02/12/2013', 227, 579);
insert into Uplata (UplataID, Iznos, DatumUplate, KlijentID, DogadjajID) values (870, 328.78, '16/10/2016', 125, 451);
insert into Uplata (UplataID, Iznos, DatumUplate, KlijentID, DogadjajID) values (871, 975.31, '18/11/2011', 94, 307);
insert into Uplata (UplataID, Iznos, DatumUplate, KlijentID, DogadjajID) values (872, 127.73, '25/06/2013', 75, 432);
insert into Uplata (UplataID, Iznos, DatumUplate, KlijentID, DogadjajID) values (873, 755.28, '22/12/2012', 147, 435);
insert into Uplata (UplataID, Iznos, DatumUplate, KlijentID, DogadjajID) values (874, 93.63, '26/04/2011', 75, 514);
insert into Uplata (UplataID, Iznos, DatumUplate, KlijentID, DogadjajID) values (875, 968.96, '20/06/2012', 237, 438);
insert into Uplata (UplataID, Iznos, DatumUplate, KlijentID, DogadjajID) values (876, 315.54, '24/12/2018', 272, 532);
insert into Uplata (UplataID, Iznos, DatumUplate, KlijentID, DogadjajID) values (877, 535.16, '16/10/2018', 221, 66);
insert into Uplata (UplataID, Iznos, DatumUplate, KlijentID, DogadjajID) values (878, 836.61, '10/12/2011', 157, 136);
insert into Uplata (UplataID, Iznos, DatumUplate, KlijentID, DogadjajID) values (879, 325.99, '29/03/2017', 152, 500);
insert into Uplata (UplataID, Iznos, DatumUplate, KlijentID, DogadjajID) values (880, 54.87, '07/10/2012', 218, 468);
insert into Uplata (UplataID, Iznos, DatumUplate, KlijentID, DogadjajID) values (881, 920.09, '11/06/2011', 69, 687);
insert into Uplata (UplataID, Iznos, DatumUplate, KlijentID, DogadjajID) values (882, 982.11, '22/09/2017', 171, 376);
insert into Uplata (UplataID, Iznos, DatumUplate, KlijentID, DogadjajID) values (883, 734.17, '27/03/2018', 300, 389);
insert into Uplata (UplataID, Iznos, DatumUplate, KlijentID, DogadjajID) values (884, 296.89, '02/01/2012', 42, 361);
insert into Uplata (UplataID, Iznos, DatumUplate, KlijentID, DogadjajID) values (885, 207.72, '01/06/2017', 254, 591);
insert into Uplata (UplataID, Iznos, DatumUplate, KlijentID, DogadjajID) values (886, 319.16, '13/06/2016', 49, 170);
insert into Uplata (UplataID, Iznos, DatumUplate, KlijentID, DogadjajID) values (887, 786.97, '14/05/2011', 162, 260);
insert into Uplata (UplataID, Iznos, DatumUplate, KlijentID, DogadjajID) values (888, 870.86, '13/08/2013', 159, 522);
insert into Uplata (UplataID, Iznos, DatumUplate, KlijentID, DogadjajID) values (889, 459.19, '05/05/2015', 206, 429);
insert into Uplata (UplataID, Iznos, DatumUplate, KlijentID, DogadjajID) values (890, 210.1, '02/06/2015', 119, 203);
insert into Uplata (UplataID, Iznos, DatumUplate, KlijentID, DogadjajID) values (891, 496.28, '09/03/2009', 189, 655);
insert into Uplata (UplataID, Iznos, DatumUplate, KlijentID, DogadjajID) values (892, 689.42, '03/06/2009', 64, 681);
insert into Uplata (UplataID, Iznos, DatumUplate, KlijentID, DogadjajID) values (893, 266.82, '29/03/2018', 297, 593);
insert into Uplata (UplataID, Iznos, DatumUplate, KlijentID, DogadjajID) values (894, 914.51, '05/01/2018', 87, 227);
insert into Uplata (UplataID, Iznos, DatumUplate, KlijentID, DogadjajID) values (895, 800.35, '24/09/2009', 288, 574);
insert into Uplata (UplataID, Iznos, DatumUplate, KlijentID, DogadjajID) values (896, 694.02, '17/04/2018', 201, 603);
insert into Uplata (UplataID, Iznos, DatumUplate, KlijentID, DogadjajID) values (897, 678.37, '11/01/2012', 168, 280);
insert into Uplata (UplataID, Iznos, DatumUplate, KlijentID, DogadjajID) values (898, 134.49, '08/12/2014', 247, 36);
insert into Uplata (UplataID, Iznos, DatumUplate, KlijentID, DogadjajID) values (899, 128.67, '25/11/2016', 199, 46);
insert into Uplata (UplataID, Iznos, DatumUplate, KlijentID, DogadjajID) values (900, 51.8, '28/01/2009', 203, 669);
insert into Uplata (UplataID, Iznos, DatumUplate, KlijentID, DogadjajID) values (901, 379.49, '18/01/2015', 286, 534);
insert into Uplata (UplataID, Iznos, DatumUplate, KlijentID, DogadjajID) values (902, 388.47, '24/09/2014', 292, 570);
insert into Uplata (UplataID, Iznos, DatumUplate, KlijentID, DogadjajID) values (903, 836.59, '26/01/2010', 217, 368);
insert into Uplata (UplataID, Iznos, DatumUplate, KlijentID, DogadjajID) values (904, 704.39, '04/05/2009', 42, 186);
insert into Uplata (UplataID, Iznos, DatumUplate, KlijentID, DogadjajID) values (905, 351.17, '26/11/2018', 176, 273);
insert into Uplata (UplataID, Iznos, DatumUplate, KlijentID, DogadjajID) values (906, 484.04, '15/05/2009', 153, 518);
insert into Uplata (UplataID, Iznos, DatumUplate, KlijentID, DogadjajID) values (907, 863.77, '02/02/2010', 148, 628);
insert into Uplata (UplataID, Iznos, DatumUplate, KlijentID, DogadjajID) values (908, 874.3, '22/10/2016', 260, 217);
insert into Uplata (UplataID, Iznos, DatumUplate, KlijentID, DogadjajID) values (909, 583.34, '13/08/2010', 165, 61);
insert into Uplata (UplataID, Iznos, DatumUplate, KlijentID, DogadjajID) values (910, 813.78, '21/01/2010', 273, 152);
insert into Uplata (UplataID, Iznos, DatumUplate, KlijentID, DogadjajID) values (911, 345.86, '11/12/2014', 250, 231);
insert into Uplata (UplataID, Iznos, DatumUplate, KlijentID, DogadjajID) values (912, 424.67, '29/08/2017', 193, 674);
insert into Uplata (UplataID, Iznos, DatumUplate, KlijentID, DogadjajID) values (913, 939.31, '26/11/2013', 109, 444);
insert into Uplata (UplataID, Iznos, DatumUplate, KlijentID, DogadjajID) values (914, 975.21, '24/04/2013', 61, 497);
insert into Uplata (UplataID, Iznos, DatumUplate, KlijentID, DogadjajID) values (915, 613.14, '02/08/2011', 38, 168);
insert into Uplata (UplataID, Iznos, DatumUplate, KlijentID, DogadjajID) values (916, 579.46, '19/06/2011', 171, 579);
insert into Uplata (UplataID, Iznos, DatumUplate, KlijentID, DogadjajID) values (917, 350.56, '26/06/2017', 39, 430);
insert into Uplata (UplataID, Iznos, DatumUplate, KlijentID, DogadjajID) values (918, 455.83, '22/08/2015', 139, 21);
insert into Uplata (UplataID, Iznos, DatumUplate, KlijentID, DogadjajID) values (919, 623.79, '30/10/2017', 186, 445);
insert into Uplata (UplataID, Iznos, DatumUplate, KlijentID, DogadjajID) values (920, 540.78, '19/10/2014', 191, 129);
insert into Uplata (UplataID, Iznos, DatumUplate, KlijentID, DogadjajID) values (921, 756.18, '22/02/2015', 18, 242);
insert into Uplata (UplataID, Iznos, DatumUplate, KlijentID, DogadjajID) values (922, 657.24, '03/07/2018', 2, 373);
insert into Uplata (UplataID, Iznos, DatumUplate, KlijentID, DogadjajID) values (923, 809.26, '21/01/2009', 290, 29);
insert into Uplata (UplataID, Iznos, DatumUplate, KlijentID, DogadjajID) values (924, 806.24, '17/04/2018', 185, 144);
insert into Uplata (UplataID, Iznos, DatumUplate, KlijentID, DogadjajID) values (925, 551.48, '03/12/2016', 14, 629);
insert into Uplata (UplataID, Iznos, DatumUplate, KlijentID, DogadjajID) values (926, 719.89, '03/12/2018', 209, 679);
insert into Uplata (UplataID, Iznos, DatumUplate, KlijentID, DogadjajID) values (927, 57.14, '10/12/2011', 133, 193);
insert into Uplata (UplataID, Iznos, DatumUplate, KlijentID, DogadjajID) values (928, 282.99, '29/06/2009', 162, 136);
insert into Uplata (UplataID, Iznos, DatumUplate, KlijentID, DogadjajID) values (929, 269.62, '11/03/2014', 144, 16);
insert into Uplata (UplataID, Iznos, DatumUplate, KlijentID, DogadjajID) values (930, 601.36, '16/09/2018', 195, 592);
insert into Uplata (UplataID, Iznos, DatumUplate, KlijentID, DogadjajID) values (931, 345.34, '05/07/2013', 48, 523);
insert into Uplata (UplataID, Iznos, DatumUplate, KlijentID, DogadjajID) values (932, 102.9, '12/09/2015', 120, 325);
insert into Uplata (UplataID, Iznos, DatumUplate, KlijentID, DogadjajID) values (933, 675.2, '26/02/2018', 13, 479);
insert into Uplata (UplataID, Iznos, DatumUplate, KlijentID, DogadjajID) values (934, 589.91, '18/09/2017', 285, 15);
insert into Uplata (UplataID, Iznos, DatumUplate, KlijentID, DogadjajID) values (935, 63.31, '02/09/2011', 177, 642);
insert into Uplata (UplataID, Iznos, DatumUplate, KlijentID, DogadjajID) values (936, 525.2, '30/11/2012', 9, 230);
insert into Uplata (UplataID, Iznos, DatumUplate, KlijentID, DogadjajID) values (937, 564.6, '05/06/2015', 252, 347);
insert into Uplata (UplataID, Iznos, DatumUplate, KlijentID, DogadjajID) values (938, 817.68, '04/01/2009', 163, 509);
insert into Uplata (UplataID, Iznos, DatumUplate, KlijentID, DogadjajID) values (939, 905.46, '17/05/2009', 9, 674);
insert into Uplata (UplataID, Iznos, DatumUplate, KlijentID, DogadjajID) values (940, 233.29, '23/08/2017', 217, 410);
insert into Uplata (UplataID, Iznos, DatumUplate, KlijentID, DogadjajID) values (941, 916.89, '10/01/2013', 53, 648);
insert into Uplata (UplataID, Iznos, DatumUplate, KlijentID, DogadjajID) values (942, 737.62, '31/05/2015', 283, 28);
insert into Uplata (UplataID, Iznos, DatumUplate, KlijentID, DogadjajID) values (943, 637.37, '08/01/2012', 149, 172);
insert into Uplata (UplataID, Iznos, DatumUplate, KlijentID, DogadjajID) values (944, 735.57, '22/08/2011', 150, 656);
insert into Uplata (UplataID, Iznos, DatumUplate, KlijentID, DogadjajID) values (945, 199.53, '22/02/2011', 79, 640);
insert into Uplata (UplataID, Iznos, DatumUplate, KlijentID, DogadjajID) values (946, 827.59, '08/02/2012', 91, 254);
insert into Uplata (UplataID, Iznos, DatumUplate, KlijentID, DogadjajID) values (947, 657.87, '13/11/2015', 292, 646);
insert into Uplata (UplataID, Iznos, DatumUplate, KlijentID, DogadjajID) values (948, 402.85, '17/10/2012', 88, 588);
insert into Uplata (UplataID, Iznos, DatumUplate, KlijentID, DogadjajID) values (949, 985.56, '30/01/2009', 146, 335);
insert into Uplata (UplataID, Iznos, DatumUplate, KlijentID, DogadjajID) values (950, 470.2, '21/07/2013', 59, 1);
insert into Uplata (UplataID, Iznos, DatumUplate, KlijentID, DogadjajID) values (951, 351.76, '05/11/2013', 219, 665);
insert into Uplata (UplataID, Iznos, DatumUplate, KlijentID, DogadjajID) values (952, 776.91, '27/08/2016', 244, 426);
insert into Uplata (UplataID, Iznos, DatumUplate, KlijentID, DogadjajID) values (953, 698.92, '19/06/2012', 76, 110);
insert into Uplata (UplataID, Iznos, DatumUplate, KlijentID, DogadjajID) values (954, 797.72, '05/02/2009', 264, 171);
insert into Uplata (UplataID, Iznos, DatumUplate, KlijentID, DogadjajID) values (955, 397.65, '14/05/2017', 135, 480);
insert into Uplata (UplataID, Iznos, DatumUplate, KlijentID, DogadjajID) values (956, 646.62, '27/08/2013', 122, 297);
insert into Uplata (UplataID, Iznos, DatumUplate, KlijentID, DogadjajID) values (957, 698.48, '17/10/2013', 182, 287);
insert into Uplata (UplataID, Iznos, DatumUplate, KlijentID, DogadjajID) values (958, 988.73, '21/12/2012', 82, 82);
insert into Uplata (UplataID, Iznos, DatumUplate, KlijentID, DogadjajID) values (959, 539.98, '06/04/2009', 59, 408);
insert into Uplata (UplataID, Iznos, DatumUplate, KlijentID, DogadjajID) values (960, 979.02, '15/12/2012', 239, 556);
insert into Uplata (UplataID, Iznos, DatumUplate, KlijentID, DogadjajID) values (961, 532.23, '11/03/2013', 117, 198);
insert into Uplata (UplataID, Iznos, DatumUplate, KlijentID, DogadjajID) values (962, 244.48, '06/12/2017', 43, 436);
insert into Uplata (UplataID, Iznos, DatumUplate, KlijentID, DogadjajID) values (963, 664.26, '19/02/2013', 57, 177);
insert into Uplata (UplataID, Iznos, DatumUplate, KlijentID, DogadjajID) values (964, 126.62, '29/01/2009', 183, 253);
insert into Uplata (UplataID, Iznos, DatumUplate, KlijentID, DogadjajID) values (965, 848.63, '18/08/2013', 139, 585);
insert into Uplata (UplataID, Iznos, DatumUplate, KlijentID, DogadjajID) values (966, 668.56, '02/12/2011', 222, 193);
insert into Uplata (UplataID, Iznos, DatumUplate, KlijentID, DogadjajID) values (967, 736.65, '20/04/2015', 131, 610);
insert into Uplata (UplataID, Iznos, DatumUplate, KlijentID, DogadjajID) values (968, 928.62, '08/04/2017', 115, 440);
insert into Uplata (UplataID, Iznos, DatumUplate, KlijentID, DogadjajID) values (969, 438.26, '07/05/2010', 297, 309);
insert into Uplata (UplataID, Iznos, DatumUplate, KlijentID, DogadjajID) values (970, 532.31, '20/02/2009', 178, 320);
insert into Uplata (UplataID, Iznos, DatumUplate, KlijentID, DogadjajID) values (971, 878.9, '03/09/2010', 216, 106);
insert into Uplata (UplataID, Iznos, DatumUplate, KlijentID, DogadjajID) values (972, 198.97, '23/04/2015', 280, 428);
insert into Uplata (UplataID, Iznos, DatumUplate, KlijentID, DogadjajID) values (973, 987.23, '02/02/2013', 147, 195);
insert into Uplata (UplataID, Iznos, DatumUplate, KlijentID, DogadjajID) values (974, 804.5, '25/12/2015', 246, 176);
insert into Uplata (UplataID, Iznos, DatumUplate, KlijentID, DogadjajID) values (975, 770.61, '25/03/2011', 275, 333);
insert into Uplata (UplataID, Iznos, DatumUplate, KlijentID, DogadjajID) values (976, 63.98, '30/11/2015', 263, 254);
insert into Uplata (UplataID, Iznos, DatumUplate, KlijentID, DogadjajID) values (977, 671.69, '17/12/2016', 33, 330);
insert into Uplata (UplataID, Iznos, DatumUplate, KlijentID, DogadjajID) values (978, 691.68, '26/07/2009', 219, 132);
insert into Uplata (UplataID, Iznos, DatumUplate, KlijentID, DogadjajID) values (979, 300.22, '06/09/2012', 68, 314);
insert into Uplata (UplataID, Iznos, DatumUplate, KlijentID, DogadjajID) values (980, 995.04, '05/01/2009', 210, 214);
insert into Uplata (UplataID, Iznos, DatumUplate, KlijentID, DogadjajID) values (981, 84.95, '06/06/2016', 199, 218);
insert into Uplata (UplataID, Iznos, DatumUplate, KlijentID, DogadjajID) values (982, 668.09, '03/08/2010', 204, 110);
insert into Uplata (UplataID, Iznos, DatumUplate, KlijentID, DogadjajID) values (983, 797.65, '27/09/2015', 63, 636);
insert into Uplata (UplataID, Iznos, DatumUplate, KlijentID, DogadjajID) values (984, 192.64, '20/11/2010', 287, 578);
insert into Uplata (UplataID, Iznos, DatumUplate, KlijentID, DogadjajID) values (985, 757.02, '02/08/2015', 189, 237);
insert into Uplata (UplataID, Iznos, DatumUplate, KlijentID, DogadjajID) values (986, 625.25, '13/09/2009', 68, 668);
insert into Uplata (UplataID, Iznos, DatumUplate, KlijentID, DogadjajID) values (987, 448.63, '12/01/2011', 34, 664);
insert into Uplata (UplataID, Iznos, DatumUplate, KlijentID, DogadjajID) values (988, 282.45, '11/08/2017', 79, 368);
insert into Uplata (UplataID, Iznos, DatumUplate, KlijentID, DogadjajID) values (989, 162.78, '03/08/2011', 167, 225);
insert into Uplata (UplataID, Iznos, DatumUplate, KlijentID, DogadjajID) values (990, 448.31, '24/01/2010', 159, 318);
insert into Uplata (UplataID, Iznos, DatumUplate, KlijentID, DogadjajID) values (991, 507.36, '31/03/2015', 279, 56);
insert into Uplata (UplataID, Iznos, DatumUplate, KlijentID, DogadjajID) values (992, 827.96, '06/03/2015', 226, 358);
insert into Uplata (UplataID, Iznos, DatumUplate, KlijentID, DogadjajID) values (993, 459.07, '26/03/2016', 297, 366);
insert into Uplata (UplataID, Iznos, DatumUplate, KlijentID, DogadjajID) values (994, 901.32, '15/03/2011', 87, 200);
insert into Uplata (UplataID, Iznos, DatumUplate, KlijentID, DogadjajID) values (995, 54.2, '12/05/2017', 109, 658);
insert into Uplata (UplataID, Iznos, DatumUplate, KlijentID, DogadjajID) values (996, 883.09, '10/07/2016', 283, 614);
insert into Uplata (UplataID, Iznos, DatumUplate, KlijentID, DogadjajID) values (997, 675.98, '04/04/2017', 142, 327);
insert into Uplata (UplataID, Iznos, DatumUplate, KlijentID, DogadjajID) values (998, 655.01, '25/03/2017', 167, 459);
insert into Uplata (UplataID, Iznos, DatumUplate, KlijentID, DogadjajID) values (999, 423.09, '31/05/2017', 214, 621);
insert into Uplata (UplataID, Iznos, DatumUplate, KlijentID, DogadjajID) values (1000, 757.97, '27/11/2016', 90, 605);

select * from Uplata

insert into Uplata (UplataID, Iznos, DatumUplate, KlijentID, DogadjajID) values (1001, 461.87, '06/08/2018', 246, 305);
insert into Uplata (UplataID, Iznos, DatumUplate, KlijentID, DogadjajID) values (1002, 559.79, '26/06/2015', 228, 186);
insert into Uplata (UplataID, Iznos, DatumUplate, KlijentID, DogadjajID) values (1003, 492.12, '30/08/2010', 230, 227);
insert into Uplata (UplataID, Iznos, DatumUplate, KlijentID, DogadjajID) values (1004, 512.87, '23/05/2014', 141, 528);
insert into Uplata (UplataID, Iznos, DatumUplate, KlijentID, DogadjajID) values (1005, 437.71, '09/02/2011', 42, 609);
insert into Uplata (UplataID, Iznos, DatumUplate, KlijentID, DogadjajID) values (1006, 930.59, '18/03/2017', 231, 206);
insert into Uplata (UplataID, Iznos, DatumUplate, KlijentID, DogadjajID) values (1007, 952.06, '06/09/2013', 2, 587);
insert into Uplata (UplataID, Iznos, DatumUplate, KlijentID, DogadjajID) values (1008, 229.5, '30/08/2012', 98, 218);
insert into Uplata (UplataID, Iznos, DatumUplate, KlijentID, DogadjajID) values (1009, 865.38, '26/09/2009', 23, 291);
insert into Uplata (UplataID, Iznos, DatumUplate, KlijentID, DogadjajID) values (1010, 473.91, '07/07/2016', 98, 132);
insert into Uplata (UplataID, Iznos, DatumUplate, KlijentID, DogadjajID) values (1011, 739.39, '12/12/2017', 175, 185);
insert into Uplata (UplataID, Iznos, DatumUplate, KlijentID, DogadjajID) values (1012, 252.68, '12/01/2013', 203, 155);
insert into Uplata (UplataID, Iznos, DatumUplate, KlijentID, DogadjajID) values (1013, 616.51, '19/01/2017', 254, 474);
insert into Uplata (UplataID, Iznos, DatumUplate, KlijentID, DogadjajID) values (1014, 394.06, '08/12/2010', 171, 12);
insert into Uplata (UplataID, Iznos, DatumUplate, KlijentID, DogadjajID) values (1015, 451.98, '11/06/2012', 199, 258);
insert into Uplata (UplataID, Iznos, DatumUplate, KlijentID, DogadjajID) values (1016, 522.72, '08/03/2017', 44, 613);
insert into Uplata (UplataID, Iznos, DatumUplate, KlijentID, DogadjajID) values (1017, 847.56, '27/06/2009', 255, 47);
insert into Uplata (UplataID, Iznos, DatumUplate, KlijentID, DogadjajID) values (1018, 726.49, '19/12/2015', 251, 279);
insert into Uplata (UplataID, Iznos, DatumUplate, KlijentID, DogadjajID) values (1019, 602.69, '19/12/2012', 137, 656);
insert into Uplata (UplataID, Iznos, DatumUplate, KlijentID, DogadjajID) values (1020, 50.48, '04/02/2009', 235, 175);
insert into Uplata (UplataID, Iznos, DatumUplate, KlijentID, DogadjajID) values (1021, 305.68, '10/08/2018', 154, 417);
insert into Uplata (UplataID, Iznos, DatumUplate, KlijentID, DogadjajID) values (1022, 651.13, '04/08/2011', 52, 336);
insert into Uplata (UplataID, Iznos, DatumUplate, KlijentID, DogadjajID) values (1023, 571.14, '20/09/2010', 281, 91);
insert into Uplata (UplataID, Iznos, DatumUplate, KlijentID, DogadjajID) values (1024, 352.05, '09/04/2016', 161, 681);
insert into Uplata (UplataID, Iznos, DatumUplate, KlijentID, DogadjajID) values (1025, 455.96, '03/09/2014', 245, 418);
insert into Uplata (UplataID, Iznos, DatumUplate, KlijentID, DogadjajID) values (1026, 573.78, '03/08/2017', 238, 383);
insert into Uplata (UplataID, Iznos, DatumUplate, KlijentID, DogadjajID) values (1027, 625.78, '26/09/2010', 284, 578);
insert into Uplata (UplataID, Iznos, DatumUplate, KlijentID, DogadjajID) values (1028, 434.39, '22/03/2014', 33, 402);
insert into Uplata (UplataID, Iznos, DatumUplate, KlijentID, DogadjajID) values (1029, 284.6, '03/03/2017', 12, 44);
insert into Uplata (UplataID, Iznos, DatumUplate, KlijentID, DogadjajID) values (1030, 602.93, '01/12/2018', 127, 18);
insert into Uplata (UplataID, Iznos, DatumUplate, KlijentID, DogadjajID) values (1031, 382.77, '16/06/2009', 229, 48);
insert into Uplata (UplataID, Iznos, DatumUplate, KlijentID, DogadjajID) values (1032, 882.54, '21/06/2016', 122, 188);
insert into Uplata (UplataID, Iznos, DatumUplate, KlijentID, DogadjajID) values (1033, 318.04, '16/09/2014', 250, 62);
insert into Uplata (UplataID, Iznos, DatumUplate, KlijentID, DogadjajID) values (1034, 801.29, '27/08/2016', 260, 137);
insert into Uplata (UplataID, Iznos, DatumUplate, KlijentID, DogadjajID) values (1035, 845.52, '27/03/2011', 221, 420);
insert into Uplata (UplataID, Iznos, DatumUplate, KlijentID, DogadjajID) values (1036, 857.06, '05/04/2014', 279, 367);
insert into Uplata (UplataID, Iznos, DatumUplate, KlijentID, DogadjajID) values (1037, 636.16, '22/04/2012', 91, 544);
insert into Uplata (UplataID, Iznos, DatumUplate, KlijentID, DogadjajID) values (1038, 90.96, '02/05/2013', 232, 457);
insert into Uplata (UplataID, Iznos, DatumUplate, KlijentID, DogadjajID) values (1039, 460.24, '19/09/2014', 250, 582);
insert into Uplata (UplataID, Iznos, DatumUplate, KlijentID, DogadjajID) values (1040, 920.35, '30/11/2015', 107, 94);
insert into Uplata (UplataID, Iznos, DatumUplate, KlijentID, DogadjajID) values (1041, 389.22, '04/05/2018', 95, 564);
insert into Uplata (UplataID, Iznos, DatumUplate, KlijentID, DogadjajID) values (1042, 101.61, '27/07/2011', 245, 671);
insert into Uplata (UplataID, Iznos, DatumUplate, KlijentID, DogadjajID) values (1043, 409.32, '05/03/2011', 251, 612);
insert into Uplata (UplataID, Iznos, DatumUplate, KlijentID, DogadjajID) values (1044, 768.57, '02/09/2009', 19, 125);
insert into Uplata (UplataID, Iznos, DatumUplate, KlijentID, DogadjajID) values (1045, 548.33, '26/07/2011', 151, 360);
insert into Uplata (UplataID, Iznos, DatumUplate, KlijentID, DogadjajID) values (1046, 940.2, '07/01/2014', 102, 496);
insert into Uplata (UplataID, Iznos, DatumUplate, KlijentID, DogadjajID) values (1047, 259.87, '24/10/2017', 286, 632);
insert into Uplata (UplataID, Iznos, DatumUplate, KlijentID, DogadjajID) values (1048, 196.74, '03/02/2016', 134, 12);
insert into Uplata (UplataID, Iznos, DatumUplate, KlijentID, DogadjajID) values (1049, 483.95, '30/06/2012', 115, 542);
insert into Uplata (UplataID, Iznos, DatumUplate, KlijentID, DogadjajID) values (1050, 85.97, '04/04/2018', 129, 208);
insert into Uplata (UplataID, Iznos, DatumUplate, KlijentID, DogadjajID) values (1051, 410.85, '21/01/2011', 124, 414);
insert into Uplata (UplataID, Iznos, DatumUplate, KlijentID, DogadjajID) values (1052, 894.25, '01/08/2012', 158, 369);
insert into Uplata (UplataID, Iznos, DatumUplate, KlijentID, DogadjajID) values (1053, 791.01, '27/09/2018', 89, 51);
insert into Uplata (UplataID, Iznos, DatumUplate, KlijentID, DogadjajID) values (1054, 253.74, '10/02/2017', 32, 49);
insert into Uplata (UplataID, Iznos, DatumUplate, KlijentID, DogadjajID) values (1055, 535.94, '25/02/2013', 122, 580);
insert into Uplata (UplataID, Iznos, DatumUplate, KlijentID, DogadjajID) values (1056, 700.41, '22/05/2015', 96, 609);
insert into Uplata (UplataID, Iznos, DatumUplate, KlijentID, DogadjajID) values (1057, 676.88, '27/12/2012', 206, 421);
insert into Uplata (UplataID, Iznos, DatumUplate, KlijentID, DogadjajID) values (1058, 439.29, '04/11/2010', 91, 5);
insert into Uplata (UplataID, Iznos, DatumUplate, KlijentID, DogadjajID) values (1059, 434.92, '25/05/2011', 253, 376);
insert into Uplata (UplataID, Iznos, DatumUplate, KlijentID, DogadjajID) values (1060, 926.38, '12/09/2013', 191, 33);
insert into Uplata (UplataID, Iznos, DatumUplate, KlijentID, DogadjajID) values (1061, 61.23, '11/08/2012', 68, 178);
insert into Uplata (UplataID, Iznos, DatumUplate, KlijentID, DogadjajID) values (1062, 140.74, '23/12/2011', 259, 463);
insert into Uplata (UplataID, Iznos, DatumUplate, KlijentID, DogadjajID) values (1063, 984.36, '29/11/2018', 105, 301);
insert into Uplata (UplataID, Iznos, DatumUplate, KlijentID, DogadjajID) values (1064, 617.14, '22/03/2014', 247, 261);
insert into Uplata (UplataID, Iznos, DatumUplate, KlijentID, DogadjajID) values (1065, 419.29, '29/04/2014', 47, 507);
insert into Uplata (UplataID, Iznos, DatumUplate, KlijentID, DogadjajID) values (1066, 135.57, '13/05/2012', 59, 269);
insert into Uplata (UplataID, Iznos, DatumUplate, KlijentID, DogadjajID) values (1067, 343.35, '31/12/2018', 146, 459);
insert into Uplata (UplataID, Iznos, DatumUplate, KlijentID, DogadjajID) values (1068, 93.77, '21/06/2009', 116, 108);
insert into Uplata (UplataID, Iznos, DatumUplate, KlijentID, DogadjajID) values (1069, 121.44, '28/07/2012', 86, 183);
insert into Uplata (UplataID, Iznos, DatumUplate, KlijentID, DogadjajID) values (1070, 698.74, '30/05/2014', 299, 87);
insert into Uplata (UplataID, Iznos, DatumUplate, KlijentID, DogadjajID) values (1071, 554.89, '26/10/2013', 89, 285);
insert into Uplata (UplataID, Iznos, DatumUplate, KlijentID, DogadjajID) values (1072, 244.05, '26/08/2013', 109, 339);
insert into Uplata (UplataID, Iznos, DatumUplate, KlijentID, DogadjajID) values (1073, 658.77, '03/08/2015', 151, 469);
insert into Uplata (UplataID, Iznos, DatumUplate, KlijentID, DogadjajID) values (1074, 648.49, '21/04/2018', 271, 38);
insert into Uplata (UplataID, Iznos, DatumUplate, KlijentID, DogadjajID) values (1075, 213.35, '16/07/2011', 59, 668);
insert into Uplata (UplataID, Iznos, DatumUplate, KlijentID, DogadjajID) values (1076, 81.42, '20/06/2009', 227, 375);
insert into Uplata (UplataID, Iznos, DatumUplate, KlijentID, DogadjajID) values (1077, 998.03, '14/05/2017', 212, 679);
insert into Uplata (UplataID, Iznos, DatumUplate, KlijentID, DogadjajID) values (1078, 84.72, '16/09/2012', 272, 388);
insert into Uplata (UplataID, Iznos, DatumUplate, KlijentID, DogadjajID) values (1079, 748.99, '14/11/2014', 3, 460);
insert into Uplata (UplataID, Iznos, DatumUplate, KlijentID, DogadjajID) values (1080, 126.06, '12/06/2010', 151, 232);
insert into Uplata (UplataID, Iznos, DatumUplate, KlijentID, DogadjajID) values (1081, 400.65, '26/02/2013', 61, 3);
insert into Uplata (UplataID, Iznos, DatumUplate, KlijentID, DogadjajID) values (1082, 653.06, '08/12/2010', 68, 679);
insert into Uplata (UplataID, Iznos, DatumUplate, KlijentID, DogadjajID) values (1083, 744.28, '10/01/2013', 47, 376);
insert into Uplata (UplataID, Iznos, DatumUplate, KlijentID, DogadjajID) values (1084, 59.82, '11/04/2016', 46, 411);
insert into Uplata (UplataID, Iznos, DatumUplate, KlijentID, DogadjajID) values (1085, 302.5, '23/01/2011', 105, 647);
insert into Uplata (UplataID, Iznos, DatumUplate, KlijentID, DogadjajID) values (1086, 260.94, '27/04/2018', 289, 26);
insert into Uplata (UplataID, Iznos, DatumUplate, KlijentID, DogadjajID) values (1087, 539.06, '21/02/2012', 123, 417);
insert into Uplata (UplataID, Iznos, DatumUplate, KlijentID, DogadjajID) values (1088, 133.03, '10/07/2011', 14, 107);
insert into Uplata (UplataID, Iznos, DatumUplate, KlijentID, DogadjajID) values (1089, 928.57, '22/01/2010', 245, 555);
insert into Uplata (UplataID, Iznos, DatumUplate, KlijentID, DogadjajID) values (1090, 428.7, '26/10/2010', 185, 608);
insert into Uplata (UplataID, Iznos, DatumUplate, KlijentID, DogadjajID) values (1091, 855.24, '07/03/2009', 41, 286);
insert into Uplata (UplataID, Iznos, DatumUplate, KlijentID, DogadjajID) values (1092, 504.7, '16/12/2017', 108, 75);
insert into Uplata (UplataID, Iznos, DatumUplate, KlijentID, DogadjajID) values (1093, 683.97, '15/11/2014', 128, 634);
insert into Uplata (UplataID, Iznos, DatumUplate, KlijentID, DogadjajID) values (1094, 504.33, '12/05/2014', 160, 152);
insert into Uplata (UplataID, Iznos, DatumUplate, KlijentID, DogadjajID) values (1095, 693.99, '22/07/2017', 236, 327);
insert into Uplata (UplataID, Iznos, DatumUplate, KlijentID, DogadjajID) values (1096, 743.37, '13/07/2014', 33, 341);
insert into Uplata (UplataID, Iznos, DatumUplate, KlijentID, DogadjajID) values (1097, 572.31, '04/01/2011', 201, 547);
insert into Uplata (UplataID, Iznos, DatumUplate, KlijentID, DogadjajID) values (1098, 523.85, '19/05/2016', 89, 647);
insert into Uplata (UplataID, Iznos, DatumUplate, KlijentID, DogadjajID) values (1099, 803.73, '13/03/2014', 19, 654);
insert into Uplata (UplataID, Iznos, DatumUplate, KlijentID, DogadjajID) values (1100, 122.14, '09/02/2009', 71, 1);
insert into Uplata (UplataID, Iznos, DatumUplate, KlijentID, DogadjajID) values (1101, 205.18, '09/03/2009', 53, 150);
insert into Uplata (UplataID, Iznos, DatumUplate, KlijentID, DogadjajID) values (1102, 360.26, '02/05/2013', 158, 683);
insert into Uplata (UplataID, Iznos, DatumUplate, KlijentID, DogadjajID) values (1103, 499.78, '20/12/2009', 184, 6);
insert into Uplata (UplataID, Iznos, DatumUplate, KlijentID, DogadjajID) values (1104, 218.88, '04/09/2015', 281, 270);
insert into Uplata (UplataID, Iznos, DatumUplate, KlijentID, DogadjajID) values (1105, 544.15, '20/11/2015', 22, 435);
insert into Uplata (UplataID, Iznos, DatumUplate, KlijentID, DogadjajID) values (1106, 921.64, '31/05/2017', 91, 360);
insert into Uplata (UplataID, Iznos, DatumUplate, KlijentID, DogadjajID) values (1107, 162.25, '08/05/2017', 76, 166);
insert into Uplata (UplataID, Iznos, DatumUplate, KlijentID, DogadjajID) values (1108, 867.66, '07/06/2018', 220, 602);
insert into Uplata (UplataID, Iznos, DatumUplate, KlijentID, DogadjajID) values (1109, 120.37, '18/01/2013', 267, 672);
insert into Uplata (UplataID, Iznos, DatumUplate, KlijentID, DogadjajID) values (1110, 926.95, '01/08/2009', 275, 655);
insert into Uplata (UplataID, Iznos, DatumUplate, KlijentID, DogadjajID) values (1111, 512.57, '25/10/2016', 217, 17);
insert into Uplata (UplataID, Iznos, DatumUplate, KlijentID, DogadjajID) values (1112, 554.76, '10/03/2013', 51, 609);
insert into Uplata (UplataID, Iznos, DatumUplate, KlijentID, DogadjajID) values (1113, 403.25, '28/09/2018', 263, 260);
insert into Uplata (UplataID, Iznos, DatumUplate, KlijentID, DogadjajID) values (1114, 966.29, '09/12/2014', 198, 357);
insert into Uplata (UplataID, Iznos, DatumUplate, KlijentID, DogadjajID) values (1115, 666.87, '29/03/2016', 176, 489);
insert into Uplata (UplataID, Iznos, DatumUplate, KlijentID, DogadjajID) values (1116, 100.1, '14/07/2015', 149, 155);
insert into Uplata (UplataID, Iznos, DatumUplate, KlijentID, DogadjajID) values (1117, 903.78, '07/01/2018', 3, 571);
insert into Uplata (UplataID, Iznos, DatumUplate, KlijentID, DogadjajID) values (1118, 818.06, '24/01/2013', 133, 297);
insert into Uplata (UplataID, Iznos, DatumUplate, KlijentID, DogadjajID) values (1119, 102.49, '09/04/2014', 49, 581);
insert into Uplata (UplataID, Iznos, DatumUplate, KlijentID, DogadjajID) values (1120, 656.57, '25/01/2011', 244, 78);
insert into Uplata (UplataID, Iznos, DatumUplate, KlijentID, DogadjajID) values (1121, 739.45, '02/09/2013', 266, 142);
insert into Uplata (UplataID, Iznos, DatumUplate, KlijentID, DogadjajID) values (1122, 205.05, '18/02/2009', 278, 168);
insert into Uplata (UplataID, Iznos, DatumUplate, KlijentID, DogadjajID) values (1123, 344.18, '26/12/2010', 117, 593);
insert into Uplata (UplataID, Iznos, DatumUplate, KlijentID, DogadjajID) values (1124, 277.37, '27/05/2016', 107, 53);
insert into Uplata (UplataID, Iznos, DatumUplate, KlijentID, DogadjajID) values (1125, 793.8, '22/10/2018', 50, 242);
insert into Uplata (UplataID, Iznos, DatumUplate, KlijentID, DogadjajID) values (1126, 70.74, '29/10/2018', 78, 579);
insert into Uplata (UplataID, Iznos, DatumUplate, KlijentID, DogadjajID) values (1127, 640.87, '10/04/2011', 240, 399);
insert into Uplata (UplataID, Iznos, DatumUplate, KlijentID, DogadjajID) values (1128, 242.88, '29/03/2015', 216, 378);
insert into Uplata (UplataID, Iznos, DatumUplate, KlijentID, DogadjajID) values (1129, 485.13, '06/07/2015', 134, 150);
insert into Uplata (UplataID, Iznos, DatumUplate, KlijentID, DogadjajID) values (1130, 298.72, '04/06/2013', 166, 131);
insert into Uplata (UplataID, Iznos, DatumUplate, KlijentID, DogadjajID) values (1131, 891.57, '03/04/2018', 68, 294);
insert into Uplata (UplataID, Iznos, DatumUplate, KlijentID, DogadjajID) values (1132, 724.77, '11/06/2017', 153, 560);
insert into Uplata (UplataID, Iznos, DatumUplate, KlijentID, DogadjajID) values (1133, 656.54, '06/06/2013', 241, 449);
insert into Uplata (UplataID, Iznos, DatumUplate, KlijentID, DogadjajID) values (1134, 228.51, '14/08/2015', 223, 73);
insert into Uplata (UplataID, Iznos, DatumUplate, KlijentID, DogadjajID) values (1135, 707.27, '27/08/2016', 162, 607);
insert into Uplata (UplataID, Iznos, DatumUplate, KlijentID, DogadjajID) values (1136, 434.52, '14/07/2011', 203, 404);
insert into Uplata (UplataID, Iznos, DatumUplate, KlijentID, DogadjajID) values (1137, 267.44, '05/03/2013', 114, 365);
insert into Uplata (UplataID, Iznos, DatumUplate, KlijentID, DogadjajID) values (1138, 372.19, '02/05/2009', 238, 51);
insert into Uplata (UplataID, Iznos, DatumUplate, KlijentID, DogadjajID) values (1139, 493.93, '21/05/2009', 278, 138);
insert into Uplata (UplataID, Iznos, DatumUplate, KlijentID, DogadjajID) values (1140, 209.6, '17/07/2017', 29, 571);
insert into Uplata (UplataID, Iznos, DatumUplate, KlijentID, DogadjajID) values (1141, 731.19, '16/04/2015', 78, 639);
insert into Uplata (UplataID, Iznos, DatumUplate, KlijentID, DogadjajID) values (1142, 854.86, '11/11/2015', 69, 82);
insert into Uplata (UplataID, Iznos, DatumUplate, KlijentID, DogadjajID) values (1143, 553.69, '07/06/2013', 41, 365);
insert into Uplata (UplataID, Iznos, DatumUplate, KlijentID, DogadjajID) values (1144, 251.74, '07/05/2017', 171, 100);
insert into Uplata (UplataID, Iznos, DatumUplate, KlijentID, DogadjajID) values (1145, 903.6, '14/09/2010', 13, 484);
insert into Uplata (UplataID, Iznos, DatumUplate, KlijentID, DogadjajID) values (1146, 334.75, '24/02/2014', 254, 418);
insert into Uplata (UplataID, Iznos, DatumUplate, KlijentID, DogadjajID) values (1147, 149.25, '20/01/2010', 68, 391);
insert into Uplata (UplataID, Iznos, DatumUplate, KlijentID, DogadjajID) values (1148, 852.0, '24/06/2015', 126, 529);
insert into Uplata (UplataID, Iznos, DatumUplate, KlijentID, DogadjajID) values (1149, 484.59, '07/03/2013', 158, 550);
insert into Uplata (UplataID, Iznos, DatumUplate, KlijentID, DogadjajID) values (1150, 142.56, '08/12/2013', 220, 343);
insert into Uplata (UplataID, Iznos, DatumUplate, KlijentID, DogadjajID) values (1151, 593.29, '11/07/2012', 277, 51);
insert into Uplata (UplataID, Iznos, DatumUplate, KlijentID, DogadjajID) values (1152, 841.12, '27/02/2009', 213, 3);
insert into Uplata (UplataID, Iznos, DatumUplate, KlijentID, DogadjajID) values (1153, 98.04, '05/05/2017', 63, 110);
insert into Uplata (UplataID, Iznos, DatumUplate, KlijentID, DogadjajID) values (1154, 51.34, '15/01/2009', 112, 162);
insert into Uplata (UplataID, Iznos, DatumUplate, KlijentID, DogadjajID) values (1155, 953.68, '19/04/2018', 88, 442);
insert into Uplata (UplataID, Iznos, DatumUplate, KlijentID, DogadjajID) values (1156, 357.9, '30/06/2013', 71, 227);
insert into Uplata (UplataID, Iznos, DatumUplate, KlijentID, DogadjajID) values (1157, 549.87, '06/08/2013', 246, 246);
insert into Uplata (UplataID, Iznos, DatumUplate, KlijentID, DogadjajID) values (1158, 134.47, '23/07/2009', 83, 666);
insert into Uplata (UplataID, Iznos, DatumUplate, KlijentID, DogadjajID) values (1159, 643.28, '21/09/2017', 139, 273);
insert into Uplata (UplataID, Iznos, DatumUplate, KlijentID, DogadjajID) values (1160, 338.4, '19/06/2018', 112, 334);
insert into Uplata (UplataID, Iznos, DatumUplate, KlijentID, DogadjajID) values (1161, 458.28, '10/09/2015', 69, 68);
insert into Uplata (UplataID, Iznos, DatumUplate, KlijentID, DogadjajID) values (1162, 786.71, '12/01/2015', 276, 600);
insert into Uplata (UplataID, Iznos, DatumUplate, KlijentID, DogadjajID) values (1163, 564.28, '01/10/2018', 204, 127);
insert into Uplata (UplataID, Iznos, DatumUplate, KlijentID, DogadjajID) values (1164, 108.54, '24/01/2012', 291, 456);
insert into Uplata (UplataID, Iznos, DatumUplate, KlijentID, DogadjajID) values (1165, 85.9, '21/10/2013', 21, 682);
insert into Uplata (UplataID, Iznos, DatumUplate, KlijentID, DogadjajID) values (1166, 344.45, '15/01/2014', 116, 569);
insert into Uplata (UplataID, Iznos, DatumUplate, KlijentID, DogadjajID) values (1167, 248.55, '01/02/2017', 75, 470);
insert into Uplata (UplataID, Iznos, DatumUplate, KlijentID, DogadjajID) values (1168, 974.29, '02/06/2013', 132, 665);
insert into Uplata (UplataID, Iznos, DatumUplate, KlijentID, DogadjajID) values (1169, 711.29, '12/04/2009', 68, 274);
insert into Uplata (UplataID, Iznos, DatumUplate, KlijentID, DogadjajID) values (1170, 438.52, '26/03/2011', 150, 413);
insert into Uplata (UplataID, Iznos, DatumUplate, KlijentID, DogadjajID) values (1171, 71.3, '20/01/2013', 296, 380);
insert into Uplata (UplataID, Iznos, DatumUplate, KlijentID, DogadjajID) values (1172, 235.82, '24/10/2013', 270, 196);
insert into Uplata (UplataID, Iznos, DatumUplate, KlijentID, DogadjajID) values (1173, 250.37, '06/01/2015', 103, 511);
insert into Uplata (UplataID, Iznos, DatumUplate, KlijentID, DogadjajID) values (1174, 227.8, '09/01/2016', 167, 38);
insert into Uplata (UplataID, Iznos, DatumUplate, KlijentID, DogadjajID) values (1175, 543.6, '10/04/2015', 247, 225);
insert into Uplata (UplataID, Iznos, DatumUplate, KlijentID, DogadjajID) values (1176, 846.59, '27/09/2016', 176, 547);
insert into Uplata (UplataID, Iznos, DatumUplate, KlijentID, DogadjajID) values (1177, 537.1, '15/08/2010', 70, 491);
insert into Uplata (UplataID, Iznos, DatumUplate, KlijentID, DogadjajID) values (1178, 129.69, '07/03/2015', 56, 50);
insert into Uplata (UplataID, Iznos, DatumUplate, KlijentID, DogadjajID) values (1179, 948.09, '23/11/2014', 175, 270);
insert into Uplata (UplataID, Iznos, DatumUplate, KlijentID, DogadjajID) values (1180, 878.69, '27/07/2010', 9, 277);
insert into Uplata (UplataID, Iznos, DatumUplate, KlijentID, DogadjajID) values (1181, 847.96, '14/08/2014', 261, 458);
insert into Uplata (UplataID, Iznos, DatumUplate, KlijentID, DogadjajID) values (1182, 714.64, '25/06/2012', 269, 234);
insert into Uplata (UplataID, Iznos, DatumUplate, KlijentID, DogadjajID) values (1183, 725.92, '22/11/2013', 247, 64);
insert into Uplata (UplataID, Iznos, DatumUplate, KlijentID, DogadjajID) values (1184, 581.02, '13/11/2012', 37, 541);
insert into Uplata (UplataID, Iznos, DatumUplate, KlijentID, DogadjajID) values (1185, 50.24, '04/10/2010', 45, 7);
insert into Uplata (UplataID, Iznos, DatumUplate, KlijentID, DogadjajID) values (1186, 929.81, '07/03/2012', 187, 616);
insert into Uplata (UplataID, Iznos, DatumUplate, KlijentID, DogadjajID) values (1187, 340.05, '22/07/2009', 262, 429);
insert into Uplata (UplataID, Iznos, DatumUplate, KlijentID, DogadjajID) values (1188, 654.25, '08/06/2012', 226, 215);
insert into Uplata (UplataID, Iznos, DatumUplate, KlijentID, DogadjajID) values (1189, 577.57, '19/10/2012', 100, 97);
insert into Uplata (UplataID, Iznos, DatumUplate, KlijentID, DogadjajID) values (1190, 59.82, '06/07/2017', 261, 679);
insert into Uplata (UplataID, Iznos, DatumUplate, KlijentID, DogadjajID) values (1191, 932.36, '18/12/2009', 264, 229);
insert into Uplata (UplataID, Iznos, DatumUplate, KlijentID, DogadjajID) values (1192, 843.69, '21/04/2009', 277, 367);
insert into Uplata (UplataID, Iznos, DatumUplate, KlijentID, DogadjajID) values (1193, 440.63, '18/03/2009', 98, 435);
insert into Uplata (UplataID, Iznos, DatumUplate, KlijentID, DogadjajID) values (1194, 76.37, '27/07/2015', 157, 102);
insert into Uplata (UplataID, Iznos, DatumUplate, KlijentID, DogadjajID) values (1195, 897.98, '30/09/2017', 252, 326);
insert into Uplata (UplataID, Iznos, DatumUplate, KlijentID, DogadjajID) values (1196, 888.04, '16/01/2012', 30, 239);
insert into Uplata (UplataID, Iznos, DatumUplate, KlijentID, DogadjajID) values (1197, 131.43, '02/07/2013', 273, 326);
insert into Uplata (UplataID, Iznos, DatumUplate, KlijentID, DogadjajID) values (1198, 501.41, '03/01/2009', 157, 132);
insert into Uplata (UplataID, Iznos, DatumUplate, KlijentID, DogadjajID) values (1199, 167.14, '14/12/2010', 2, 219);
insert into Uplata (UplataID, Iznos, DatumUplate, KlijentID, DogadjajID) values (1200, 379.02, '26/12/2011', 37, 600);
insert into Uplata (UplataID, Iznos, DatumUplate, KlijentID, DogadjajID) values (1201, 220.04, '23/11/2014', 135, 110);
insert into Uplata (UplataID, Iznos, DatumUplate, KlijentID, DogadjajID) values (1202, 696.5, '05/03/2010', 167, 129);
insert into Uplata (UplataID, Iznos, DatumUplate, KlijentID, DogadjajID) values (1203, 893.32, '01/11/2009', 188, 545);
insert into Uplata (UplataID, Iznos, DatumUplate, KlijentID, DogadjajID) values (1204, 114.99, '08/10/2016', 266, 184);
insert into Uplata (UplataID, Iznos, DatumUplate, KlijentID, DogadjajID) values (1205, 521.6, '18/09/2012', 9, 396);
insert into Uplata (UplataID, Iznos, DatumUplate, KlijentID, DogadjajID) values (1206, 406.36, '11/12/2011', 217, 364);
insert into Uplata (UplataID, Iznos, DatumUplate, KlijentID, DogadjajID) values (1207, 220.21, '18/06/2016', 6, 257);
insert into Uplata (UplataID, Iznos, DatumUplate, KlijentID, DogadjajID) values (1208, 547.56, '26/12/2012', 193, 469);
insert into Uplata (UplataID, Iznos, DatumUplate, KlijentID, DogadjajID) values (1209, 785.63, '19/11/2015', 120, 99);
insert into Uplata (UplataID, Iznos, DatumUplate, KlijentID, DogadjajID) values (1210, 698.84, '22/07/2016', 171, 464);
insert into Uplata (UplataID, Iznos, DatumUplate, KlijentID, DogadjajID) values (1211, 768.93, '14/11/2013', 181, 354);
insert into Uplata (UplataID, Iznos, DatumUplate, KlijentID, DogadjajID) values (1212, 148.0, '10/05/2010', 229, 46);
insert into Uplata (UplataID, Iznos, DatumUplate, KlijentID, DogadjajID) values (1213, 535.23, '15/06/2014', 11, 38);
insert into Uplata (UplataID, Iznos, DatumUplate, KlijentID, DogadjajID) values (1214, 222.01, '22/08/2017', 273, 486);
insert into Uplata (UplataID, Iznos, DatumUplate, KlijentID, DogadjajID) values (1215, 493.95, '18/09/2013', 31, 108);
insert into Uplata (UplataID, Iznos, DatumUplate, KlijentID, DogadjajID) values (1216, 995.41, '30/09/2013', 97, 566);
insert into Uplata (UplataID, Iznos, DatumUplate, KlijentID, DogadjajID) values (1217, 891.06, '06/12/2017', 87, 688);
insert into Uplata (UplataID, Iznos, DatumUplate, KlijentID, DogadjajID) values (1218, 690.99, '28/11/2015', 19, 211);
insert into Uplata (UplataID, Iznos, DatumUplate, KlijentID, DogadjajID) values (1219, 749.13, '08/09/2009', 98, 110);
insert into Uplata (UplataID, Iznos, DatumUplate, KlijentID, DogadjajID) values (1220, 565.85, '12/08/2014', 266, 18);
insert into Uplata (UplataID, Iznos, DatumUplate, KlijentID, DogadjajID) values (1221, 833.0, '29/12/2011', 114, 171);
insert into Uplata (UplataID, Iznos, DatumUplate, KlijentID, DogadjajID) values (1222, 398.89, '12/05/2009', 88, 647);
insert into Uplata (UplataID, Iznos, DatumUplate, KlijentID, DogadjajID) values (1223, 390.47, '17/08/2016', 270, 402);
insert into Uplata (UplataID, Iznos, DatumUplate, KlijentID, DogadjajID) values (1224, 372.26, '09/03/2013', 3, 552);
insert into Uplata (UplataID, Iznos, DatumUplate, KlijentID, DogadjajID) values (1225, 177.92, '25/11/2017', 124, 376);
insert into Uplata (UplataID, Iznos, DatumUplate, KlijentID, DogadjajID) values (1226, 115.49, '23/01/2015', 202, 546);
insert into Uplata (UplataID, Iznos, DatumUplate, KlijentID, DogadjajID) values (1227, 905.16, '09/03/2013', 161, 352);
insert into Uplata (UplataID, Iznos, DatumUplate, KlijentID, DogadjajID) values (1228, 928.26, '20/01/2013', 108, 397);
insert into Uplata (UplataID, Iznos, DatumUplate, KlijentID, DogadjajID) values (1229, 938.6, '12/04/2015', 172, 563);
insert into Uplata (UplataID, Iznos, DatumUplate, KlijentID, DogadjajID) values (1230, 442.45, '13/04/2012', 251, 476);
insert into Uplata (UplataID, Iznos, DatumUplate, KlijentID, DogadjajID) values (1231, 242.33, '07/10/2018', 176, 646);
insert into Uplata (UplataID, Iznos, DatumUplate, KlijentID, DogadjajID) values (1232, 666.99, '06/09/2014', 46, 392);
insert into Uplata (UplataID, Iznos, DatumUplate, KlijentID, DogadjajID) values (1233, 645.68, '15/05/2011', 152, 56);
insert into Uplata (UplataID, Iznos, DatumUplate, KlijentID, DogadjajID) values (1234, 626.32, '01/02/2009', 191, 263);
insert into Uplata (UplataID, Iznos, DatumUplate, KlijentID, DogadjajID) values (1235, 355.77, '03/11/2016', 43, 231);
insert into Uplata (UplataID, Iznos, DatumUplate, KlijentID, DogadjajID) values (1236, 687.87, '19/08/2015', 271, 518);
insert into Uplata (UplataID, Iznos, DatumUplate, KlijentID, DogadjajID) values (1237, 61.3, '08/07/2010', 19, 129);
insert into Uplata (UplataID, Iznos, DatumUplate, KlijentID, DogadjajID) values (1238, 305.34, '30/10/2014', 105, 386);
insert into Uplata (UplataID, Iznos, DatumUplate, KlijentID, DogadjajID) values (1239, 915.21, '12/11/2016', 139, 652);
insert into Uplata (UplataID, Iznos, DatumUplate, KlijentID, DogadjajID) values (1240, 781.84, '11/02/2013', 202, 550);
insert into Uplata (UplataID, Iznos, DatumUplate, KlijentID, DogadjajID) values (1241, 204.35, '19/01/2012', 49, 20);
insert into Uplata (UplataID, Iznos, DatumUplate, KlijentID, DogadjajID) values (1242, 216.35, '19/01/2017', 2, 412);
insert into Uplata (UplataID, Iznos, DatumUplate, KlijentID, DogadjajID) values (1243, 321.27, '04/08/2017', 46, 303);
insert into Uplata (UplataID, Iznos, DatumUplate, KlijentID, DogadjajID) values (1244, 570.01, '27/01/2009', 237, 33);
insert into Uplata (UplataID, Iznos, DatumUplate, KlijentID, DogadjajID) values (1245, 448.85, '29/04/2018', 190, 431);
insert into Uplata (UplataID, Iznos, DatumUplate, KlijentID, DogadjajID) values (1246, 661.38, '08/03/2011', 198, 591);
insert into Uplata (UplataID, Iznos, DatumUplate, KlijentID, DogadjajID) values (1247, 397.97, '22/06/2018', 277, 394);
insert into Uplata (UplataID, Iznos, DatumUplate, KlijentID, DogadjajID) values (1248, 266.82, '13/11/2018', 19, 136);
insert into Uplata (UplataID, Iznos, DatumUplate, KlijentID, DogadjajID) values (1249, 448.71, '19/02/2015', 112, 7);
insert into Uplata (UplataID, Iznos, DatumUplate, KlijentID, DogadjajID) values (1250, 877.57, '05/01/2012', 161, 642);
insert into Uplata (UplataID, Iznos, DatumUplate, KlijentID, DogadjajID) values (1251, 685.5, '31/03/2010', 248, 129);
insert into Uplata (UplataID, Iznos, DatumUplate, KlijentID, DogadjajID) values (1252, 978.16, '20/01/2016', 202, 66);
insert into Uplata (UplataID, Iznos, DatumUplate, KlijentID, DogadjajID) values (1253, 145.57, '01/03/2014', 73, 286);
insert into Uplata (UplataID, Iznos, DatumUplate, KlijentID, DogadjajID) values (1254, 128.58, '27/07/2009', 246, 300);
insert into Uplata (UplataID, Iznos, DatumUplate, KlijentID, DogadjajID) values (1255, 707.75, '20/07/2009', 279, 202);
insert into Uplata (UplataID, Iznos, DatumUplate, KlijentID, DogadjajID) values (1256, 418.16, '17/01/2009', 155, 418);
insert into Uplata (UplataID, Iznos, DatumUplate, KlijentID, DogadjajID) values (1257, 489.35, '24/04/2010', 267, 357);
insert into Uplata (UplataID, Iznos, DatumUplate, KlijentID, DogadjajID) values (1258, 259.6, '28/05/2010', 275, 168);
insert into Uplata (UplataID, Iznos, DatumUplate, KlijentID, DogadjajID) values (1259, 557.07, '24/04/2018', 100, 491);
insert into Uplata (UplataID, Iznos, DatumUplate, KlijentID, DogadjajID) values (1260, 989.47, '23/05/2010', 168, 449);
insert into Uplata (UplataID, Iznos, DatumUplate, KlijentID, DogadjajID) values (1261, 133.05, '29/02/2016', 51, 308);
insert into Uplata (UplataID, Iznos, DatumUplate, KlijentID, DogadjajID) values (1262, 665.99, '22/04/2018', 279, 101);
insert into Uplata (UplataID, Iznos, DatumUplate, KlijentID, DogadjajID) values (1263, 135.26, '31/03/2014', 285, 142);
insert into Uplata (UplataID, Iznos, DatumUplate, KlijentID, DogadjajID) values (1264, 86.51, '10/05/2010', 5, 388);
insert into Uplata (UplataID, Iznos, DatumUplate, KlijentID, DogadjajID) values (1265, 931.76, '01/05/2012', 99, 451);
insert into Uplata (UplataID, Iznos, DatumUplate, KlijentID, DogadjajID) values (1266, 649.03, '11/05/2014', 296, 452);
insert into Uplata (UplataID, Iznos, DatumUplate, KlijentID, DogadjajID) values (1267, 486.01, '13/12/2015', 47, 60);
insert into Uplata (UplataID, Iznos, DatumUplate, KlijentID, DogadjajID) values (1268, 986.16, '13/02/2017', 5, 287);
insert into Uplata (UplataID, Iznos, DatumUplate, KlijentID, DogadjajID) values (1269, 990.78, '03/01/2015', 268, 112);
insert into Uplata (UplataID, Iznos, DatumUplate, KlijentID, DogadjajID) values (1270, 211.85, '08/05/2018', 158, 648);
insert into Uplata (UplataID, Iznos, DatumUplate, KlijentID, DogadjajID) values (1271, 366.15, '26/01/2013', 232, 433);
insert into Uplata (UplataID, Iznos, DatumUplate, KlijentID, DogadjajID) values (1272, 732.08, '08/07/2016', 291, 420);
insert into Uplata (UplataID, Iznos, DatumUplate, KlijentID, DogadjajID) values (1273, 203.27, '24/02/2010', 215, 166);
insert into Uplata (UplataID, Iznos, DatumUplate, KlijentID, DogadjajID) values (1274, 438.52, '24/05/2012', 178, 7);
insert into Uplata (UplataID, Iznos, DatumUplate, KlijentID, DogadjajID) values (1275, 114.54, '05/03/2015', 201, 454);
insert into Uplata (UplataID, Iznos, DatumUplate, KlijentID, DogadjajID) values (1276, 594.11, '23/02/2018', 71, 239);
insert into Uplata (UplataID, Iznos, DatumUplate, KlijentID, DogadjajID) values (1277, 232.77, '14/08/2015', 86, 183);
insert into Uplata (UplataID, Iznos, DatumUplate, KlijentID, DogadjajID) values (1278, 645.45, '28/01/2015', 60, 436);
insert into Uplata (UplataID, Iznos, DatumUplate, KlijentID, DogadjajID) values (1279, 848.37, '05/11/2013', 115, 368);
insert into Uplata (UplataID, Iznos, DatumUplate, KlijentID, DogadjajID) values (1280, 165.34, '22/10/2009', 6, 229);
insert into Uplata (UplataID, Iznos, DatumUplate, KlijentID, DogadjajID) values (1281, 219.79, '22/12/2018', 230, 413);
insert into Uplata (UplataID, Iznos, DatumUplate, KlijentID, DogadjajID) values (1282, 193.04, '07/08/2016', 105, 167);
insert into Uplata (UplataID, Iznos, DatumUplate, KlijentID, DogadjajID) values (1283, 354.1, '11/03/2013', 81, 587);
insert into Uplata (UplataID, Iznos, DatumUplate, KlijentID, DogadjajID) values (1284, 726.91, '30/03/2015', 75, 267);
insert into Uplata (UplataID, Iznos, DatumUplate, KlijentID, DogadjajID) values (1285, 207.71, '16/11/2009', 96, 413);
insert into Uplata (UplataID, Iznos, DatumUplate, KlijentID, DogadjajID) values (1286, 183.34, '23/03/2009', 136, 213);
insert into Uplata (UplataID, Iznos, DatumUplate, KlijentID, DogadjajID) values (1287, 582.41, '04/04/2012', 212, 145);
insert into Uplata (UplataID, Iznos, DatumUplate, KlijentID, DogadjajID) values (1288, 669.5, '14/11/2009', 11, 222);
insert into Uplata (UplataID, Iznos, DatumUplate, KlijentID, DogadjajID) values (1289, 791.9, '20/11/2012', 204, 128);
insert into Uplata (UplataID, Iznos, DatumUplate, KlijentID, DogadjajID) values (1290, 815.13, '16/04/2011', 97, 26);
insert into Uplata (UplataID, Iznos, DatumUplate, KlijentID, DogadjajID) values (1291, 572.17, '04/11/2011', 262, 207);
insert into Uplata (UplataID, Iznos, DatumUplate, KlijentID, DogadjajID) values (1292, 342.45, '06/06/2010', 272, 336);
insert into Uplata (UplataID, Iznos, DatumUplate, KlijentID, DogadjajID) values (1293, 209.36, '24/08/2011', 133, 328);
insert into Uplata (UplataID, Iznos, DatumUplate, KlijentID, DogadjajID) values (1294, 575.33, '19/02/2012', 185, 483);
insert into Uplata (UplataID, Iznos, DatumUplate, KlijentID, DogadjajID) values (1295, 853.66, '15/12/2012', 158, 296);
insert into Uplata (UplataID, Iznos, DatumUplate, KlijentID, DogadjajID) values (1296, 780.07, '18/12/2010', 14, 139);
insert into Uplata (UplataID, Iznos, DatumUplate, KlijentID, DogadjajID) values (1297, 63.92, '08/05/2011', 60, 142);
insert into Uplata (UplataID, Iznos, DatumUplate, KlijentID, DogadjajID) values (1298, 527.29, '29/01/2009', 178, 609);
insert into Uplata (UplataID, Iznos, DatumUplate, KlijentID, DogadjajID) values (1299, 762.92, '18/06/2016', 198, 579);
insert into Uplata (UplataID, Iznos, DatumUplate, KlijentID, DogadjajID) values (1300, 903.91, '05/05/2014', 277, 543);
insert into Uplata (UplataID, Iznos, DatumUplate, KlijentID, DogadjajID) values (1301, 669.74, '30/05/2011', 235, 298);
insert into Uplata (UplataID, Iznos, DatumUplate, KlijentID, DogadjajID) values (1302, 223.85, '27/02/2012', 17, 248);
insert into Uplata (UplataID, Iznos, DatumUplate, KlijentID, DogadjajID) values (1303, 802.35, '16/04/2015', 271, 302);
insert into Uplata (UplataID, Iznos, DatumUplate, KlijentID, DogadjajID) values (1304, 330.94, '02/11/2016', 113, 380);
insert into Uplata (UplataID, Iznos, DatumUplate, KlijentID, DogadjajID) values (1305, 268.08, '02/01/2014', 86, 176);
insert into Uplata (UplataID, Iznos, DatumUplate, KlijentID, DogadjajID) values (1306, 728.35, '29/10/2013', 161, 521);
insert into Uplata (UplataID, Iznos, DatumUplate, KlijentID, DogadjajID) values (1307, 163.55, '25/05/2012', 155, 502);
insert into Uplata (UplataID, Iznos, DatumUplate, KlijentID, DogadjajID) values (1308, 655.33, '02/09/2016', 108, 619);
insert into Uplata (UplataID, Iznos, DatumUplate, KlijentID, DogadjajID) values (1309, 74.25, '15/08/2017', 296, 153);
insert into Uplata (UplataID, Iznos, DatumUplate, KlijentID, DogadjajID) values (1310, 191.09, '02/01/2016', 207, 393);
insert into Uplata (UplataID, Iznos, DatumUplate, KlijentID, DogadjajID) values (1311, 501.56, '31/05/2018', 187, 204);
insert into Uplata (UplataID, Iznos, DatumUplate, KlijentID, DogadjajID) values (1312, 290.96, '09/03/2012', 46, 694);
insert into Uplata (UplataID, Iznos, DatumUplate, KlijentID, DogadjajID) values (1313, 707.64, '02/03/2012', 222, 459);
insert into Uplata (UplataID, Iznos, DatumUplate, KlijentID, DogadjajID) values (1314, 436.72, '06/07/2018', 133, 503);
insert into Uplata (UplataID, Iznos, DatumUplate, KlijentID, DogadjajID) values (1315, 160.12, '25/09/2012', 160, 430);
insert into Uplata (UplataID, Iznos, DatumUplate, KlijentID, DogadjajID) values (1316, 428.76, '28/01/2016', 19, 77);
insert into Uplata (UplataID, Iznos, DatumUplate, KlijentID, DogadjajID) values (1317, 327.06, '03/08/2015', 298, 392);
insert into Uplata (UplataID, Iznos, DatumUplate, KlijentID, DogadjajID) values (1318, 337.22, '15/08/2013', 81, 501);
insert into Uplata (UplataID, Iznos, DatumUplate, KlijentID, DogadjajID) values (1319, 276.99, '15/05/2012', 145, 565);
insert into Uplata (UplataID, Iznos, DatumUplate, KlijentID, DogadjajID) values (1320, 329.74, '20/05/2011', 198, 319);
insert into Uplata (UplataID, Iznos, DatumUplate, KlijentID, DogadjajID) values (1321, 995.21, '08/07/2016', 226, 462);
insert into Uplata (UplataID, Iznos, DatumUplate, KlijentID, DogadjajID) values (1322, 231.29, '16/05/2009', 210, 508);
insert into Uplata (UplataID, Iznos, DatumUplate, KlijentID, DogadjajID) values (1323, 441.81, '23/11/2009', 190, 100);
insert into Uplata (UplataID, Iznos, DatumUplate, KlijentID, DogadjajID) values (1324, 126.97, '16/10/2011', 300, 606);
insert into Uplata (UplataID, Iznos, DatumUplate, KlijentID, DogadjajID) values (1325, 168.77, '08/07/2010', 146, 223);
insert into Uplata (UplataID, Iznos, DatumUplate, KlijentID, DogadjajID) values (1326, 439.65, '20/02/2014', 253, 659);
insert into Uplata (UplataID, Iznos, DatumUplate, KlijentID, DogadjajID) values (1327, 512.51, '20/08/2011', 225, 59);
insert into Uplata (UplataID, Iznos, DatumUplate, KlijentID, DogadjajID) values (1328, 483.99, '24/07/2016', 223, 128);
insert into Uplata (UplataID, Iznos, DatumUplate, KlijentID, DogadjajID) values (1329, 910.74, '24/09/2010', 117, 520);
insert into Uplata (UplataID, Iznos, DatumUplate, KlijentID, DogadjajID) values (1330, 151.87, '18/03/2009', 155, 56);
insert into Uplata (UplataID, Iznos, DatumUplate, KlijentID, DogadjajID) values (1331, 634.99, '01/04/2015', 45, 399);
insert into Uplata (UplataID, Iznos, DatumUplate, KlijentID, DogadjajID) values (1332, 325.01, '21/03/2016', 259, 155);
insert into Uplata (UplataID, Iznos, DatumUplate, KlijentID, DogadjajID) values (1333, 690.2, '26/09/2016', 155, 356);
insert into Uplata (UplataID, Iznos, DatumUplate, KlijentID, DogadjajID) values (1334, 614.46, '07/07/2009', 164, 461);
insert into Uplata (UplataID, Iznos, DatumUplate, KlijentID, DogadjajID) values (1335, 128.36, '09/10/2016', 258, 590);
insert into Uplata (UplataID, Iznos, DatumUplate, KlijentID, DogadjajID) values (1336, 308.08, '21/07/2013', 229, 463);
insert into Uplata (UplataID, Iznos, DatumUplate, KlijentID, DogadjajID) values (1337, 298.2, '22/07/2015', 64, 601);
insert into Uplata (UplataID, Iznos, DatumUplate, KlijentID, DogadjajID) values (1338, 798.76, '08/07/2009', 48, 563);
insert into Uplata (UplataID, Iznos, DatumUplate, KlijentID, DogadjajID) values (1339, 925.52, '31/03/2013', 104, 553);
insert into Uplata (UplataID, Iznos, DatumUplate, KlijentID, DogadjajID) values (1340, 491.36, '29/09/2017', 266, 667);
insert into Uplata (UplataID, Iznos, DatumUplate, KlijentID, DogadjajID) values (1341, 665.49, '28/06/2009', 66, 397);
insert into Uplata (UplataID, Iznos, DatumUplate, KlijentID, DogadjajID) values (1342, 261.6, '08/04/2012', 228, 491);
insert into Uplata (UplataID, Iznos, DatumUplate, KlijentID, DogadjajID) values (1343, 779.99, '12/04/2014', 56, 156);
insert into Uplata (UplataID, Iznos, DatumUplate, KlijentID, DogadjajID) values (1344, 878.25, '08/10/2017', 196, 205);
insert into Uplata (UplataID, Iznos, DatumUplate, KlijentID, DogadjajID) values (1345, 281.54, '06/04/2016', 234, 330);
insert into Uplata (UplataID, Iznos, DatumUplate, KlijentID, DogadjajID) values (1346, 55.32, '15/11/2011', 139, 334);
insert into Uplata (UplataID, Iznos, DatumUplate, KlijentID, DogadjajID) values (1347, 123.64, '15/03/2018', 113, 128);
insert into Uplata (UplataID, Iznos, DatumUplate, KlijentID, DogadjajID) values (1348, 634.38, '06/11/2010', 108, 177);
insert into Uplata (UplataID, Iznos, DatumUplate, KlijentID, DogadjajID) values (1349, 540.55, '18/09/2013', 106, 683);
insert into Uplata (UplataID, Iznos, DatumUplate, KlijentID, DogadjajID) values (1350, 883.59, '05/12/2014', 134, 434);
insert into Uplata (UplataID, Iznos, DatumUplate, KlijentID, DogadjajID) values (1351, 294.22, '21/12/2018', 98, 627);
insert into Uplata (UplataID, Iznos, DatumUplate, KlijentID, DogadjajID) values (1352, 696.27, '17/01/2016', 244, 251);
insert into Uplata (UplataID, Iznos, DatumUplate, KlijentID, DogadjajID) values (1353, 450.44, '16/11/2013', 123, 564);
insert into Uplata (UplataID, Iznos, DatumUplate, KlijentID, DogadjajID) values (1354, 866.43, '17/09/2016', 273, 595);
insert into Uplata (UplataID, Iznos, DatumUplate, KlijentID, DogadjajID) values (1355, 52.71, '13/06/2017', 81, 225);
insert into Uplata (UplataID, Iznos, DatumUplate, KlijentID, DogadjajID) values (1356, 278.24, '25/06/2009', 300, 609);
insert into Uplata (UplataID, Iznos, DatumUplate, KlijentID, DogadjajID) values (1357, 194.36, '04/07/2017', 14, 623);
insert into Uplata (UplataID, Iznos, DatumUplate, KlijentID, DogadjajID) values (1358, 184.42, '13/08/2016', 86, 604);
insert into Uplata (UplataID, Iznos, DatumUplate, KlijentID, DogadjajID) values (1359, 990.69, '31/07/2009', 20, 344);
insert into Uplata (UplataID, Iznos, DatumUplate, KlijentID, DogadjajID) values (1360, 724.11, '17/12/2011', 74, 118);
insert into Uplata (UplataID, Iznos, DatumUplate, KlijentID, DogadjajID) values (1361, 425.0, '13/06/2011', 3, 640);
insert into Uplata (UplataID, Iznos, DatumUplate, KlijentID, DogadjajID) values (1362, 119.43, '11/05/2010', 219, 141);
insert into Uplata (UplataID, Iznos, DatumUplate, KlijentID, DogadjajID) values (1363, 708.85, '02/01/2018', 69, 626);
insert into Uplata (UplataID, Iznos, DatumUplate, KlijentID, DogadjajID) values (1364, 680.3, '01/06/2015', 137, 114);
insert into Uplata (UplataID, Iznos, DatumUplate, KlijentID, DogadjajID) values (1365, 954.0, '21/05/2018', 91, 102);
insert into Uplata (UplataID, Iznos, DatumUplate, KlijentID, DogadjajID) values (1366, 66.93, '07/10/2013', 103, 72);
insert into Uplata (UplataID, Iznos, DatumUplate, KlijentID, DogadjajID) values (1367, 677.21, '15/11/2016', 157, 591);
insert into Uplata (UplataID, Iznos, DatumUplate, KlijentID, DogadjajID) values (1368, 325.08, '22/08/2016', 234, 259);
insert into Uplata (UplataID, Iznos, DatumUplate, KlijentID, DogadjajID) values (1369, 435.12, '03/05/2016', 43, 250);
insert into Uplata (UplataID, Iznos, DatumUplate, KlijentID, DogadjajID) values (1370, 733.57, '16/05/2015', 44, 233);
insert into Uplata (UplataID, Iznos, DatumUplate, KlijentID, DogadjajID) values (1371, 296.92, '17/09/2012', 127, 623);
insert into Uplata (UplataID, Iznos, DatumUplate, KlijentID, DogadjajID) values (1372, 154.35, '13/11/2013', 199, 81);
insert into Uplata (UplataID, Iznos, DatumUplate, KlijentID, DogadjajID) values (1373, 188.29, '05/01/2018', 51, 330);
insert into Uplata (UplataID, Iznos, DatumUplate, KlijentID, DogadjajID) values (1374, 277.06, '20/03/2009', 122, 436);
insert into Uplata (UplataID, Iznos, DatumUplate, KlijentID, DogadjajID) values (1375, 285.01, '09/11/2009', 180, 691);
insert into Uplata (UplataID, Iznos, DatumUplate, KlijentID, DogadjajID) values (1376, 579.08, '25/04/2014', 19, 264);
insert into Uplata (UplataID, Iznos, DatumUplate, KlijentID, DogadjajID) values (1377, 517.95, '15/06/2011', 246, 201);
insert into Uplata (UplataID, Iznos, DatumUplate, KlijentID, DogadjajID) values (1378, 598.68, '22/10/2013', 150, 443);
insert into Uplata (UplataID, Iznos, DatumUplate, KlijentID, DogadjajID) values (1379, 97.82, '09/12/2011', 292, 332);
insert into Uplata (UplataID, Iznos, DatumUplate, KlijentID, DogadjajID) values (1380, 516.82, '11/06/2013', 114, 669);
insert into Uplata (UplataID, Iznos, DatumUplate, KlijentID, DogadjajID) values (1381, 125.62, '01/12/2010', 229, 608);
insert into Uplata (UplataID, Iznos, DatumUplate, KlijentID, DogadjajID) values (1382, 792.53, '12/04/2016', 224, 470);
insert into Uplata (UplataID, Iznos, DatumUplate, KlijentID, DogadjajID) values (1383, 664.81, '06/01/2018', 194, 643);
insert into Uplata (UplataID, Iznos, DatumUplate, KlijentID, DogadjajID) values (1384, 548.28, '20/07/2010', 19, 481);
insert into Uplata (UplataID, Iznos, DatumUplate, KlijentID, DogadjajID) values (1385, 318.11, '25/12/2012', 199, 490);
insert into Uplata (UplataID, Iznos, DatumUplate, KlijentID, DogadjajID) values (1386, 200.78, '18/02/2016', 36, 90);
insert into Uplata (UplataID, Iznos, DatumUplate, KlijentID, DogadjajID) values (1387, 962.51, '10/03/2010', 216, 111);
insert into Uplata (UplataID, Iznos, DatumUplate, KlijentID, DogadjajID) values (1388, 663.53, '22/07/2010', 237, 35);
insert into Uplata (UplataID, Iznos, DatumUplate, KlijentID, DogadjajID) values (1389, 948.17, '20/04/2014', 147, 612);
insert into Uplata (UplataID, Iznos, DatumUplate, KlijentID, DogadjajID) values (1390, 66.77, '04/01/2013', 279, 394);
insert into Uplata (UplataID, Iznos, DatumUplate, KlijentID, DogadjajID) values (1391, 658.18, '28/04/2017', 2, 683);
insert into Uplata (UplataID, Iznos, DatumUplate, KlijentID, DogadjajID) values (1392, 172.99, '22/01/2017', 100, 34);
insert into Uplata (UplataID, Iznos, DatumUplate, KlijentID, DogadjajID) values (1393, 377.51, '03/04/2013', 153, 573);
insert into Uplata (UplataID, Iznos, DatumUplate, KlijentID, DogadjajID) values (1394, 595.87, '30/06/2015', 73, 423);
insert into Uplata (UplataID, Iznos, DatumUplate, KlijentID, DogadjajID) values (1395, 636.88, '25/10/2016', 248, 580);
insert into Uplata (UplataID, Iznos, DatumUplate, KlijentID, DogadjajID) values (1396, 575.74, '29/10/2014', 191, 281);
insert into Uplata (UplataID, Iznos, DatumUplate, KlijentID, DogadjajID) values (1397, 532.16, '18/06/2010', 115, 461);
insert into Uplata (UplataID, Iznos, DatumUplate, KlijentID, DogadjajID) values (1398, 422.07, '09/05/2010', 256, 660);
insert into Uplata (UplataID, Iznos, DatumUplate, KlijentID, DogadjajID) values (1399, 843.55, '08/12/2014', 14, 197);
insert into Uplata (UplataID, Iznos, DatumUplate, KlijentID, DogadjajID) values (1400, 576.96, '10/08/2016', 199, 221);
insert into Uplata (UplataID, Iznos, DatumUplate, KlijentID, DogadjajID) values (1401, 577.21, '27/01/2012', 256, 308);
insert into Uplata (UplataID, Iznos, DatumUplate, KlijentID, DogadjajID) values (1402, 997.57, '13/04/2012', 79, 311);
insert into Uplata (UplataID, Iznos, DatumUplate, KlijentID, DogadjajID) values (1403, 707.97, '13/12/2013', 12, 655);
insert into Uplata (UplataID, Iznos, DatumUplate, KlijentID, DogadjajID) values (1404, 759.09, '09/03/2015', 45, 158);
insert into Uplata (UplataID, Iznos, DatumUplate, KlijentID, DogadjajID) values (1405, 267.39, '17/05/2016', 110, 692);
insert into Uplata (UplataID, Iznos, DatumUplate, KlijentID, DogadjajID) values (1406, 240.68, '29/07/2013', 97, 442);
insert into Uplata (UplataID, Iznos, DatumUplate, KlijentID, DogadjajID) values (1407, 214.16, '08/06/2010', 42, 498);
insert into Uplata (UplataID, Iznos, DatumUplate, KlijentID, DogadjajID) values (1408, 886.86, '26/10/2013', 232, 535);
insert into Uplata (UplataID, Iznos, DatumUplate, KlijentID, DogadjajID) values (1409, 958.88, '02/12/2012', 42, 237);
insert into Uplata (UplataID, Iznos, DatumUplate, KlijentID, DogadjajID) values (1410, 301.78, '13/07/2012', 226, 667);
insert into Uplata (UplataID, Iznos, DatumUplate, KlijentID, DogadjajID) values (1411, 181.03, '16/09/2011', 143, 579);
insert into Uplata (UplataID, Iznos, DatumUplate, KlijentID, DogadjajID) values (1412, 407.55, '19/10/2011', 12, 417);
insert into Uplata (UplataID, Iznos, DatumUplate, KlijentID, DogadjajID) values (1413, 565.11, '20/08/2018', 87, 476);
insert into Uplata (UplataID, Iznos, DatumUplate, KlijentID, DogadjajID) values (1414, 972.96, '28/01/2018', 88, 129);
insert into Uplata (UplataID, Iznos, DatumUplate, KlijentID, DogadjajID) values (1415, 689.27, '01/12/2014', 262, 683);
insert into Uplata (UplataID, Iznos, DatumUplate, KlijentID, DogadjajID) values (1416, 222.47, '06/07/2015', 188, 427);
insert into Uplata (UplataID, Iznos, DatumUplate, KlijentID, DogadjajID) values (1417, 883.18, '17/06/2013', 182, 519);
insert into Uplata (UplataID, Iznos, DatumUplate, KlijentID, DogadjajID) values (1418, 66.54, '24/08/2017', 292, 179);
insert into Uplata (UplataID, Iznos, DatumUplate, KlijentID, DogadjajID) values (1419, 692.33, '02/06/2018', 86, 195);
insert into Uplata (UplataID, Iznos, DatumUplate, KlijentID, DogadjajID) values (1420, 714.56, '26/05/2012', 278, 576);
insert into Uplata (UplataID, Iznos, DatumUplate, KlijentID, DogadjajID) values (1421, 133.85, '20/02/2010', 104, 564);
insert into Uplata (UplataID, Iznos, DatumUplate, KlijentID, DogadjajID) values (1422, 254.3, '10/01/2013', 109, 213);
insert into Uplata (UplataID, Iznos, DatumUplate, KlijentID, DogadjajID) values (1423, 436.49, '02/08/2014', 107, 398);
insert into Uplata (UplataID, Iznos, DatumUplate, KlijentID, DogadjajID) values (1424, 698.89, '24/04/2012', 123, 328);
insert into Uplata (UplataID, Iznos, DatumUplate, KlijentID, DogadjajID) values (1425, 984.39, '05/04/2010', 190, 691);
insert into Uplata (UplataID, Iznos, DatumUplate, KlijentID, DogadjajID) values (1426, 234.26, '08/12/2012', 214, 83);
insert into Uplata (UplataID, Iznos, DatumUplate, KlijentID, DogadjajID) values (1427, 981.27, '13/11/2011', 102, 406);
insert into Uplata (UplataID, Iznos, DatumUplate, KlijentID, DogadjajID) values (1428, 251.88, '21/03/2010', 224, 383);
insert into Uplata (UplataID, Iznos, DatumUplate, KlijentID, DogadjajID) values (1429, 494.98, '26/10/2013', 125, 76);
insert into Uplata (UplataID, Iznos, DatumUplate, KlijentID, DogadjajID) values (1430, 842.16, '18/07/2010', 247, 302);
insert into Uplata (UplataID, Iznos, DatumUplate, KlijentID, DogadjajID) values (1431, 506.62, '17/09/2013', 209, 209);
insert into Uplata (UplataID, Iznos, DatumUplate, KlijentID, DogadjajID) values (1432, 952.22, '29/06/2012', 189, 671);
insert into Uplata (UplataID, Iznos, DatumUplate, KlijentID, DogadjajID) values (1433, 893.74, '18/05/2015', 185, 389);
insert into Uplata (UplataID, Iznos, DatumUplate, KlijentID, DogadjajID) values (1434, 589.94, '29/12/2010', 83, 613);
insert into Uplata (UplataID, Iznos, DatumUplate, KlijentID, DogadjajID) values (1435, 102.11, '24/08/2011', 80, 604);
insert into Uplata (UplataID, Iznos, DatumUplate, KlijentID, DogadjajID) values (1436, 828.59, '10/04/2011', 83, 21);
insert into Uplata (UplataID, Iznos, DatumUplate, KlijentID, DogadjajID) values (1437, 465.08, '24/07/2015', 167, 114);
insert into Uplata (UplataID, Iznos, DatumUplate, KlijentID, DogadjajID) values (1438, 195.25, '03/04/2015', 228, 441);
insert into Uplata (UplataID, Iznos, DatumUplate, KlijentID, DogadjajID) values (1439, 680.02, '18/05/2018', 24, 502);
insert into Uplata (UplataID, Iznos, DatumUplate, KlijentID, DogadjajID) values (1440, 333.19, '25/06/2015', 281, 522);
insert into Uplata (UplataID, Iznos, DatumUplate, KlijentID, DogadjajID) values (1441, 921.8, '29/06/2016', 90, 489);
insert into Uplata (UplataID, Iznos, DatumUplate, KlijentID, DogadjajID) values (1442, 168.5, '03/11/2011', 110, 683);
insert into Uplata (UplataID, Iznos, DatumUplate, KlijentID, DogadjajID) values (1443, 783.68, '15/12/2016', 113, 610);
insert into Uplata (UplataID, Iznos, DatumUplate, KlijentID, DogadjajID) values (1444, 688.67, '15/05/2017', 128, 384);
insert into Uplata (UplataID, Iznos, DatumUplate, KlijentID, DogadjajID) values (1445, 523.25, '05/03/2010', 89, 272);
insert into Uplata (UplataID, Iznos, DatumUplate, KlijentID, DogadjajID) values (1446, 817.99, '05/01/2011', 99, 145);
insert into Uplata (UplataID, Iznos, DatumUplate, KlijentID, DogadjajID) values (1447, 477.09, '27/07/2012', 161, 255);
insert into Uplata (UplataID, Iznos, DatumUplate, KlijentID, DogadjajID) values (1448, 700.03, '01/06/2011', 280, 636);
insert into Uplata (UplataID, Iznos, DatumUplate, KlijentID, DogadjajID) values (1449, 489.96, '04/04/2009', 259, 401);
insert into Uplata (UplataID, Iznos, DatumUplate, KlijentID, DogadjajID) values (1450, 328.64, '15/02/2018', 100, 502);
insert into Uplata (UplataID, Iznos, DatumUplate, KlijentID, DogadjajID) values (1451, 186.64, '08/02/2018', 246, 469);
insert into Uplata (UplataID, Iznos, DatumUplate, KlijentID, DogadjajID) values (1452, 250.79, '20/04/2010', 50, 434);
insert into Uplata (UplataID, Iznos, DatumUplate, KlijentID, DogadjajID) values (1453, 538.13, '20/05/2013', 77, 206);
insert into Uplata (UplataID, Iznos, DatumUplate, KlijentID, DogadjajID) values (1454, 938.08, '18/06/2015', 23, 606);
insert into Uplata (UplataID, Iznos, DatumUplate, KlijentID, DogadjajID) values (1455, 343.68, '09/12/2010', 31, 341);
insert into Uplata (UplataID, Iznos, DatumUplate, KlijentID, DogadjajID) values (1456, 288.99, '10/04/2016', 270, 236);
insert into Uplata (UplataID, Iznos, DatumUplate, KlijentID, DogadjajID) values (1457, 888.09, '12/09/2015', 36, 604);
insert into Uplata (UplataID, Iznos, DatumUplate, KlijentID, DogadjajID) values (1458, 893.81, '22/11/2012', 141, 458);
insert into Uplata (UplataID, Iznos, DatumUplate, KlijentID, DogadjajID) values (1459, 818.77, '17/03/2018', 267, 334);
insert into Uplata (UplataID, Iznos, DatumUplate, KlijentID, DogadjajID) values (1460, 511.64, '21/08/2015', 278, 458);
insert into Uplata (UplataID, Iznos, DatumUplate, KlijentID, DogadjajID) values (1461, 387.98, '09/08/2015', 210, 58);
insert into Uplata (UplataID, Iznos, DatumUplate, KlijentID, DogadjajID) values (1462, 711.5, '24/05/2012', 279, 351);
insert into Uplata (UplataID, Iznos, DatumUplate, KlijentID, DogadjajID) values (1463, 370.15, '13/04/2012', 257, 434);
insert into Uplata (UplataID, Iznos, DatumUplate, KlijentID, DogadjajID) values (1464, 330.09, '25/01/2017', 264, 193);
insert into Uplata (UplataID, Iznos, DatumUplate, KlijentID, DogadjajID) values (1465, 840.88, '16/01/2017', 130, 268);
insert into Uplata (UplataID, Iznos, DatumUplate, KlijentID, DogadjajID) values (1466, 804.18, '15/08/2010', 290, 51);
insert into Uplata (UplataID, Iznos, DatumUplate, KlijentID, DogadjajID) values (1467, 183.97, '12/06/2015', 32, 129);
insert into Uplata (UplataID, Iznos, DatumUplate, KlijentID, DogadjajID) values (1468, 386.06, '23/10/2009', 209, 254);
insert into Uplata (UplataID, Iznos, DatumUplate, KlijentID, DogadjajID) values (1469, 567.08, '06/12/2010', 187, 103);
insert into Uplata (UplataID, Iznos, DatumUplate, KlijentID, DogadjajID) values (1470, 610.78, '15/12/2012', 116, 172);
insert into Uplata (UplataID, Iznos, DatumUplate, KlijentID, DogadjajID) values (1471, 800.42, '12/11/2012', 204, 116);
insert into Uplata (UplataID, Iznos, DatumUplate, KlijentID, DogadjajID) values (1472, 785.4, '20/11/2015', 243, 354);
insert into Uplata (UplataID, Iznos, DatumUplate, KlijentID, DogadjajID) values (1473, 387.03, '11/03/2012', 176, 643);
insert into Uplata (UplataID, Iznos, DatumUplate, KlijentID, DogadjajID) values (1474, 568.37, '25/03/2012', 202, 503);
insert into Uplata (UplataID, Iznos, DatumUplate, KlijentID, DogadjajID) values (1475, 758.19, '15/11/2011', 124, 568);
insert into Uplata (UplataID, Iznos, DatumUplate, KlijentID, DogadjajID) values (1476, 134.39, '19/04/2016', 202, 331);
insert into Uplata (UplataID, Iznos, DatumUplate, KlijentID, DogadjajID) values (1477, 689.58, '29/11/2011', 46, 603);
insert into Uplata (UplataID, Iznos, DatumUplate, KlijentID, DogadjajID) values (1478, 481.56, '18/03/2015', 75, 596);
insert into Uplata (UplataID, Iznos, DatumUplate, KlijentID, DogadjajID) values (1479, 188.27, '26/12/2013', 82, 462);
insert into Uplata (UplataID, Iznos, DatumUplate, KlijentID, DogadjajID) values (1480, 970.99, '30/10/2011', 246, 285);
insert into Uplata (UplataID, Iznos, DatumUplate, KlijentID, DogadjajID) values (1481, 475.96, '13/09/2011', 31, 152);
insert into Uplata (UplataID, Iznos, DatumUplate, KlijentID, DogadjajID) values (1482, 294.89, '10/12/2009', 239, 171);
insert into Uplata (UplataID, Iznos, DatumUplate, KlijentID, DogadjajID) values (1483, 837.79, '30/01/2012', 192, 137);
insert into Uplata (UplataID, Iznos, DatumUplate, KlijentID, DogadjajID) values (1484, 925.8, '13/05/2012', 294, 323);
insert into Uplata (UplataID, Iznos, DatumUplate, KlijentID, DogadjajID) values (1485, 568.63, '16/04/2010', 196, 190);
insert into Uplata (UplataID, Iznos, DatumUplate, KlijentID, DogadjajID) values (1486, 569.54, '20/10/2009', 132, 209);
insert into Uplata (UplataID, Iznos, DatumUplate, KlijentID, DogadjajID) values (1487, 969.72, '27/07/2015', 74, 242);
insert into Uplata (UplataID, Iznos, DatumUplate, KlijentID, DogadjajID) values (1488, 277.45, '29/11/2010', 96, 104);
insert into Uplata (UplataID, Iznos, DatumUplate, KlijentID, DogadjajID) values (1489, 587.17, '24/10/2017', 66, 184);
insert into Uplata (UplataID, Iznos, DatumUplate, KlijentID, DogadjajID) values (1490, 798.39, '26/11/2013', 112, 486);
insert into Uplata (UplataID, Iznos, DatumUplate, KlijentID, DogadjajID) values (1491, 242.86, '05/08/2017', 157, 311);
insert into Uplata (UplataID, Iznos, DatumUplate, KlijentID, DogadjajID) values (1492, 299.14, '05/01/2014', 133, 560);
insert into Uplata (UplataID, Iznos, DatumUplate, KlijentID, DogadjajID) values (1493, 518.19, '10/12/2017', 229, 185);
insert into Uplata (UplataID, Iznos, DatumUplate, KlijentID, DogadjajID) values (1494, 737.63, '17/01/2016', 30, 484);
insert into Uplata (UplataID, Iznos, DatumUplate, KlijentID, DogadjajID) values (1495, 752.68, '11/10/2014', 14, 585);
insert into Uplata (UplataID, Iznos, DatumUplate, KlijentID, DogadjajID) values (1496, 719.74, '16/11/2010', 208, 130);
insert into Uplata (UplataID, Iznos, DatumUplate, KlijentID, DogadjajID) values (1497, 410.45, '02/07/2013', 14, 78);
insert into Uplata (UplataID, Iznos, DatumUplate, KlijentID, DogadjajID) values (1498, 679.75, '02/05/2017', 232, 285);
insert into Uplata (UplataID, Iznos, DatumUplate, KlijentID, DogadjajID) values (1499, 906.46, '13/04/2009', 213, 55);
insert into Uplata (UplataID, Iznos, DatumUplate, KlijentID, DogadjajID) values (1500, 51.34, '02/07/2009', 207, 10);

select * from Uplata
